method,scan,crop_id,gt_label,best_pred_label,best_iou,intersection,gt_volume,pred_volume,recovered_iou050,recovered_iou075,centroid_error,relative_volume_error
BA-TOS-LS-AUTO,EFRGP01_00,crop02,3676,20,0.8760661952321936,12017,12211,13523,1,1,1.6070291048895131,0.10744410777168127
BA-TOS-LS-AUTO,EFRGP01_00,crop02,3689,16,0.8913964358749635,12205,12275,13622,1,1,1.2114747286433432,0.10973523421588595
BA-TOS-LS-AUTO,EFRGP01_00,crop02,3702,35,0.6985102312909397,12050,12176,17125,1,0,6.350249621806196,0.4064553219448095
BA-TOS-LS-AUTO,EFRGP01_00,crop02,3712,38,0.7522221541102189,12271,12461,16123,1,1,4.564059261294534,0.2938768959152556
BA-TOS-LS-AUTO,EFRGP01_00,crop02,3713,29,0.95595690747782,12068,12150,12542,1,1,0.08911379506002563,0.032263374485596706
BA-TOS-LS-AUTO,EFRGP01_00,crop02,3725,50,0.957621166003278,12270,12400,12683,1,1,0.01966180760093983,0.02282258064516129
BA-TOS-LS-AUTO,EFRGP01_00,crop02,3733,42,0.9556217657205582,12188,12288,12654,1,1,0.1568497782324836,0.02978515625
BA-TOS-LS-AUTO,EFRGP01_00,crop02,3740,53,0.5451634422948632,12258,12313,22430,1,0,7.765160407114718,0.8216519126126858
BA-TOS-LS-AUTO,EFRGP01_00,crop02,3756,59,0.9593996840442338,12146,12273,12533,1,1,0.0902941929181997,0.021184714413753768
BA-TOS-LS-AUTO,EFRGP01_00,crop02,3761,60,0.9522826518459706,11994,12084,12505,1,1,0.09708139828871365,0.03483945713339954
BA-TOS-LS-AUTO,EFRGP01_00,crop02,3765,63,0.9472605439495467,12016,12164,12537,1,1,0.04308777289015189,0.03066425517921736
BA-TOS-LS-AUTO,EFRGP01_00,crop02,3778,58,0.9549712666299299,12131,12202,12632,1,1,0.07326544905901634,0.03524012456974267
BA-TOS-LS-AUTO,EFRGP01_00,crop02,3780,61,0.9434962200919648,12106,12313,12624,1,1,0.08264251402267507,0.025257857548932023
BA-TOS-LS-AUTO,EFRGP01_00,crop02,3786,70,0.9526952695269527,12124,12224,12626,1,1,0.076705655639089,0.03288612565445026
BA-TOS-LS-AUTO,EFRGP01_00,crop02,3787,72,0.9552088185064431,12305,12379,12808,1,1,0.037851749640445416,0.034655464900234266
BA-TOS-LS-AUTO,EFRGP01_00,crop02,3788,67,0.9451610411678381,12237,12350,12834,1,1,0.0820235118154056,0.03919028340080972
BA-TOS-LS-AUTO,EFRGP01_00,crop02,3808,75,0.9432861366111717,12125,12273,12706,1,1,0.026004612422523176,0.03528069746598224
BA-TOS-LS-AUTO,EFRGP01_00,crop02,3817,77,0.9587985532316402,12194,12301,12611,1,1,0.07567154668269613,0.025201203154215104
BA-TOS-LS-AUTO,EFRGP01_00,crop02,3819,79,0.9617054875641532,12180,12255,12590,1,1,0.08204149216510272,0.02733578131374949
BA-TOS-LS-AUTO,EFRGP01_00,crop02,3828,82,0.9486266924564797,12261,12384,12802,1,1,0.094221279331988,0.03375322997416021
BA-TOS-LS-AUTO,EFRGP01_00,crop02,3836,89,0.9479683622828784,12225,12343,12778,1,1,0.07614859385265982,0.035242647654541034
BA-TOS-LS-AUTO,EFRGP01_00,crop02,3844,88,0.7061572613623087,12088,12211,16995,1,0,5.879812553020102,0.39177790516747196
BA-TOS-LS-AUTO,EFRGP01_00,crop02,3858,94,0.9577765477978968,12113,12277,12483,1,1,0.10945915598053549,0.016779343487822757
BA-TOS-LS-AUTO,EFRGP01_00,crop02,3859,106,0.9554807918003286,12212,12328,12665,1,1,0.054853404366529884,0.027336145360155745
BA-TOS-LS-AUTO,EFRGP01_00,crop02,3869,98,0.7212807130710139,12300,12369,16984,1,0,3.8460777108666764,0.3731101948419436
BA-TOS-LS-AUTO,EFRGP01_00,crop02,3870,100,0.9557980686189841,12174,12325,12586,1,1,0.0850202498376784,0.021176470588235293
BA-TOS-LS-AUTO,EFRGP01_00,crop02,3872,113,0.7397335280160613,12159,12202,16394,1,0,4.196032477625572,0.3435502376659564
BA-TOS-LS-AUTO,EFRGP01_00,crop02,3874,103,0.9506792219820932,12317,12492,12781,1,1,0.03896188902142339,0.02313480627601665
BA-TOS-LS-AUTO,EFRGP01_00,crop02,3884,116,0.7038454846006612,12135,12267,17109,1,0,4.802737268064065,0.3947175348495965
BA-TOS-LS-AUTO,EFRGP01_00,crop02,3888,117,0.9474925326206571,12054,12252,12524,1,1,0.06270126198579674,0.02220045706823376
BA-TOS-LS-AUTO,EFRGP01_00,crop02,3894,119,0.9513453448686404,11986,12151,12434,1,1,0.087724050656248,0.023290264175788
BA-TOS-LS-AUTO,EFRGP01_00,crop02,3902,122,0.9493890421757982,12043,12192,12536,1,1,0.09706642751588508,0.02821522309711286
BA-TOS-LS-AUTO,EFRGP01_00,crop02,3905,115,0.6399034424853065,12194,12340,18910,1,0,7.072193058058236,0.5324149108589952
BA-TOS-LS-AUTO,EFRGP01_00,crop02,3914,124,0.953009586672953,12128,12303,12551,1,1,0.06597882307708534,0.02015768511745103
BA-TOS-LS-AUTO,EFRGP01_00,crop02,3927,129,0.9557458957887224,12051,12184,12476,1,1,0.07479715347070962,0.02396585686145765
BA-TOS-LS-AUTO,EFRGP01_00,crop02,3935,128,0.9515318146111548,12113,12283,12560,1,1,0.05369004802043199,0.022551493934706505
BA-TOS-LS-AUTO,EFRGP01_00,crop02,3944,145,0.9513190954773869,12116,12231,12621,1,1,0.09230801294331141,0.031886190826588175
BA-TOS-LS-AUTO,EFRGP01_00,crop02,3959,150,0.9585455685291121,12232,12339,12654,1,1,0.051849552214868,0.025528811086797956
BA-TOS-LS-AUTO,EFRGP01_00,crop02,3965,152,0.9435281599148743,12414,12610,12961,1,1,0.0676326151918265,0.027835051546391754
BA-TOS-LS-AUTO,EFRGP01_00,crop02,3980,147,0.9555538197156694,12233,12317,12718,1,1,0.11727922616953307,0.03255662904928148
BA-TOS-LS-AUTO,EFRGP01_00,crop02,3982,162,0.9586250294973649,12187,12350,12550,1,1,0.0665683225499274,0.016194331983805668
BA-TOS-LS-AUTO,EFRGP01_00,crop02,3989,151,0.9594003241491086,11839,11921,12258,1,1,0.02671247557541509,0.02826944048318094
BA-TOS-LS-AUTO,EFRGP01_00,crop02,3992,160,0.9528750877740501,12213,12353,12677,1,1,0.061043682801738934,0.026228446531206994
BA-TOS-LS-AUTO,EFRGP01_00,crop02,3993,156,0.9496431092634716,12107,12252,12604,1,1,0.061128301113422615,0.0287300032647731
BA-TOS-LS-AUTO,EFRGP01_00,crop02,4016,165,0.9623131392604248,12231,12327,12614,1,1,0.043697176717218886,0.02328222600795003
BA-TOS-LS-AUTO,EFRGP01_00,crop02,4146,31,0.9525804157116889,12053,12161,12545,1,1,0.046576006792380595,0.03157635062906011
BA-TOS-LS-AUTO,EFRGP01_00,crop02,4178,167,0.9431580577712383,12179,12352,12740,1,1,0.09255932459728565,0.031411917098445596
BA-TOS-LS-AUTO,EFRGP01_00,crop02,5284,14,0.6241247940691927,12123,12202,19345,1,0,6.889227231972816,0.585395836748074
BA-TOS-LS-AUTO,EFRGP01_00,crop02,5299,34,0.4808760389175562,12208,12275,25320,0,0,8.033996303653202,1.0627291242362527
BA-TOS-LS-AUTO,EFRGP01_00,crop02,5302,27,0.7855295486874434,12149,12251,15364,1,1,3.083557287461828,0.25410170598318504
BA-TOS-LS-AUTO,EFRGP01_00,crop02,5307,28,0.626150170301459,12317,12352,19636,1,0,5.398762727104507,0.5897020725388601
BA-TOS-LS-AUTO,EFRGP01_00,crop02,5318,36,0.6586748744532642,12198,12316,18401,1,0,6.937254638779804,0.4940727508931471
BA-TOS-LS-AUTO,EFRGP01_00,crop02,5326,49,0.5894793135300695,12125,12210,20484,1,0,8.3095396095275,0.6776412776412777
BA-TOS-LS-AUTO,EFRGP01_00,crop02,5332,46,0.7420091324200914,12025,12116,16115,1,0,4.831258006090576,0.3300594255529878
BA-TOS-LS-AUTO,EFRGP01_00,crop02,5333,43,0.7028671737858396,12012,12116,16986,1,0,6.539150931306122,0.4019478375701552
BA-TOS-LS-AUTO,EFRGP01_00,crop02,5337,37,0.8804387040912043,12202,12252,13809,1,1,1.3262216988150213,0.1270812928501469
BA-TOS-LS-AUTO,EFRGP01_00,crop02,5341,47,0.9586905689789555,12300,12409,12721,1,1,0.10180211771255411,0.025143041340962204
BA-TOS-LS-AUTO,EFRGP01_00,crop02,5354,54,0.9627507163323782,12096,12187,12473,1,1,0.0660945932647564,0.023467629441207845
BA-TOS-LS-AUTO,EFRGP01_00,crop02,5355,56,0.9623204333150169,12259,12348,12650,1,1,0.05343946435561843,0.024457402008422415
BA-TOS-LS-AUTO,EFRGP01_00,crop02,5378,66,0.9546813532651456,12134,12283,12561,1,1,0.024491827862236824,0.02263290727021086
BA-TOS-LS-AUTO,EFRGP01_00,crop02,5386,62,0.9505655303329906,12018,12150,12511,1,1,0.054245703424332964,0.0297119341563786
BA-TOS-LS-AUTO,EFRGP01_00,crop02,5387,64,0.6127934153033229,12061,12142,19601,1,0,6.767284691118253,0.6143139515730522
BA-TOS-LS-AUTO,EFRGP01_00,crop02,5398,74,0.4430231708208464,12122,12210,27274,0,0,14.7852124014206,1.2337428337428338
BA-TOS-LS-AUTO,EFRGP01_00,crop02,5411,71,0.9490147012824522,12136,12261,12663,1,1,0.023510216974605848,0.03278688524590164
BA-TOS-LS-AUTO,EFRGP01_00,crop02,5413,76,0.9564670752789565,12172,12291,12607,1,1,0.0499803570225267,0.0257098690098446
BA-TOS-LS-AUTO,EFRGP01_00,crop02,5424,80,0.9608030592734226,12060,12226,12386,1,1,0.017949794953958605,0.013086864060199575
BA-TOS-LS-AUTO,EFRGP01_00,crop02,5429,83,0.7676913425345044,12237,12357,15820,1,1,4.384117180075563,0.2802460144047908
BA-TOS-LS-AUTO,EFRGP01_00,crop02,5434,86,0.9545166903970891,12067,12218,12491,1,1,0.07626115501670687,0.022344082501227696
BA-TOS-LS-AUTO,EFRGP01_00,crop02,5444,91,0.9582611434871633,12168,12235,12631,1,1,0.0461164883480394,0.03236616264814058
BA-TOS-LS-AUTO,EFRGP01_00,crop02,5464,101,0.9555573097568677,12105,12181,12592,1,1,0.09576811311530858,0.03374107216156309
BA-TOS-LS-AUTO,EFRGP01_00,crop02,5466,96,0.9502845399936769,12023,12133,12542,1,1,0.034228048180710326,0.03370971729992582
BA-TOS-LS-AUTO,EFRGP01_00,crop02,5471,97,0.8043027475375842,12412,12591,15253,1,1,2.6121018611877704,0.2114208561671035
BA-TOS-LS-AUTO,EFRGP01_00,crop02,5476,102,0.8648821812486652,12149,12292,13904,1,1,1.7348312510950008,0.13114220631304913
BA-TOS-LS-AUTO,EFRGP01_00,crop02,5480,111,0.9604140328697851,12155,12254,12557,1,1,0.03301957383151746,0.02472661987922311
BA-TOS-LS-AUTO,EFRGP01_00,crop02,5487,109,0.9667993630573248,12143,12205,12498,1,1,0.01836971370796874,0.02400655469070053
BA-TOS-LS-AUTO,EFRGP01_00,crop02,5488,104,0.9523063669825358,12160,12240,12689,1,1,0.08151657993272954,0.036683006535947714
BA-TOS-LS-AUTO,EFRGP01_00,crop02,5490,114,0.9496323238712738,12010,12212,12445,1,1,0.08639564079151521,0.019079593842122503
BA-TOS-LS-AUTO,EFRGP01_00,crop02,5493,112,0.6457586299170458,12066,12164,18587,1,0,6.705600017903268,0.5280335415981585
BA-TOS-LS-AUTO,EFRGP01_00,crop02,5523,118,0.9547828798627894,12247,12345,12729,1,1,0.11085894907719908,0.031105710814094776
BA-TOS-LS-AUTO,EFRGP01_00,crop02,5542,127,0.9576962687158361,12089,12227,12485,1,1,0.05474549733565504,0.021100842397971702
BA-TOS-LS-AUTO,EFRGP01_00,crop02,5544,126,0.949347420758235,12220,12376,12716,1,1,0.04318781936457348,0.027472527472527472
BA-TOS-LS-AUTO,EFRGP01_00,crop02,5546,134,0.9612031728579282,12239,12362,12610,1,1,0.058277058362466744,0.020061478725125384
BA-TOS-LS-AUTO,EFRGP01_00,crop02,5554,130,0.9508029768899334,12137,12304,12598,1,1,0.10290186245980788,0.023894668400520156
BA-TOS-LS-AUTO,EFRGP01_00,crop02,5560,135,0.9553944361257782,12123,12218,12594,1,1,0.07561152315077474,0.030774267474218367
BA-TOS-LS-AUTO,EFRGP01_00,crop02,5566,144,0.958307501549907,12366,12411,12859,1,1,0.07985788436848239,0.03609701071630006
BA-TOS-LS-AUTO,EFRGP01_00,crop02,5575,142,0.956173084557364,12043,12140,12498,1,1,0.07804135725566554,0.029489291598023066
BA-TOS-LS-AUTO,EFRGP01_00,crop02,5580,146,0.9565629442426157,12112,12247,12527,1,1,0.0965289194095892,0.022862741895974523
BA-TOS-LS-AUTO,EFRGP01_00,crop02,5582,137,0.9510741728085307,12130,12352,12532,1,1,0.053016519255661414,0.014572538860103627
BA-TOS-LS-AUTO,EFRGP01_00,crop02,5583,149,0.9693443543856833,12079,12132,12408,1,1,0.04781050380293922,0.02274975272007913
BA-TOS-LS-AUTO,EFRGP01_00,crop02,5590,153,0.9505546751188589,11996,12205,12411,1,1,0.11076280349576749,0.016878328553871363
BA-TOS-LS-AUTO,EFRGP01_00,crop02,5598,148,0.9571261226083561,12256,12346,12715,1,1,0.10916415550794503,0.02988822290620444
BA-TOS-LS-AUTO,EFRGP01_00,crop02,5604,159,0.7679817328428263,12108,12253,15621,1,1,4.3697412527400745,0.27487146005059987
BA-TOS-LS-AUTO,EFRGP01_00,crop02,5611,161,0.8941298240425847,12094,12239,13381,1,1,0.8559525971383739,0.09330827682000163
BA-TOS-LS-AUTO,EFRGP01_00,crop02,5622,158,0.8991815476190477,12085,12252,13273,1,1,0.9411723806751925,0.08333333333333333
BA-TOS-LS-AUTO,EFRGP01_00,crop02,5872,26,0.9368868288914639,12128,12232,12841,1,1,0.39659204786838703,0.04978744277305428
BA-TOS-LS-AUTO,EFRGP01_00,crop02,5878,40,0.9535745251044376,12098,12204,12581,1,1,0.08604158269570246,0.030891510980006556
BA-TOS-LS-AUTO,EFRGP01_00,crop02,5879,39,0.6162499360842665,12052,12132,19477,1,0,7.914490704457998,0.6054236729310913
BA-TOS-LS-AUTO,EFRGP01_00,crop02,5881,55,0.9532761739951231,12119,12263,12569,1,1,0.097439839815206,0.0249531109842616
BA-TOS-LS-AUTO,EFRGP01_00,crop02,5882,44,0.6488214575995666,11974,12057,18372,1,0,6.686773704404544,0.5237621298830555
BA-TOS-LS-AUTO,EFRGP01_00,crop02,5894,73,0.9541835778957227,12225,12356,12681,1,1,0.06616761240817692,0.026303010683068954
BA-TOS-LS-AUTO,EFRGP01_00,crop02,5897,69,0.9623301279504093,12109,12178,12514,1,1,0.036958799261289574,0.027590737395303006
BA-TOS-LS-AUTO,EFRGP01_00,crop02,5907,81,0.9590629436819688,12159,12251,12586,1,1,0.0764894164269024,0.027344706554566976
BA-TOS-LS-AUTO,EFRGP01_00,crop02,5909,90,0.9564289103273762,12095,12174,12567,1,1,0.08387856303050593,0.0322819122720552
BA-TOS-LS-AUTO,EFRGP01_00,crop02,5910,95,0.9551068883610452,12063,12179,12514,1,1,0.15083746892187863,0.027506363412431234
BA-TOS-LS-AUTO,EFRGP01_00,crop02,5917,107,0.9617628508356986,12199,12287,12596,1,1,0.054950527771500085,0.025148530967689427
BA-TOS-LS-AUTO,EFRGP01_00,crop02,5925,120,0.6452185131430415,12003,12097,18509,1,0,6.150796406460298,0.5300487724229148
BA-TOS-LS-AUTO,EFRGP01_00,crop02,5931,123,0.9496278887583235,12122,12250,12637,1,1,0.07441115941132685,0.03159183673469388
BA-TOS-LS-AUTO,EFRGP01_00,crop02,5932,125,0.955944055944056,12303,12427,12746,1,1,0.06282615631498516,0.02566991228776052
BA-TOS-LS-AUTO,EFRGP01_00,crop02,5938,138,0.9558163345672206,12136,12257,12576,1,1,0.07350046779067365,0.026025944358325854
BA-TOS-LS-AUTO,EFRGP01_00,crop02,5942,143,0.9526613095711671,11974,12158,12385,1,1,0.03055590127093152,0.018670834018753083
BA-TOS-LS-AUTO,EFRGP01_00,crop02,5944,155,0.9572608833809978,12050,12153,12485,1,1,0.06703036799892907,0.027318357607175183
BA-TOS-LS-AUTO,EFRGP01_00,crop02,5946,157,0.9552803848883982,12112,12219,12572,1,1,0.08209511122886684,0.028889434487273918
BA-TOS-LS-AUTO,EFRGP01_00,crop02,5949,169,0.9618706715430706,12361,12470,12742,1,1,0.08136060125937464,0.02181234963913392
BA-TOS-LS-AUTO,EFRGP01_00,crop02,5951,170,0.9536119260962652,12026,12162,12475,1,1,0.05564981515178725,0.025735898700871566
BA-TOS-LS-AUTO,EFRGP01_00,crop02,9763,230,0.9524601854052769,12021,12173,12469,1,1,0.0722064549570206,0.0243161094224924
BA-TOS-LS-AUTO,EFRGP01_00,crop02,9769,235,0.9714033255683188,12093,12155,12387,1,1,0.023417758518376856,0.019086795557383792
BA-TOS-LS-AUTO,EFRGP01_00,crop02,9771,236,0.8293526937169222,12223,12358,14603,1,1,2.9787073161274567,0.18166369962777149
BA-TOS-LS-AUTO,EFRGP01_00,crop02,9776,231,0.9535972079003728,12022,12161,12468,1,1,0.0858739814869858,0.025244634487295452
BA-TOS-LS-AUTO,EFRGP01_00,crop02,9777,234,0.9615987460815048,12270,12346,12684,1,1,0.03799210507170197,0.027377288190507047
BA-TOS-LS-AUTO,EFRGP01_00,crop02,9783,239,0.8618664802516602,12329,12402,14232,1,1,2.0275930781576954,0.14755684567005323
BA-TOS-LS-AUTO,EFRGP01_00,crop02,9804,250,0.884851106784916,12272,12340,13801,1,1,1.4320954985333103,0.11839546191247974
BA-TOS-LS-AUTO,EFRGP01_00,crop02,9817,260,0.9631500039453957,12206,12325,12554,1,1,0.03886161873183133,0.018580121703853956
BA-TOS-LS-AUTO,EFRGP01_00,crop02,9818,257,0.9549965381952458,12414,12534,12879,1,1,0.04188049991596821,0.02752513164193394
BA-TOS-LS-AUTO,EFRGP01_00,crop02,9822,259,0.6919517907122865,12114,12228,17393,1,0,6.256202115416621,0.4223912332351979
BA-TOS-LS-AUTO,EFRGP01_00,crop02,9842,264,0.9599682917162109,12110,12216,12509,1,1,0.043163173011014085,0.023984937786509494
BA-TOS-LS-AUTO,EFRGP01_00,crop02,9843,265,0.6008708991043594,12143,12215,20137,1,0,8.222613649908583,0.6485468686041752
BA-TOS-LS-AUTO,EFRGP01_00,crop02,9844,266,0.9605200945626478,12189,12269,12610,1,1,0.054047974154839154,0.027793626212405248
BA-TOS-LS-AUTO,EFRGP01_00,crop02,9852,269,0.9565525383707202,12153,12296,12562,1,1,0.08334837789614263,0.021633051398828887
BA-TOS-LS-AUTO,EFRGP01_00,crop02,9855,276,0.961553674551064,12155,12250,12546,1,1,0.048023292642772386,0.02416326530612245
BA-TOS-LS-AUTO,EFRGP01_00,crop02,9857,277,0.9487771112136595,12336,12475,12863,1,1,0.0414715776586611,0.031102204408817634
BA-TOS-LS-AUTO,EFRGP01_00,crop02,9873,272,0.9598635678591259,12101,12211,12497,1,1,0.049216981437514094,0.0234215052002293
BA-TOS-LS-AUTO,EFRGP01_00,crop02,9876,278,0.9519805092738133,12113,12254,12583,1,1,0.05050079282405395,0.02684837604047658
BA-TOS-LS-AUTO,EFRGP01_00,crop02,9882,282,0.96888711607499,12145,12214,12466,1,1,0.023105539756635478,0.020632061568691667
BA-TOS-LS-AUTO,EFRGP01_00,crop02,9889,281,0.9638620907796932,12189,12304,12531,1,1,0.0646135402522095,0.01844928478543563
BA-TOS-LS-AUTO,EFRGP01_00,crop02,9902,293,0.7697134888438134,12143,12279,15640,1,1,4.336691513928835,0.27371935825392946
BA-TOS-LS-AUTO,EFRGP01_00,crop02,9903,296,0.8138959475725558,12171,12286,14839,1,1,3.021983430767461,0.20779749308155623
BA-TOS-LS-AUTO,EFRGP01_00,crop02,9917,302,0.9589877835951134,12089,12221,12474,1,1,0.057265943850929195,0.020702070207020702
BA-TOS-LS-AUTO,EFRGP01_00,crop02,9925,315,0.9488667555485845,12099,12237,12613,1,1,0.06611072542852484,0.030726485249652692
BA-TOS-LS-AUTO,EFRGP01_00,crop02,9931,309,0.9604992889872017,12158,12259,12557,1,1,0.0882333324003737,0.02430867118035729
BA-TOS-LS-AUTO,EFRGP01_00,crop02,9938,310,0.9590652446675031,12230,12323,12659,1,1,0.05426119434869566,0.02726608780329465
BA-TOS-LS-AUTO,EFRGP01_00,crop02,9940,319,0.9602169981916817,12213,12341,12591,1,1,0.03524444010802763,0.020257677659833075
BA-TOS-LS-AUTO,EFRGP01_00,crop02,9948,311,0.7864465794055064,12197,12396,15310,1,1,3.7752918139434364,0.2350758309131978
BA-TOS-LS-AUTO,EFRGP01_00,crop02,9959,316,0.9649164868536722,12074,12146,12441,1,1,0.08901539085385009,0.024287831384818048
BA-TOS-LS-AUTO,EFRGP01_00,crop02,9962,321,0.8247883192212814,12371,12443,14927,1,1,2.835523081796137,0.19963031423290203
BA-TOS-LS-AUTO,EFRGP01_00,crop02,9967,324,0.9530646051905025,12082,12203,12556,1,1,0.03360200769089791,0.028927312955830533
BA-TOS-LS-AUTO,EFRGP01_00,crop02,9976,320,0.9590163934426229,12285,12404,12691,1,1,0.06176989914289086,0.023137697516930022
BA-TOS-LS-AUTO,EFRGP01_00,crop02,9978,323,0.9576740506329114,12105,12194,12551,1,1,0.03197457900023296,0.029276693455797934
BA-TOS-LS-AUTO,EFRGP01_00,crop02,9985,328,0.9592367736339983,12166,12271,12578,1,1,0.03903314659340022,0.025018335913943444
BA-TOS-LS-AUTO,EFRGP01_00,crop02,10004,341,0.9646353015472056,12220,12296,12592,1,1,0.04439756314201615,0.024072869225764477
BA-TOS-LS-AUTO,EFRGP01_00,crop02,10016,335,0.9573001663629882,12084,12226,12481,1,1,0.08781086936980124,0.02085718959594307
BA-TOS-LS-AUTO,EFRGP01_00,crop02,10017,342,0.633341935483871,12271,12311,19335,1,0,4.406657502323872,0.5705466655836244
BA-TOS-LS-AUTO,EFRGP01_00,crop02,10022,351,0.571286660359508,12077,12148,21069,1,0,8.745871356182462,0.7343595653605531
BA-TOS-LS-AUTO,EFRGP01_00,crop02,10038,362,0.6395029085140137,12093,12239,18764,1,0,7.133001427987392,0.5331317918130566
BA-TOS-LS-AUTO,EFRGP01_00,crop02,10040,359,0.5654126380424322,12339,12429,21733,1,0,4.389269840265726,0.7485718883256899
BA-TOS-LS-AUTO,EFRGP01_00,crop02,10042,361,0.9539748953974896,12312,12450,12768,1,1,0.049594190488951355,0.025542168674698794
BA-TOS-LS-AUTO,EFRGP01_00,crop02,10052,360,0.8503424657534246,12415,12627,14388,1,1,2.2300125312559076,0.13946305535756712
BA-TOS-LS-AUTO,EFRGP01_00,crop02,10062,369,0.6461530348573538,12253,12341,18875,1,0,6.036390818841774,0.5294546633173973
BA-TOS-LS-AUTO,EFRGP01_00,crop02,10071,365,0.9180105501130369,12182,12392,13060,1,1,0.7444013634919772,0.0539057456423499
BA-TOS-LS-AUTO,EFRGP01_00,crop02,10072,366,0.9146395728270543,12333,12443,13374,1,1,0.7676534402800884,0.07482118460178414
BA-TOS-LS-AUTO,EFRGP01_00,crop02,10085,376,0.5515678810947979,12172,12283,21957,1,0,10.59438914500369,0.7875926076691362
BA-TOS-LS-AUTO,EFRGP01_00,crop02,11507,173,0.8109764132296745,12309,12406,15081,1,1,2.655450372446311,0.21562147348057392
BA-TOS-LS-AUTO,EFRGP01_00,crop02,11516,178,0.958287336382274,12153,12272,12563,1,1,0.0910037440339035,0.02371251629726206
BA-TOS-LS-AUTO,EFRGP01_00,crop02,11527,176,0.9668132746901239,12090,12160,12435,1,1,0.03196123133415229,0.02261513157894737
BA-TOS-LS-AUTO,EFRGP01_00,crop02,11528,186,0.9419859265050821,12048,12245,12593,1,1,0.08421226591695338,0.028419763168640262
BA-TOS-LS-AUTO,EFRGP01_00,crop02,11529,179,0.9542644261255548,12039,12158,12497,1,1,0.10056538043014217,0.02788287547293963
BA-TOS-LS-AUTO,EFRGP01_00,crop02,11535,182,0.9587261348332409,12102,12206,12519,1,1,0.06707223254201874,0.02564312633131247
BA-TOS-LS-AUTO,EFRGP01_00,crop02,11549,196,0.9584750454797121,12118,12203,12558,1,1,0.08768024139483398,0.029091207080226174
BA-TOS-LS-AUTO,EFRGP01_00,crop02,11553,198,0.9250786827358563,12051,12124,12954,1,1,0.8152722042002299,0.06845925437149455
BA-TOS-LS-AUTO,EFRGP01_00,crop02,11554,203,0.960054002541296,12089,12230,12451,1,1,0.05188632930459342,0.018070318887980375
BA-TOS-LS-AUTO,EFRGP01_00,crop02,11569,202,0.763943661971831,12204,12361,15818,1,1,4.816546899768459,0.2796699296173449
BA-TOS-LS-AUTO,EFRGP01_00,crop02,11571,205,0.9442150370081808,12119,12305,12649,1,1,0.0665460555034113,0.027956115400243804
BA-TOS-LS-AUTO,EFRGP01_00,crop02,11584,208,0.9607595934126546,12193,12301,12583,1,1,0.038467459554333526,0.02292496544996342
BA-TOS-LS-AUTO,EFRGP01_00,crop02,11605,212,0.9560206961429916,12195,12343,12608,1,1,0.09285894442721436,0.02146965891598477
BA-TOS-LS-AUTO,EFRGP01_00,crop02,11612,215,0.8800964489259097,12045,12217,13514,1,1,1.1006695744884947,0.10616354260456741
BA-TOS-LS-AUTO,EFRGP01_00,crop02,11615,219,0.7920322350035744,12187,12297,15277,1,1,3.2185238404097714,0.24233552899081076
BA-TOS-LS-AUTO,EFRGP01_00,crop02,11619,216,0.9553169653430172,12101,12252,12516,1,1,0.07787948149206886,0.021547502448579822
BA-TOS-LS-AUTO,EFRGP01_00,crop02,11628,227,0.9652843978392119,12151,12251,12488,1,1,0.05556550687265686,0.019345359562484694
BA-TOS-LS-AUTO,EFRGP01_00,crop02,11636,228,0.948136645962733,12212,12380,12712,1,1,0.0385099155068015,0.026817447495961228
BA-TOS-LS-AUTO,EFRGP01_00,crop02,11863,233,0.952169510010127,12223,12376,12684,1,1,0.04898700922380656,0.024886877828054297
BA-TOS-LS-AUTO,EFRGP01_00,crop02,11866,242,0.9576465020900702,12142,12312,12509,1,1,0.045124763223985925,0.016000649772579596
BA-TOS-LS-AUTO,EFRGP01_00,crop02,11868,240,0.9558927035270196,12223,12348,12662,1,1,0.14998292770603813,0.025429219306770327
BA-TOS-LS-AUTO,EFRGP01_00,crop02,11870,237,0.9533370367431157,12013,12156,12458,1,1,0.1003229538260926,0.024843698585060876
BA-TOS-LS-AUTO,EFRGP01_00,crop02,11890,244,0.9580974842767296,12187,12313,12594,1,1,0.0641498330194979,0.02282140826768456
BA-TOS-LS-AUTO,EFRGP01_00,crop02,11891,251,0.957910471245378,12176,12324,12563,1,1,0.03377089526146075,0.019393054203180785
BA-TOS-LS-AUTO,EFRGP01_00,crop02,11892,249,0.9528585757271816,12350,12446,12865,1,1,0.04792188513982297,0.03366543467780813
BA-TOS-LS-AUTO,EFRGP01_00,crop02,11896,248,0.9637036453822534,12240,12323,12618,1,1,0.037769081997943196,0.02393897589872596
BA-TOS-LS-AUTO,EFRGP01_00,crop02,11897,247,0.9577210216110019,12187,12319,12593,1,1,0.07358738737845034,0.022242065102686906
BA-TOS-LS-AUTO,EFRGP01_00,crop02,11911,255,0.6951976102941176,12102,12194,17316,1,0,5.159435207126658,0.4200426439232409
BA-TOS-LS-AUTO,EFRGP01_00,crop02,11933,262,0.9571072707457574,12295,12360,12781,1,1,0.06844813157538926,0.034061488673139156
BA-TOS-LS-AUTO,EFRGP01_00,crop02,11941,267,0.8128571428571428,12518,12652,15266,1,1,3.927102720573955,0.20660765096427441
BA-TOS-LS-AUTO,EFRGP01_00,crop02,11948,274,0.966052299936988,12265,12349,12612,1,1,0.03538057699910868,0.02129727103409183
BA-TOS-LS-AUTO,EFRGP01_00,crop02,11953,271,0.9534626038781163,12047,12197,12485,1,1,0.11824195464084383,0.023612363695990818
BA-TOS-LS-AUTO,EFRGP01_00,crop02,11961,270,0.947620167803654,12085,12275,12563,1,1,0.028555742504898993,0.023462321792260692
BA-TOS-LS-AUTO,EFRGP01_00,crop02,11977,291,0.9556060131537739,12205,12321,12656,1,1,0.08687871655981004,0.02718935151367584
BA-TOS-LS-AUTO,EFRGP01_00,crop02,11979,290,0.9556534046233685,12154,12292,12580,1,1,0.042886342376426065,0.02342987308818744
BA-TOS-LS-AUTO,EFRGP01_00,crop02,11984,283,0.9524177949709864,12310,12397,12838,1,1,0.09749154368423177,0.03557312252964427
BA-TOS-LS-AUTO,EFRGP01_00,crop02,11988,294,0.9594350725774814,12228,12407,12566,1,1,0.049996371978227774,0.012815346175546062
BA-TOS-LS-AUTO,EFRGP01_00,crop02,11990,287,0.960234375,12291,12403,12688,1,1,0.04748559938105285,0.022978311698782554
BA-TOS-LS-AUTO,EFRGP01_00,crop02,11992,288,0.9492432349793609,12418,12550,12950,1,1,0.09963607743214974,0.03187250996015936
BA-TOS-LS-AUTO,EFRGP01_00,crop02,12002,289,0.9565217391304348,12254,12358,12707,1,1,0.10831258463556848,0.028240815665965365
BA-TOS-LS-AUTO,EFRGP01_00,crop02,12010,298,0.5736652135189613,12238,12358,21213,1,0,8.359964266330843,0.7165398931865997
BA-TOS-LS-AUTO,EFRGP01_00,crop02,12025,299,0.957198136302614,12121,12246,12538,1,1,0.04555417932216025,0.023844520659807283
BA-TOS-LS-AUTO,EFRGP01_00,crop02,12029,301,0.9508550300415961,12344,12525,12801,1,1,0.09062743173577906,0.022035928143712576
BA-TOS-LS-AUTO,EFRGP01_00,crop02,12037,308,0.6350927686693735,12357,12457,19357,1,0,7.746364467602965,0.553905434695352
BA-TOS-LS-AUTO,EFRGP01_00,crop02,12043,306,0.8334357294013244,12209,12335,14523,1,1,2.6334629755388073,0.17738143494122416
BA-TOS-LS-AUTO,EFRGP01_00,crop02,12073,318,0.9540638836179633,12067,12225,12490,1,1,0.09945980818580354,0.021676891615541923
BA-TOS-LS-AUTO,EFRGP01_00,crop02,12077,326,0.949666231872938,12377,12462,12948,1,1,0.062481792381171276,0.038998555609051515
BA-TOS-LS-AUTO,EFRGP01_00,crop02,12088,330,0.9631105900742477,12323,12402,12716,1,1,0.05119899586237562,0.025318497016610222
BA-TOS-LS-AUTO,EFRGP01_00,crop02,12090,329,0.957983852002822,12221,12323,12655,1,1,0.05388228505075029,0.026941491519922096
BA-TOS-LS-AUTO,EFRGP01_00,crop02,12106,336,0.9574685534591195,12179,12288,12611,1,1,0.07897533425208023,0.026285807291666668
BA-TOS-LS-AUTO,EFRGP01_00,crop02,12109,337,0.9486554489699638,12065,12250,12533,1,1,0.02444976701794239,0.02310204081632653
BA-TOS-LS-AUTO,EFRGP01_00,crop02,12113,339,0.9659584550983334,12230,12333,12558,1,1,0.07380569905881837,0.01824373631719776
BA-TOS-LS-AUTO,EFRGP01_00,crop02,12117,334,0.9524289145424963,12293,12470,12730,1,1,0.05962596911377868,0.020850040096230954
BA-TOS-LS-AUTO,EFRGP01_00,crop02,12122,343,0.9695983489442769,12215,12312,12501,1,1,0.019526205008130987,0.015350877192982455
BA-TOS-LS-AUTO,EFRGP01_00,crop02,12128,340,0.9592148660606549,11924,12038,12317,1,1,0.08267107812681924,0.02317660740986875
BA-TOS-LS-AUTO,EFRGP01_00,crop02,12133,348,0.9581905948302709,12307,12457,12694,1,1,0.044731975206238166,0.019025447539536004
BA-TOS-LS-AUTO,EFRGP01_00,crop02,12134,345,0.9569672131147541,12142,12261,12569,1,1,0.07886976906802359,0.025120300138651006
BA-TOS-LS-AUTO,EFRGP01_00,crop02,12153,352,0.9622922546252743,12275,12346,12685,1,1,0.05209662958311625,0.0274582860845618
BA-TOS-LS-AUTO,EFRGP01_00,crop02,12186,367,0.8530237126420653,12159,12269,14144,1,1,2.332307630660991,0.15282419105061537
BA-TOS-LS-AUTO,EFRGP01_00,crop02,12193,372,0.7549228646682553,12038,12133,15851,1,1,3.3215265905738782,0.30643699002719854
BA-TOS-LS-AUTO,EFRGP01_00,crop02,12224,379,0.8977833419250313,12191,12257,13513,1,1,1.064899475791315,0.1024720567838786
BA-TOS-LS-AUTO,EFRGP01_00,crop02,13731,166,0.9549102927289896,12135,12252,12591,1,1,0.08173718884147586,0.027668952007835455
BA-TOS-LS-AUTO,EFRGP01_00,crop02,13755,175,0.9553812014582342,12055,12203,12470,1,1,0.07433905888495519,0.021879865606817997
BA-TOS-LS-AUTO,EFRGP01_00,crop02,13767,183,0.9607672876539312,12171,12267,12572,1,1,0.09227208801198211,0.024863454797423985
BA-TOS-LS-AUTO,EFRGP01_00,crop02,13772,190,0.9566595356944775,12074,12193,12502,1,1,0.030775103096327062,0.025342409579266794
BA-TOS-LS-AUTO,EFRGP01_00,crop02,13773,177,0.9663825757575758,12246,12323,12595,1,1,0.04638021366915078,0.022072547269333765
BA-TOS-LS-AUTO,EFRGP01_00,crop02,13780,191,0.9618424203719965,12049,12150,12426,1,1,0.034313120281622644,0.02271604938271605
BA-TOS-LS-AUTO,EFRGP01_00,crop02,13781,192,0.9536439477412246,12117,12273,12550,1,1,0.09807340445547848,0.022569868817729977
BA-TOS-LS-AUTO,EFRGP01_00,crop02,13783,193,0.9634369287020109,12121,12222,12480,1,1,0.08046138820287824,0.02110947471772214
BA-TOS-LS-AUTO,EFRGP01_00,crop02,13786,185,0.956718192627824,12069,12170,12514,1,1,0.09164261844109874,0.02826622843056697
BA-TOS-LS-AUTO,EFRGP01_00,crop02,13788,189,0.9596824897830871,12211,12305,12630,1,1,0.023881920144317597,0.02641202763104429
BA-TOS-LS-AUTO,EFRGP01_00,crop02,13795,184,0.9569233219205351,12018,12171,12406,1,1,0.044599356180935426,0.019308191602990715
BA-TOS-LS-AUTO,EFRGP01_00,crop02,13796,187,0.947401377582968,12104,12271,12609,1,1,0.16449353855829302,0.027544617390595712
BA-TOS-LS-AUTO,EFRGP01_00,crop02,13797,197,0.5981142321172928,12116,12212,20161,1,0,8.689438698983064,0.6509171306911234
BA-TOS-LS-AUTO,EFRGP01_00,crop02,13800,188,0.9549349412884799,12036,12140,12500,1,1,0.03339349663876821,0.029654036243822075
BA-TOS-LS-AUTO,EFRGP01_00,crop02,13807,195,0.9599119635277472,12212,12307,12627,1,1,0.011957701413024848,0.026001462582270252
BA-TOS-LS-AUTO,EFRGP01_00,crop02,13825,210,0.7086343509671406,12163,12252,17075,1,0,3.6214080197108665,0.3936500163238655
BA-TOS-LS-AUTO,EFRGP01_00,crop02,13831,207,0.9623238879214817,12158,12230,12562,1,1,0.04129708539091806,0.02714636140637776
BA-TOS-LS-AUTO,EFRGP01_00,crop02,13832,206,0.42248639656188264,12190,12281,28762,0,0,8.80179677342575,1.3419916944874195
BA-TOS-LS-AUTO,EFRGP01_00,crop02,13835,211,0.9571133036282623,12029,12198,12399,1,1,0.06617228662915865,0.01647811116576488
BA-TOS-LS-AUTO,EFRGP01_00,crop02,13852,213,0.9521868631446935,12148,12293,12613,1,1,0.07016046050764826,0.02603107459529814
BA-TOS-LS-AUTO,EFRGP01_00,crop02,13870,218,0.9626197830046725,12155,12252,12530,1,1,0.07144934662062853,0.022690173032974208
BA-TOS-LS-AUTO,EFRGP01_00,crop02,13871,221,0.9552883859814553,12157,12294,12589,1,1,0.08401816085842344,0.02399544493248739
BA-TOS-LS-AUTO,EFRGP01_00,crop02,13872,214,0.9518243563418102,12052,12149,12565,1,1,0.0486992538132418,0.03424150135813647
BA-TOS-LS-AUTO,EFRGP01_00,crop02,13888,222,0.8088031194236996,12238,12397,14972,1,1,3.4063978905539174,0.20771154311526982
BA-TOS-LS-AUTO,EFRGP01_00,crop02,13899,226,0.9594594594594594,12141,12264,12531,1,1,0.05953894731684512,0.021771037181996085
BA-TOS-LS-AUTO,EFRGP01_00,crop02,13906,241,0.9602836879432625,12186,12320,12556,1,1,0.1055138603174555,0.019155844155844155
BA-TOS-LS-AUTO,EFRGP01_00,crop02,13910,243,0.9550994731461823,12146,12291,12572,1,1,0.05221564262509828,0.022862256935969407
BA-TOS-LS-AUTO,EFRGP01_00,crop02,13916,256,0.9594647776465959,12190,12297,12598,1,1,0.06150622725944347,0.024477514841018136
BA-TOS-LS-AUTO,EFRGP01_00,crop02,13920,268,0.9133248062598751,12139,12280,13150,1,1,0.8157966286294909,0.07084690553745929
BA-TOS-LS-AUTO,EFRGP01_00,crop02,13922,273,0.9520644354081952,12175,12337,12626,1,1,0.05116572816853716,0.023425468104077165
BA-TOS-LS-AUTO,EFRGP01_00,crop02,13924,263,0.9612689915767929,12211,12326,12588,1,1,0.05868903346519756,0.02125588187570988
BA-TOS-LS-AUTO,EFRGP01_00,crop02,13930,280,0.9536993216595677,12091,12214,12555,1,1,0.0408603766397758,0.027918781725888325
BA-TOS-LS-AUTO,EFRGP01_00,crop02,13939,286,0.9595999062280222,12280,12396,12681,1,1,0.11227440575491833,0.022991287512100677
BA-TOS-LS-AUTO,EFRGP01_00,crop02,13942,297,0.9609690444145357,12138,12248,12521,1,1,0.026251663535709298,0.0222893533638145
BA-TOS-LS-AUTO,EFRGP01_00,crop02,13944,300,0.9600409836065574,12181,12296,12573,1,1,0.07868976996902577,0.02252765126870527
BA-TOS-LS-AUTO,EFRGP01_00,crop02,13945,303,0.953948397185301,12201,12379,12612,1,1,0.1030525546944336,0.01882219888520882
BA-TOS-LS-AUTO,EFRGP01_00,crop02,13948,314,0.8544773482224892,12090,12228,14011,1,1,2.452972860509596,0.14581288845273144
BA-TOS-LS-AUTO,EFRGP01_00,crop02,13955,322,0.9563582229883256,12206,12320,12649,1,1,0.04949561019512652,0.026704545454545453
BA-TOS-LS-AUTO,EFRGP01_00,crop02,13956,327,0.9553077044771396,12077,12249,12470,1,1,0.06105559171310904,0.01804228916646257
BA-TOS-LS-AUTO,EFRGP01_00,crop02,13960,333,0.9550465838509317,12301,12393,12788,1,1,0.09374854596915871,0.03187283143710159
BA-TOS-LS-AUTO,EFRGP01_00,crop02,13962,338,0.9566795549593624,12124,12279,12518,1,1,0.045315874797423994,0.01946412574313869
BA-TOS-LS-AUTO,EFRGP01_00,crop02,13968,344,0.77185699237871,12457,12538,16058,1,1,4.460330935342213,0.2807465305471367
BA-TOS-LS-AUTO,EFRGP01_00,crop02,13977,371,0.8689959490740741,12013,12134,13703,1,1,1.7582046813722394,0.12930608208340202
BA-TOS-LS-AUTO,EFRGP01_00,crop02,13991,382,0.8725046014441455,12325,12452,13999,1,1,1.373429646590451,0.12423707035014456
BA-TOS-LS-AUTO,EFRGP01_01,crop02,3673,30,0.8543534153290251,12295,12533,14153,1,1,2.4141148920425417,0.12925875688183197
BA-TOS-LS-AUTO,EFRGP01_01,crop02,3676,38,0.7650037509377344,12237,12415,15818,1,1,3.4287825819213578,0.27410390656463957
BA-TOS-LS-AUTO,EFRGP01_01,crop02,3678,41,0.8674033149171271,12403,12624,14078,1,1,1.9056688475624217,0.11517743979721166
BA-TOS-LS-AUTO,EFRGP01_01,crop02,3683,44,0.574964639321075,12195,12382,21023,1,0,7.301465290544099,0.6978678727184623
BA-TOS-LS-AUTO,EFRGP01_01,crop02,3689,37,0.7778690077685846,12316,12473,15676,1,1,3.7820220509801143,0.25679467650124266
BA-TOS-LS-AUTO,EFRGP01_01,crop02,3702,49,0.5827100115074798,12153,12343,20666,1,0,9.864535347385248,0.6743093251235518
BA-TOS-LS-AUTO,EFRGP01_01,crop02,3712,53,0.6265974237564279,12307,12544,19404,1,0,8.123724894404479,0.546875
BA-TOS-LS-AUTO,EFRGP01_01,crop02,3713,46,0.9635203277655215,12229,12382,12539,1,1,0.036671573059819565,0.012679696333387174
BA-TOS-LS-AUTO,EFRGP01_01,crop02,3725,64,0.9632876712328767,12306,12505,12576,1,1,0.06906925687793451,0.005677728908436625
BA-TOS-LS-AUTO,EFRGP01_01,crop02,3733,60,0.9587138062904862,12284,12498,12599,1,1,0.10239751799179994,0.008081293006881101
BA-TOS-LS-AUTO,EFRGP01_01,crop02,3740,71,0.9561417199937569,12252,12450,12616,1,1,0.05459970856144322,0.013333333333333334
BA-TOS-LS-AUTO,EFRGP01_01,crop02,3756,80,0.9637749489234638,12265,12472,12519,1,1,0.02847569633929947,0.0037684413085311095
BA-TOS-LS-AUTO,EFRGP01_01,crop02,3761,76,0.9575628259838787,12117,12322,12449,1,1,0.04326100284251162,0.010306768381756209
BA-TOS-LS-AUTO,EFRGP01_01,crop02,3765,87,0.9543633650145315,12150,12365,12516,1,1,0.056527513235089824,0.012211888394662354
BA-TOS-LS-AUTO,EFRGP01_01,crop02,3778,75,0.8527196652719665,12228,12358,14210,1,1,2.5610086061687936,0.149862437287587
BA-TOS-LS-AUTO,EFRGP01_01,crop02,3780,78,0.9501900845682365,12247,12494,12642,1,1,0.05160052576459687,0.011845685929246038
BA-TOS-LS-AUTO,EFRGP01_01,crop02,3786,93,0.9546986440943648,12181,12365,12575,1,1,0.0846630380248135,0.016983420946219168
BA-TOS-LS-AUTO,EFRGP01_01,crop02,3787,96,0.9595013164008054,12391,12539,12766,1,1,0.04709768309505963,0.018103517026876147
BA-TOS-LS-AUTO,EFRGP01_01,crop02,3788,90,0.797786264483138,12325,12560,15214,1,1,3.5411849203837127,0.21130573248407644
BA-TOS-LS-AUTO,EFRGP01_01,crop02,3808,95,0.9467771924387977,12221,12484,12645,1,1,0.023796157347314748,0.012896507529637936
BA-TOS-LS-AUTO,EFRGP01_01,crop02,3817,98,0.9633636004737466,12201,12387,12479,1,1,0.04335309226962472,0.007427141357875192
BA-TOS-LS-AUTO,EFRGP01_01,crop02,3819,100,0.9684483164586767,12339,12531,12549,1,1,0.05713227594798607,0.0014364376346660283
BA-TOS-LS-AUTO,EFRGP01_01,crop02,3828,104,0.9544572891613003,12302,12509,12682,1,1,0.09220737814226773,0.013830042369493964
BA-TOS-LS-AUTO,EFRGP01_01,crop02,3836,110,0.9557584269662921,12249,12478,12587,1,1,0.08747462108610017,0.008735374258695304
BA-TOS-LS-AUTO,EFRGP01_01,crop02,3844,109,0.7785732549220148,12180,12387,15437,1,1,3.9974479881026146,0.24622588197303624
BA-TOS-LS-AUTO,EFRGP01_01,crop02,3858,116,0.9625984251968503,12225,12437,12488,1,1,0.05782878727114875,0.004100667363512101
BA-TOS-LS-AUTO,EFRGP01_01,crop02,3859,124,0.9607736099196755,12320,12522,12621,1,1,0.042440147892059805,0.007906085289889795
BA-TOS-LS-AUTO,EFRGP01_01,crop02,3869,119,0.5779829281870477,12459,12595,21420,1,0,6.790406123153813,0.7006748709805478
BA-TOS-LS-AUTO,EFRGP01_01,crop02,3870,122,0.9573142233992834,12290,12485,12643,1,1,0.04516409884760485,0.012655186223468161
BA-TOS-LS-AUTO,EFRGP01_01,crop02,3872,132,0.9164243644225751,12292,12420,13285,1,1,0.9184280266560789,0.06964573268921095
BA-TOS-LS-AUTO,EFRGP01_01,crop02,3874,123,0.9527431996311664,12399,12613,12800,1,1,0.07405856675919974,0.014825973202251645
BA-TOS-LS-AUTO,EFRGP01_01,crop02,3884,135,0.7523505192650403,12243,12427,16089,1,1,3.7667852383007845,0.2946809366701537
BA-TOS-LS-AUTO,EFRGP01_01,crop02,3888,137,0.9473890544143014,12083,12330,12507,1,1,0.04059170550196961,0.014355231143552312
BA-TOS-LS-AUTO,EFRGP01_01,crop02,3894,138,0.9555643564356435,12064,12286,12403,1,1,0.07982150891068247,0.009523034348038417
BA-TOS-LS-AUTO,EFRGP01_01,crop02,3902,143,0.9528914625557555,12177,12405,12551,1,1,0.07358906906429456,0.01176944780330512
BA-TOS-LS-AUTO,EFRGP01_01,crop02,3905,136,0.726261610365024,12276,12523,16656,1,0,4.188626077773744,0.33003273975884373
BA-TOS-LS-AUTO,EFRGP01_01,crop02,3914,147,0.954470909800859,12222,12456,12571,1,1,0.01585085461255551,0.009232498394348105
BA-TOS-LS-AUTO,EFRGP01_01,crop02,3927,152,0.958960545080019,12104,12336,12390,1,1,0.06225765448491513,0.004377431906614786
BA-TOS-LS-AUTO,EFRGP01_01,crop02,3935,149,0.955921568627451,12188,12408,12530,1,1,0.02809118726399578,0.009832366215344938
BA-TOS-LS-AUTO,EFRGP01_01,crop02,3944,166,0.9563164108618654,12150,12354,12501,1,1,0.09145292647516517,0.011898980087421079
BA-TOS-LS-AUTO,EFRGP01_01,crop02,3959,170,0.9657705532979056,12358,12512,12642,1,1,0.06152448250111508,0.01039002557544757
BA-TOS-LS-AUTO,EFRGP01_01,crop02,3965,172,0.9492528256087386,12514,12745,12952,1,1,0.03832151809363461,0.01624166339741075
BA-TOS-LS-AUTO,EFRGP01_01,crop02,3980,167,0.8867271941201902,12306,12489,13695,1,1,1.690444379918883,0.09656497717991833
BA-TOS-LS-AUTO,EFRGP01_01,crop02,3982,182,0.9625555815586239,12339,12522,12636,1,1,0.03489300622040186,0.009103977000479156
BA-TOS-LS-AUTO,EFRGP01_01,crop02,3989,171,0.9622336991607489,11924,12084,12232,1,1,0.043032292554901146,0.012247600132406488
BA-TOS-LS-AUTO,EFRGP01_01,crop02,3992,179,0.955793392275477,12324,12512,12706,1,1,0.014975169938810125,0.015505115089514066
BA-TOS-LS-AUTO,EFRGP01_01,crop02,3993,181,0.8499824991249563,12142,12343,14084,1,1,2.683935861885311,0.1410516081989792
BA-TOS-LS-AUTO,EFRGP01_01,crop02,4016,184,0.965686656788583,12383,12559,12647,1,1,0.05227028772291537,0.00700692730312923
BA-TOS-LS-AUTO,EFRGP01_01,crop02,4146,50,0.9539380600534507,12136,12369,12489,1,1,0.04812783039774354,0.009701673538685424
BA-TOS-LS-AUTO,EFRGP01_01,crop02,4178,187,0.9477629240398733,12265,12535,12671,1,1,0.11019944708973677,0.010849621061029118
BA-TOS-LS-AUTO,EFRGP01_01,crop02,5268,34,0.7440577249575552,12271,12408,16355,1,0,3.6687406374755036,0.31810122501611865
BA-TOS-LS-AUTO,EFRGP01_01,crop02,5277,33,0.5708381704202461,12293,12421,21407,1,0,7.7965880981978515,0.723452218017873
BA-TOS-LS-AUTO,EFRGP01_01,crop02,5284,32,0.6979326840936272,12255,12397,17417,1,0,5.949105408396217,0.4049366782286037
BA-TOS-LS-AUTO,EFRGP01_01,crop02,5299,51,0.689137112538397,12339,12457,17787,1,0,5.127831837554894,0.42787187926467046
BA-TOS-LS-AUTO,EFRGP01_01,crop02,5302,47,0.9602675059008655,12205,12430,12485,1,1,0.052839592136932075,0.004424778761061947
BA-TOS-LS-AUTO,EFRGP01_01,crop02,5307,45,0.6210800520989881,12398,12554,19806,1,0,8.493942264625423,0.5776644894057671
BA-TOS-LS-AUTO,EFRGP01_01,crop02,5318,54,0.953147990397274,12308,12529,12692,1,1,0.031325924562802955,0.013009817224040227
BA-TOS-LS-AUTO,EFRGP01_01,crop02,5326,63,0.6393888656341565,12220,12395,18937,1,0,9.4772814021322,0.527793465106898
BA-TOS-LS-AUTO,EFRGP01_01,crop02,5332,61,0.9629424778761062,12187,12361,12482,1,1,0.059425436169329764,0.009788852034625031
BA-TOS-LS-AUTO,EFRGP01_01,crop02,5333,65,0.9656406585540444,12141,12316,12398,1,1,0.02051119918987606,0.006658005846053913
BA-TOS-LS-AUTO,EFRGP01_01,crop02,5337,55,0.7833513238935805,12337,12482,15604,1,1,3.4242143587809553,0.2501201730491908
BA-TOS-LS-AUTO,EFRGP01_01,crop02,5341,62,0.9613148306070238,12400,12575,12724,1,1,0.04797101123605063,0.011848906560636183
BA-TOS-LS-AUTO,EFRGP01_01,crop02,5354,72,0.9655199683669434,12209,12383,12471,1,1,0.03491015920847083,0.007106516999111685
BA-TOS-LS-AUTO,EFRGP01_01,crop02,5355,74,0.9685794479962576,12423,12582,12667,1,1,0.030397737849346046,0.006755682721347958
BA-TOS-LS-AUTO,EFRGP01_01,crop02,5378,86,0.9587669196463501,12254,12439,12596,1,1,0.048958463184589046,0.012621593375673286
BA-TOS-LS-AUTO,EFRGP01_01,crop02,5386,79,0.9516675865331546,12070,12303,12450,1,1,0.050957961387960944,0.011948305291392344
BA-TOS-LS-AUTO,EFRGP01_01,crop02,5387,81,0.9585659249941033,12192,12399,12512,1,1,0.06721229913840585,0.00911363819662876
BA-TOS-LS-AUTO,EFRGP01_01,crop02,5398,92,0.551115700624074,12275,12456,22092,1,0,10.427962424610431,0.7736030828516378
BA-TOS-LS-AUTO,EFRGP01_01,crop02,5411,94,0.9503474119759544,12173,12408,12574,1,1,0.15656695968063689,0.01337846550612508
BA-TOS-LS-AUTO,EFRGP01_01,crop02,5413,97,0.960607721826298,12266,12464,12571,1,1,0.024069216650800692,0.008584724005134789
BA-TOS-LS-AUTO,EFRGP01_01,crop02,5424,101,0.9602596580113997,12130,12349,12413,1,1,0.05431639312305264,0.0051826058790185444
BA-TOS-LS-AUTO,EFRGP01_01,crop02,5429,102,0.733969010727056,12316,12524,16572,1,0,5.348264861949574,0.32321941871606513
BA-TOS-LS-AUTO,EFRGP01_01,crop02,5434,107,0.9562716671919319,12137,12321,12508,1,1,0.07505428746986788,0.015177339501663827
BA-TOS-LS-AUTO,EFRGP01_01,crop02,5444,112,0.96018496747394,12251,12431,12579,1,1,0.13541095438881945,0.011905719572037649
BA-TOS-LS-AUTO,EFRGP01_01,crop02,5451,114,0.898733255678509,12345,12545,13536,1,1,0.8703269651990203,0.07899561578318055
BA-TOS-LS-AUTO,EFRGP01_01,crop02,5464,120,0.9590144700821275,12261,12440,12606,1,1,0.04656355897893743,0.013344051446945338
BA-TOS-LS-AUTO,EFRGP01_01,crop02,5466,117,0.7928297221680005,12185,12381,15173,1,1,3.1947903017125756,0.2255068249737501
BA-TOS-LS-AUTO,EFRGP01_01,crop02,5476,121,0.8173594945128034,12289,12454,14870,1,1,2.774221866543149,0.1939938975429581
BA-TOS-LS-AUTO,EFRGP01_01,crop02,5480,130,0.963018333464474,12239,12417,12531,1,1,0.07502158838661178,0.009180961584923895
BA-TOS-LS-AUTO,EFRGP01_01,crop02,5487,129,0.9640191688270877,12271,12460,12540,1,1,0.037526878498480375,0.006420545746388443
BA-TOS-LS-AUTO,EFRGP01_01,crop02,5488,126,0.957395056885053,12202,12429,12518,1,1,0.07607860088112273,0.007160672620484351
BA-TOS-LS-AUTO,EFRGP01_01,crop02,5490,134,0.9513845185651353,12094,12349,12457,1,1,0.043594087942872395,0.008745647420843793
BA-TOS-LS-AUTO,EFRGP01_01,crop02,5493,131,0.955281358063502,12155,12335,12544,1,1,0.09452704778912586,0.01694365626266721
BA-TOS-LS-AUTO,EFRGP01_01,crop02,5523,139,0.9651390520955738,12320,12491,12594,1,1,0.09557214259240417,0.008245937074693779
BA-TOS-LS-AUTO,EFRGP01_01,crop02,5542,146,0.9569977159959046,12151,12401,12447,1,1,0.10906742572256399,0.0037093782759454884
BA-TOS-LS-AUTO,EFRGP01_01,crop02,5544,145,0.9545948463210183,12299,12547,12636,1,1,0.04405924233779866,0.007093329082649239
BA-TOS-LS-AUTO,EFRGP01_01,crop02,5546,155,0.9617814523048124,12331,12479,12673,1,1,0.06659645791674876,0.015546117477361968
BA-TOS-LS-AUTO,EFRGP01_01,crop02,5554,150,0.9518175449521289,12228,12422,12653,1,1,0.09635033352074235,0.018596039285139268
BA-TOS-LS-AUTO,EFRGP01_01,crop02,5560,157,0.9617145563624881,12183,12377,12474,1,1,0.08814937538699197,0.007837117233578411
BA-TOS-LS-AUTO,EFRGP01_01,crop02,5566,161,0.9582309582309583,12480,12624,12880,1,1,0.08027202100097185,0.020278833967046894
BA-TOS-LS-AUTO,EFRGP01_01,crop02,5575,164,0.9552935591074537,12073,12323,12388,1,1,0.022457559929998722,0.005274689604804025
BA-TOS-LS-AUTO,EFRGP01_01,crop02,5580,163,0.9548603004124835,12269,12499,12619,1,1,0.03872149960959115,0.009600768061444916
BA-TOS-LS-AUTO,EFRGP01_01,crop02,5582,156,0.9602303681220329,12338,12544,12643,1,1,0.09435019131183268,0.007892219387755101
BA-TOS-LS-AUTO,EFRGP01_01,crop02,5583,169,0.9709493620094696,12099,12265,12295,1,1,0.038426452478740394,0.0024459845087647777
BA-TOS-LS-AUTO,EFRGP01_01,crop02,5590,173,0.9547057440639448,12183,12424,12520,1,1,0.05245309541420275,0.0077269800386349004
BA-TOS-LS-AUTO,EFRGP01_01,crop02,5598,168,0.959615685049211,12285,12553,12534,1,1,0.04619211686281902,0.0015135824105791443
BA-TOS-LS-AUTO,EFRGP01_01,crop02,5604,178,0.9142771804062126,12244,12483,13153,1,1,0.6384889495638003,0.053672995273572055
BA-TOS-LS-AUTO,EFRGP01_01,crop02,5611,180,0.7401766676819982,12150,12378,16187,1,0,5.211088059535869,0.30772338019066087
BA-TOS-LS-AUTO,EFRGP01_01,crop02,5622,177,0.6854902403249464,12151,12416,17461,1,0,5.5376229848514615,0.40633054123711343
BA-TOS-LS-AUTO,EFRGP01_01,crop02,5872,42,0.8466291744775394,12194,12386,14211,1,1,2.389197684250704,0.1473437752300985
BA-TOS-LS-AUTO,EFRGP01_01,crop02,5878,59,0.9585296889726673,12204,12373,12563,1,1,0.034497237384883375,0.015356017134082276
BA-TOS-LS-AUTO,EFRGP01_01,crop02,5879,57,0.9592817200913601,12180,12328,12549,1,1,0.007189458637294732,0.017926670992861778
BA-TOS-LS-AUTO,EFRGP01_01,crop02,5881,73,0.9600406631216766,12277,12446,12619,1,1,0.07204377652351084,0.013900048208259682
BA-TOS-LS-AUTO,EFRGP01_01,crop02,5882,58,0.9582311525986869,12113,12306,12448,1,1,0.07944970868466955,0.011539086624410857
BA-TOS-LS-AUTO,EFRGP01_01,crop02,5894,91,0.9530315969257045,12276,12481,12676,1,1,0.02962535502347918,0.015623748097107603
BA-TOS-LS-AUTO,EFRGP01_01,crop02,5897,89,0.9616960907944514,12202,12372,12518,1,1,0.057059900458357085,0.011800840607824119
BA-TOS-LS-AUTO,EFRGP01_01,crop02,5907,103,0.9639171196722603,12235,12411,12517,1,1,0.0639481225741944,0.008540810571267423
BA-TOS-LS-AUTO,EFRGP01_01,crop02,5909,111,0.9625276112338277,12201,12378,12499,1,1,0.04039723487428138,0.009775407981903376
BA-TOS-LS-AUTO,EFRGP01_01,crop02,5910,115,0.9593643766305637,12135,12365,12419,1,1,0.032727380387302586,0.004367165386170643
BA-TOS-LS-AUTO,EFRGP01_01,crop02,5917,125,0.9615294393619517,12297,12491,12595,1,1,0.050011300598136355,0.008325994716195662
BA-TOS-LS-AUTO,EFRGP01_01,crop02,5925,140,0.6245946363308797,12134,12287,19274,1,0,6.851262682198843,0.5686497924635794
BA-TOS-LS-AUTO,EFRGP01_01,crop02,5931,144,0.9544460071886233,12215,12416,12597,1,1,0.08644472044251318,0.014577963917525773
BA-TOS-LS-AUTO,EFRGP01_01,crop02,5932,148,0.9545280269917951,12448,12641,12848,1,1,0.08140346790867117,0.016375286765287555
BA-TOS-LS-AUTO,EFRGP01_01,crop02,5938,159,0.9598333595346643,12211,12395,12538,1,1,0.04811600125008174,0.01153691004437273
BA-TOS-LS-AUTO,EFRGP01_01,crop02,5942,165,0.9548009182300324,12062,12288,12407,1,1,0.1086540332096253,0.009684244791666666
BA-TOS-LS-AUTO,EFRGP01_01,crop02,5944,175,0.9595759829127443,12130,12295,12476,1,1,0.12209160681595793,0.01472143147620984
BA-TOS-LS-AUTO,EFRGP01_01,crop02,5946,176,0.9574817946910971,12228,12411,12588,1,1,0.07759394328986895,0.014261542180323905
BA-TOS-LS-AUTO,EFRGP01_01,crop02,5949,189,0.9636222910216719,12450,12616,12754,1,1,0.038330217838489236,0.01093849080532657
BA-TOS-LS-AUTO,EFRGP01_01,crop02,5951,190,0.9561091340450771,12090,12309,12426,1,1,0.04559055273607421,0.00950524006824275
BA-TOS-LS-AUTO,EFRGP01_01,crop02,9763,250,0.9534626912762265,12088,12324,12442,1,1,0.046928189990832085,0.009574813372281726
BA-TOS-LS-AUTO,EFRGP01_01,crop02,9769,254,0.9754866618601298,12177,12320,12340,1,1,0.052806628384793476,0.0016233766233766235
BA-TOS-LS-AUTO,EFRGP01_01,crop02,9771,258,0.7911527284468841,12251,12436,15300,1,1,3.874731147202265,0.2302991315535542
BA-TOS-LS-AUTO,EFRGP01_01,crop02,9776,251,0.959791040050657,12126,12325,12435,1,1,0.06746738073695749,0.008924949290060852
BA-TOS-LS-AUTO,EFRGP01_01,crop02,9777,253,0.9650661862614553,12321,12473,12615,1,1,0.06420368570163013,0.011384590715946444
BA-TOS-LS-AUTO,EFRGP01_01,crop02,9783,259,0.9029394644935972,12410,12579,13575,1,1,1.177566607286527,0.0791795850226568
BA-TOS-LS-AUTO,EFRGP01_01,crop02,9804,273,0.8785220058492047,12316,12512,13823,1,1,1.6783006974839598,0.10477941176470588
BA-TOS-LS-AUTO,EFRGP01_01,crop02,9817,280,0.9674654816695762,12192,12356,12438,1,1,0.018832391714740496,0.0066364519261897055
BA-TOS-LS-AUTO,EFRGP01_01,crop02,9818,278,0.9600523399014779,12473,12652,12813,1,1,0.052704760584838695,0.012725260828327537
BA-TOS-LS-AUTO,EFRGP01_01,crop02,9822,279,0.730679576833423,12225,12408,16548,1,0,5.183373012702114,0.33365570599613154
BA-TOS-LS-AUTO,EFRGP01_01,crop02,9842,284,0.9607843137254902,12103,12330,12370,1,1,0.03590208891201892,0.0032441200324412004
BA-TOS-LS-AUTO,EFRGP01_01,crop02,9844,286,0.9613004308656482,12271,12404,12632,1,1,0.14405281537563971,0.018381167365366012
BA-TOS-LS-AUTO,EFRGP01_01,crop02,9852,289,0.9575099586034523,12259,12462,12600,1,1,0.04707224547362116,0.011073663938372653
BA-TOS-LS-AUTO,EFRGP01_01,crop02,9855,299,0.9622820168862937,12195,12405,12463,1,1,0.04823150118726122,0.004675534058847239
BA-TOS-LS-AUTO,EFRGP01_01,crop02,9857,295,0.9466555056692794,12440,12675,12906,1,1,0.08295293726717132,0.018224852071005916
BA-TOS-LS-AUTO,EFRGP01_01,crop02,9873,293,0.922884440400364,12171,12343,13016,1,1,0.7521554868141203,0.05452483188851981
BA-TOS-LS-AUTO,EFRGP01_01,crop02,9876,296,0.9484220442769665,12081,12422,12397,1,1,0.04550985855604823,0.0020125583641925618
BA-TOS-LS-AUTO,EFRGP01_01,crop02,9882,301,0.9717568214456678,12180,12363,12351,1,1,0.04678561095846184,0.000970638194612958
BA-TOS-LS-AUTO,EFRGP01_01,crop02,9889,302,0.9701480781348456,12317,12468,12545,1,1,0.04853376944153253,0.0061758100737889
BA-TOS-LS-AUTO,EFRGP01_01,crop02,9902,315,0.8037745774972053,12223,12448,14982,1,1,3.4251107091962445,0.20356683804627249
BA-TOS-LS-AUTO,EFRGP01_01,crop02,9917,325,0.9612096263457884,12142,12331,12443,1,1,0.06687666829423626,0.009082799448544319
BA-TOS-LS-AUTO,EFRGP01_01,crop02,9925,334,0.9508911199315122,12218,12450,12617,1,1,0.020879336015850247,0.013413654618473896
BA-TOS-LS-AUTO,EFRGP01_01,crop02,9931,329,0.9579719287178678,12149,12371,12460,1,1,0.021006857574160848,0.007194244604316547
BA-TOS-LS-AUTO,EFRGP01_01,crop02,9938,331,0.9628209142141515,12301,12433,12644,1,1,0.032049077398623255,0.016970964369017936
BA-TOS-LS-AUTO,EFRGP01_01,crop02,9940,339,0.9540721168790799,12277,12505,12640,1,1,0.08513264593658075,0.010795681727309077
BA-TOS-LS-AUTO,EFRGP01_01,crop02,9948,335,0.9509367321867321,12385,12610,12799,1,1,0.055676566958514175,0.014988104678826329
BA-TOS-LS-AUTO,EFRGP01_01,crop02,9959,336,0.9685378902818813,12129,12281,12371,1,1,0.07729857281465495,0.007328393453301848
BA-TOS-LS-AUTO,EFRGP01_01,crop02,9962,341,0.5699995432329968,12479,12591,21781,1,0,8.353119444969277,0.7298864268128028
BA-TOS-LS-AUTO,EFRGP01_01,crop02,9967,344,0.9506558400999375,12176,12423,12561,1,1,0.06178590215706558,0.011108427915962327
BA-TOS-LS-AUTO,EFRGP01_01,crop02,9976,340,0.9611362572186671,12316,12480,12650,1,1,0.07743875819586254,0.013621794871794872
BA-TOS-LS-AUTO,EFRGP01_01,crop02,9978,345,0.9588889765643493,12152,12320,12505,1,1,0.08153409568337985,0.015016233766233766
BA-TOS-LS-AUTO,EFRGP01_01,crop02,9985,348,0.9624664879356568,12206,12402,12486,1,1,0.09810777173231527,0.006773101112723754
BA-TOS-LS-AUTO,EFRGP01_01,crop02,10004,361,0.9609209804996476,12270,12410,12629,1,1,0.014594939819175179,0.01764705882352941
BA-TOS-LS-AUTO,EFRGP01_01,crop02,10016,355,0.9586065250019749,12135,12362,12432,1,1,0.0605380857016276,0.0056625141562853904
BA-TOS-LS-AUTO,EFRGP01_01,crop02,10022,372,0.38571879936808845,12208,12371,31487,0,0,11.084184906961008,1.5452267399563495
BA-TOS-LS-AUTO,EFRGP01_01,crop02,10038,380,0.7141262192972148,12153,12376,16795,1,0,5.273799260387468,0.35706205559146736
BA-TOS-LS-AUTO,EFRGP01_01,crop02,10040,375,0.5149533094738574,12518,12614,24213,1,0,5.511761163414735,0.9195338512763596
BA-TOS-LS-AUTO,EFRGP01_01,crop02,10042,379,0.7055536549207435,12374,12568,17344,1,0,4.863561066858239,0.38001273074474856
BA-TOS-LS-AUTO,EFRGP01_01,crop02,10052,377,0.9250369276218612,12525,12739,13326,1,1,0.6321227788900451,0.046078970091843946
BA-TOS-LS-AUTO,EFRGP01_01,crop02,10062,388,0.8078184441820806,12316,12474,15088,1,1,2.735799225530099,0.2095558762225429
BA-TOS-LS-AUTO,EFRGP01_01,crop02,11507,192,0.7687897295276082,12336,12524,15858,1,1,3.5501689494832727,0.26620887895241135
BA-TOS-LS-AUTO,EFRGP01_01,crop02,11516,196,0.9615202649424381,12194,12378,12498,1,1,0.05453541631727918,0.009694619486185167
BA-TOS-LS-AUTO,EFRGP01_01,crop02,11527,200,0.9704226468955673,12238,12395,12454,1,1,0.03895774400843672,0.004759983864461476
BA-TOS-LS-AUTO,EFRGP01_01,crop02,11528,206,0.8072064884988698,12142,12431,14753,1,1,3.4488889326214425,0.1867910867991312
BA-TOS-LS-AUTO,EFRGP01_01,crop02,11529,201,0.9536147424791306,12109,12338,12469,1,1,0.10665846015694405,0.010617604149781164
BA-TOS-LS-AUTO,EFRGP01_01,crop02,11535,198,0.955286152877273,12135,12329,12509,1,1,0.09318849911234155,0.01459972422743126
BA-TOS-LS-AUTO,EFRGP01_01,crop02,11549,219,0.9676654280970828,12240,12405,12484,1,1,0.028827162038579445,0.006368399838774688
BA-TOS-LS-AUTO,EFRGP01_01,crop02,11553,217,0.9504455213381272,12160,12343,12611,1,1,0.27771689353010687,0.02171271165842988
BA-TOS-LS-AUTO,EFRGP01_01,crop02,11554,222,0.6292307692307693,12270,12422,19348,1,0,8.545174555084161,0.5575591692159073
BA-TOS-LS-AUTO,EFRGP01_01,crop02,11569,221,0.8715218625780806,12278,12471,13895,1,1,1.8883267176403082,0.11418490898885414
BA-TOS-LS-AUTO,EFRGP01_01,crop02,11571,225,0.9462732919254658,12188,12452,12616,1,1,0.08311781799940716,0.013170575008030838
BA-TOS-LS-AUTO,EFRGP01_01,crop02,11584,231,0.957748674773932,12286,12501,12613,1,1,0.026365988512364488,0.008959283257339412
BA-TOS-LS-AUTO,EFRGP01_01,crop02,11605,236,0.9586357605556857,12283,12507,12589,1,1,0.039661516817611146,0.006556328456064604
BA-TOS-LS-AUTO,EFRGP01_01,crop02,11612,237,0.874801214399306,12102,12331,13605,1,1,1.2197703666400608,0.10331684372719163
BA-TOS-LS-AUTO,EFRGP01_01,crop02,11615,242,0.8425391591096455,12264,12438,14382,1,1,2.1702358824111747,0.15629522431259044
BA-TOS-LS-AUTO,EFRGP01_01,crop02,11619,238,0.9567775337307813,12197,12446,12499,1,1,0.10579161278825959,0.004258396271894584
BA-TOS-LS-AUTO,EFRGP01_01,crop02,11628,247,0.9638926280782326,12173,12373,12429,1,1,0.021132893908641915,0.004525983997413724
BA-TOS-LS-AUTO,EFRGP01_01,crop02,11636,248,0.9465742879137798,12296,12587,12699,1,1,0.02690455189379525,0.008898069436720425
BA-TOS-LS-AUTO,EFRGP01_01,crop02,11863,252,0.9594573522532356,12306,12503,12629,1,1,0.04744099445956289,0.010077581380468688
BA-TOS-LS-AUTO,EFRGP01_01,crop02,11866,262,0.953671875,12207,12508,12499,1,1,0.0528938654880646,0.000719539494723377
BA-TOS-LS-AUTO,EFRGP01_01,crop02,11868,260,0.9560834570602484,12235,12451,12581,1,1,0.08183528558339699,0.010440928439482772
BA-TOS-LS-AUTO,EFRGP01_01,crop02,11870,257,0.958432492463906,12082,12306,12382,1,1,0.021579966169386434,0.006175849179262148
BA-TOS-LS-AUTO,EFRGP01_01,crop02,11890,264,0.9578700078308535,12232,12448,12554,1,1,0.08387279129654687,0.00851542416452442
BA-TOS-LS-AUTO,EFRGP01_01,crop02,11891,270,0.960134448526538,12283,12493,12583,1,1,0.10131641247063052,0.007204034259185144
BA-TOS-LS-AUTO,EFRGP01_01,crop02,11892,269,0.9562972098042238,12407,12607,12774,1,1,0.07367410115979048,0.013246609026731181
BA-TOS-LS-AUTO,EFRGP01_01,crop02,11896,268,0.963671875,12335,12484,12651,1,1,0.036774686189282216,0.013377122717077859
BA-TOS-LS-AUTO,EFRGP01_01,crop02,11897,267,0.9582222918952814,12225,12469,12514,1,1,0.10695912384424566,0.0036089501964872883
BA-TOS-LS-AUTO,EFRGP01_01,crop02,11911,275,0.6495740149094782,12199,12383,18596,1,0,6.18636624821977,0.5017362513122829
BA-TOS-LS-AUTO,EFRGP01_01,crop02,11933,282,0.9602989257356376,12336,12525,12657,1,1,0.10948156392692474,0.010538922155688623
BA-TOS-LS-AUTO,EFRGP01_01,crop02,11948,292,0.9701281345806148,12341,12500,12562,1,1,0.030489428371445224,0.00496
BA-TOS-LS-AUTO,EFRGP01_01,crop02,11953,291,0.9563164108618654,12150,12337,12518,1,1,0.05562726007313949,0.014671313933695388
BA-TOS-LS-AUTO,EFRGP01_01,crop02,11961,290,0.9426528867821897,12131,12399,12601,1,1,0.10940451535692643,0.01629163642229212
BA-TOS-LS-AUTO,EFRGP01_01,crop02,11977,310,0.9559224359473562,12275,12509,12607,1,1,0.08934051506574216,0.00783435926133184
BA-TOS-LS-AUTO,EFRGP01_01,crop02,11979,309,0.955829840086943,12313,12527,12668,1,1,0.0505266438493525,0.0112556877145366
BA-TOS-LS-AUTO,EFRGP01_01,crop02,11984,303,0.9551799007444168,12318,12534,12680,1,1,0.023758565738034466,0.011648316578905377
BA-TOS-LS-AUTO,EFRGP01_01,crop02,11988,313,0.9552377991917936,12292,12518,12642,1,1,0.04952102282747169,0.009905735740533632
BA-TOS-LS-AUTO,EFRGP01_01,crop02,11990,306,0.9576422954138442,12299,12526,12616,1,1,0.0783277159801939,0.007185055085422321
BA-TOS-LS-AUTO,EFRGP01_01,crop02,11992,307,0.9542940543862345,12423,12645,12796,1,1,0.04090102336068005,0.011941478845393436
BA-TOS-LS-AUTO,EFRGP01_01,crop02,12002,308,0.9623039100913136,12330,12528,12615,1,1,0.07689222226968336,0.006944444444444444
BA-TOS-LS-AUTO,EFRGP01_01,crop02,12010,318,0.5455266987080559,12372,12492,22559,1,0,9.26467434953182,0.8058757604867115
BA-TOS-LS-AUTO,EFRGP01_01,crop02,12025,319,0.9611665749547992,12227,12409,12539,1,1,0.03344240953361057,0.01047626722540092
BA-TOS-LS-AUTO,EFRGP01_01,crop02,12029,321,0.9488888888888889,12383,12653,12780,1,1,0.049119135369702124,0.010037145341025844
BA-TOS-LS-AUTO,EFRGP01_01,crop02,12037,326,0.9590411915289737,12363,12564,12690,1,1,0.05275681144130369,0.01002865329512894
BA-TOS-LS-AUTO,EFRGP01_01,crop02,12043,327,0.8047186458401412,12313,12537,15077,1,1,3.387360391793431,0.20260030310281565
BA-TOS-LS-AUTO,EFRGP01_01,crop02,12073,338,0.954941518172541,12165,12379,12525,1,1,0.07760210628969133,0.011794167541804668
BA-TOS-LS-AUTO,EFRGP01_01,crop02,12077,346,0.9534901540111869,12444,12652,12843,1,1,0.01630547888346944,0.015096427442301613
BA-TOS-LS-AUTO,EFRGP01_01,crop02,12088,350,0.9664534248712747,12388,12530,12676,1,1,0.03642394133956773,0.011652035115722267
BA-TOS-LS-AUTO,EFRGP01_01,crop02,12090,349,0.9571772752001243,12316,12480,12703,1,1,0.006539067250978473,0.017868589743589743
BA-TOS-LS-AUTO,EFRGP01_01,crop02,12106,356,0.9552472764323223,12188,12378,12569,1,1,0.09833037451269017,0.015430602682178059
BA-TOS-LS-AUTO,EFRGP01_01,crop02,12109,357,0.9451424112368318,12112,12387,12540,1,1,0.08053712402999161,0.012351658997335917
BA-TOS-LS-AUTO,EFRGP01_01,crop02,12113,359,0.9651666798014028,12247,12394,12542,1,1,0.09914124220095132,0.0119412619009198
BA-TOS-LS-AUTO,EFRGP01_01,crop02,12117,354,0.948564867967853,12393,12634,12824,1,1,0.13853084602287508,0.015038784233022004
BA-TOS-LS-AUTO,EFRGP01_01,crop02,12122,363,0.6907245719469327,12183,12334,17487,1,0,7.193051798290729,0.41778822766336954
BA-TOS-LS-AUTO,EFRGP01_01,crop02,12128,360,0.9598042362002568,11963,12153,12274,1,1,0.1372230181204166,0.009956389368880112
BA-TOS-LS-AUTO,EFRGP01_01,crop02,12133,368,0.9589529120198265,12382,12579,12715,1,1,0.03371362941754062,0.010811670244057556
BA-TOS-LS-AUTO,EFRGP01_01,crop02,12134,365,0.9545170365739294,12214,12393,12617,1,1,0.09641876632374005,0.018074719599774067
BA-TOS-LS-AUTO,EFRGP01_01,crop02,12135,369,0.40739524497569946,12406,12607,30251,0,0,15.215065124084811,1.3995399381296105
BA-TOS-LS-AUTO,EFRGP01_01,crop02,12153,371,0.6622757697456493,12368,12513,18530,1,0,5.999923145515405,0.480859905698074
BA-TOS-LS-AUTO,EFRGP01_01,crop02,12191,389,0.8946831011596529,12267,12399,13579,1,1,0.9114410321254678,0.0951689652391322
BA-TOS-LS-AUTO,EFRGP01_01,crop02,12193,391,0.8853924418604651,12183,12338,13605,1,1,1.1035880429341902,0.10269087372345599
BA-TOS-LS-AUTO,EFRGP01_01,crop02,13731,185,0.9569858712715855,12192,12405,12527,1,1,0.1414216926545977,0.009834744054816606
BA-TOS-LS-AUTO,EFRGP01_01,crop02,13755,197,0.9582115490955052,12130,12347,12442,1,1,0.031473591246463706,0.0076941767230906295
BA-TOS-LS-AUTO,EFRGP01_01,crop02,13767,199,0.961732283464567,12214,12396,12518,1,1,0.05286111017330225,0.00984188447886415
BA-TOS-LS-AUTO,EFRGP01_01,crop02,13772,210,0.9531788286877545,12174,12393,12553,1,1,0.03456815558121855,0.012910513999838618
BA-TOS-LS-AUTO,EFRGP01_01,crop02,13773,195,0.9642382033022928,12322,12466,12635,1,1,0.027762891534246065,0.013556874699181775
BA-TOS-LS-AUTO,EFRGP01_01,crop02,13780,211,0.9599682287529786,12086,12266,12410,1,1,0.049228338191844676,0.011739768465677482
BA-TOS-LS-AUTO,EFRGP01_01,crop02,13781,212,0.9542259022027808,12216,12456,12562,1,1,0.101404468287286,0.00850995504174695
BA-TOS-LS-AUTO,EFRGP01_01,crop02,13783,213,0.964528899445764,12182,12384,12428,1,1,0.08059626894979079,0.0035529715762273903
BA-TOS-LS-AUTO,EFRGP01_01,crop02,13786,203,0.9581122812574234,12100,12309,12420,1,1,0.12676858646195213,0.009017791859614916
BA-TOS-LS-AUTO,EFRGP01_01,crop02,13788,209,0.9619807556911523,12297,12469,12611,1,1,0.06040213155560428,0.011388242842248777
BA-TOS-LS-AUTO,EFRGP01_01,crop02,13795,202,0.9610802223987291,12100,12302,12388,1,1,0.02641509390347294,0.006990733214111527
BA-TOS-LS-AUTO,EFRGP01_01,crop02,13796,207,0.9545063033435126,12190,12432,12529,1,1,0.04248657127682545,0.007802445302445302
BA-TOS-LS-AUTO,EFRGP01_01,crop02,13797,216,0.5784113083622864,12153,12360,20804,1,0,9.462614486410226,0.6831715210355987
BA-TOS-LS-AUTO,EFRGP01_01,crop02,13800,208,0.9593700787401575,12184,12360,12524,1,1,0.06296200689868124,0.013268608414239482
BA-TOS-LS-AUTO,EFRGP01_01,crop02,13807,215,0.9616500666614383,12262,12455,12558,1,1,0.03908010806489145,0.008269771176234444
BA-TOS-LS-AUTO,EFRGP01_01,crop02,13825,232,0.6611431964160415,12249,12415,18361,1,0,4.105871183207877,0.47893677003624646
BA-TOS-LS-AUTO,EFRGP01_01,crop02,13831,230,0.9642828858794646,12176,12306,12497,1,1,0.05640911858201705,0.015520884121566715
BA-TOS-LS-AUTO,EFRGP01_01,crop02,13832,226,0.9580425064700808,12216,12442,12525,1,1,0.0560460484443606,0.006670953222954509
BA-TOS-LS-AUTO,EFRGP01_01,crop02,13835,233,0.9558823529411765,12025,12275,12330,1,1,0.0322374125110821,0.004480651731160896
BA-TOS-LS-AUTO,EFRGP01_01,crop02,13852,234,0.9541255675591044,12188,12442,12520,1,1,0.14086005138650748,0.006269088570969298
BA-TOS-LS-AUTO,EFRGP01_01,crop02,13870,241,0.9622626582278481,12163,12365,12438,1,1,0.040782599667749324,0.005903760614638091
BA-TOS-LS-AUTO,EFRGP01_01,crop02,13871,246,0.9600850259801607,12195,12380,12517,1,1,0.06037847833854202,0.011066235864297254
BA-TOS-LS-AUTO,EFRGP01_01,crop02,13872,239,0.9619355347151076,12206,12380,12515,1,1,0.03882738136088521,0.010904684975767368
BA-TOS-LS-AUTO,EFRGP01_01,crop02,13888,243,0.6925971691754662,12331,12533,17602,1,0,5.980623668570739,0.4044522460703742
BA-TOS-LS-AUTO,EFRGP01_01,crop02,13899,245,0.9642688864457358,12279,12463,12550,1,1,0.038566691124352806,0.006980662761774854
BA-TOS-LS-AUTO,EFRGP01_01,crop02,13906,261,0.9637448010672526,12281,12449,12575,1,1,0.08633993186244546,0.010121294883123142
BA-TOS-LS-AUTO,EFRGP01_01,crop02,13910,263,0.952444166796814,12197,12394,12609,1,1,0.07993358668863983,0.017347103437147005
BA-TOS-LS-AUTO,EFRGP01_01,crop02,13916,276,0.9647937131630648,12277,12468,12534,1,1,0.04439966351281927,0.0052935514918190565
BA-TOS-LS-AUTO,EFRGP01_01,crop02,13920,288,0.8973813540673367,12234,12444,13423,1,1,1.1782388684042213,0.07867245258759241
BA-TOS-LS-AUTO,EFRGP01_01,crop02,13922,294,0.9519657454262359,12228,12495,12578,1,1,0.02654674682533387,0.00664265706282513
BA-TOS-LS-AUTO,EFRGP01_01,crop02,13924,283,0.9612281663664134,12272,12484,12555,1,1,0.04811629340475802,0.00568727971803909
BA-TOS-LS-AUTO,EFRGP01_01,crop02,13930,300,0.9549351160047188,12142,12338,12519,1,1,0.04999936661933441,0.01467012481763657
BA-TOS-LS-AUTO,EFRGP01_01,crop02,13939,311,0.9595138566341539,12395,12554,12759,1,1,0.09155335345378075,0.016329456746853592
BA-TOS-LS-AUTO,EFRGP01_01,crop02,13942,317,0.858660475587449,12205,12439,13980,1,1,2.1240297592826187,0.12388455663638556
BA-TOS-LS-AUTO,EFRGP01_01,crop02,13944,320,0.9584646910466582,12161,12412,12437,1,1,0.09685711318603471,0.002014179825974863
BA-TOS-LS-AUTO,EFRGP01_01,crop02,13945,322,0.9509407557145079,12231,12549,12544,1,1,0.083728288521774,0.0003984381225595665
BA-TOS-LS-AUTO,EFRGP01_01,crop02,13948,330,0.9342600414714691,12165,12397,12789,1,1,0.5555446136072905,0.03162055335968379
BA-TOS-LS-AUTO,EFRGP01_01,crop02,13955,343,0.9582910255408889,12269,12451,12621,1,1,0.04962155755339312,0.013653521805477471
BA-TOS-LS-AUTO,EFRGP01_01,crop02,13956,347,0.9554490453366857,12160,12434,12453,1,1,0.039470462129722675,0.0015280682000965095
BA-TOS-LS-AUTO,EFRGP01_01,crop02,13960,353,0.9610298693217175,12355,12516,12695,1,1,0.05100141731369897,0.014301693831895175
BA-TOS-LS-AUTO,EFRGP01_01,crop02,13962,358,0.9576715436976763,12240,12461,12560,1,1,0.07700255745550497,0.007944787737741755
BA-TOS-LS-AUTO,EFRGP01_01,crop02,13968,364,0.9597222222222223,12438,12599,12799,1,1,0.03426895160336362,0.01587427573616954
BA-TOS-LS-AUTO,EFRGP01_01,crop02,13977,390,0.9494655768626218,12081,12278,12527,1,1,0.11532549730393205,0.020280175924417658
BA-TOS-LS-AUTO,EFRGP01_00,crop03,2187,16,0.861142694712905,12118,12260,13930,1,1,0.41412003762888977,0.1362153344208809
BA-TOS-LS-AUTO,EFRGP01_00,crop03,2191,24,0.8608929455883394,12167,12257,14043,1,1,0.5675587737949158,0.14571265399363628
BA-TOS-LS-AUTO,EFRGP01_00,crop03,2192,19,0.6666299377444769,12100,12192,18059,1,0,2.6629275035296516,0.48121719160104987
BA-TOS-LS-AUTO,EFRGP01_00,crop03,2200,15,0.6119987787502544,12027,12200,19479,1,0,3.1668833481533607,0.596639344262295
BA-TOS-LS-AUTO,EFRGP01_00,crop03,2201,20,0.600009773737966,12278,12350,20391,1,0,6.13650821305542,0.6510931174089069
BA-TOS-LS-AUTO,EFRGP01_00,crop03,2209,29,0.5526448825773244,12025,12067,21717,1,0,3.701068906465924,0.7997016656998426
BA-TOS-LS-AUTO,EFRGP01_00,crop03,2210,28,0.7324080247287714,12084,12230,16353,1,0,3.422089392901721,0.3371218315617334
BA-TOS-LS-AUTO,EFRGP01_00,crop03,2211,26,0.5494784580498866,12116,12181,21985,1,0,3.9450576218418427,0.8048600279123225
BA-TOS-LS-AUTO,EFRGP01_00,crop03,2230,37,0.5460635019872282,12228,12342,22279,1,0,7.67830405313694,0.80513693080538
BA-TOS-LS-AUTO,EFRGP01_00,crop03,2242,36,0.8797564687975646,12138,12317,13618,1,1,0.1917403787546701,0.1056263700576439
BA-TOS-LS-AUTO,EFRGP01_00,crop03,2243,38,0.8668338108882522,12101,12188,13873,1,1,0.032029350472946916,0.13825073843124386
BA-TOS-LS-AUTO,EFRGP01_00,crop03,2246,39,0.8804740569446452,12184,12335,13687,1,1,0.09737079491325207,0.10960680989055534
BA-TOS-LS-AUTO,EFRGP01_00,crop03,2247,41,0.8803876193231125,12174,12255,13747,1,1,0.0967360933021582,0.12174622603019176
BA-TOS-LS-AUTO,EFRGP01_00,crop03,2288,56,0.8737073239835671,12335,12507,13946,1,1,0.11273673665947707,0.1150555688814264
BA-TOS-LS-AUTO,EFRGP01_00,crop03,2299,59,0.8803636363636363,12105,12276,13579,1,1,0.05673328805267262,0.10614206581948517
BA-TOS-LS-AUTO,EFRGP01_00,crop03,2300,60,0.7449602367301646,12084,12150,16155,1,0,2.2332811356818776,0.3296296296296296
BA-TOS-LS-AUTO,EFRGP01_00,crop03,2303,64,0.7279429538312787,12046,12113,16481,1,0,2.361677188925094,0.3606043094196318
BA-TOS-LS-AUTO,EFRGP01_00,crop03,2313,70,0.8783045663098099,12060,12248,13543,1,1,0.09527834012212373,0.10573154800783802
BA-TOS-LS-AUTO,EFRGP01_00,crop03,2319,79,0.8659905049633146,12039,12223,13718,1,1,0.1329859152238311,0.12231039842919086
BA-TOS-LS-AUTO,EFRGP01_00,crop03,2322,69,0.8722070059103358,12101,12242,13733,1,1,0.07900319383033007,0.12179382453847411
BA-TOS-LS-AUTO,EFRGP01_00,crop03,2326,78,0.45973103656693864,12170,12217,26425,0,0,6.325853708865603,1.1629696324793322
BA-TOS-LS-AUTO,EFRGP01_00,crop03,2350,87,0.8867251375055746,11930,12117,13267,1,1,0.053528266960202076,0.09490798052323182
BA-TOS-LS-AUTO,EFRGP01_00,crop03,2357,82,0.727190277525848,12027,12143,16423,1,0,4.233011070891998,0.35246644157127566
BA-TOS-LS-AUTO,EFRGP01_00,crop03,2358,80,0.8828181164629763,12280,12411,13779,1,1,0.05799142376239355,0.11022480058013052
BA-TOS-LS-AUTO,EFRGP01_00,crop03,2359,88,0.8771853778355729,12142,12305,13679,1,1,0.0527899752257176,0.11166192604632263
BA-TOS-LS-AUTO,EFRGP01_00,crop03,2365,86,0.8763444794029414,11977,12144,13500,1,1,0.08373370077420887,0.11166007905138339
BA-TOS-LS-AUTO,EFRGP01_00,crop03,2382,92,0.8771161704611792,12020,12216,13508,1,1,0.08107678567756503,0.10576293385723641
BA-TOS-LS-AUTO,EFRGP01_00,crop03,2392,95,0.7219669391895924,12098,12190,16665,1,0,2.3117325031764455,0.367104183757178
BA-TOS-LS-AUTO,EFRGP01_00,crop03,2412,106,0.8786106554454033,12319,12413,13927,1,1,0.065671246262078,0.12196890356883912
BA-TOS-LS-AUTO,EFRGP01_00,crop03,2413,98,0.8781684981684982,11987,12183,13454,1,1,0.07046024702392412,0.10432569974554708
BA-TOS-LS-AUTO,EFRGP01_00,crop03,2430,107,0.8602180794934928,12228,12360,14083,1,1,0.4233906465864655,0.13940129449838187
BA-TOS-LS-AUTO,EFRGP01_00,crop03,2436,113,0.8742454728370221,12166,12308,13774,1,1,0.11902498508671694,0.11910952226194345
BA-TOS-LS-AUTO,EFRGP01_00,crop03,2439,111,0.5859307566893641,12219,12384,20689,1,0,7.73614710248247,0.6706233850129198
BA-TOS-LS-AUTO,EFRGP01_00,crop03,2459,117,0.4968205128205128,12110,12274,24211,0,0,9.280773304047797,0.9725435880723481
BA-TOS-LS-AUTO,EFRGP01_00,crop03,2472,125,0.8772641646138241,12108,12301,13609,1,1,0.06687652523700893,0.10633281847004308
BA-TOS-LS-AUTO,EFRGP01_00,crop03,2474,119,0.8736621347989586,12081,12228,13681,1,1,0.1035198021306956,0.11882564605822701
BA-TOS-LS-AUTO,EFRGP01_00,crop03,2488,126,0.7166177334116265,12204,12339,16895,1,0,1.7930748242165657,0.36923575654429047
BA-TOS-LS-AUTO,EFRGP01_00,crop03,2495,129,0.8813856610392458,12060,12171,13572,1,1,0.05311317922033277,0.11510968696080848
BA-TOS-LS-AUTO,EFRGP01_00,crop03,2499,128,0.7858532157676349,12121,12244,15301,1,1,2.1737347218142538,0.24967330937602092
BA-TOS-LS-AUTO,EFRGP01_00,crop03,2506,135,0.882199898821999,12207,12408,13636,1,1,0.06662746059931868,0.09896840747904578
BA-TOS-LS-AUTO,EFRGP01_00,crop03,2634,75,0.8843131548311991,12154,12329,13569,1,1,0.08325939243010191,0.10057587801119312
BA-TOS-LS-AUTO,EFRGP01_00,crop03,2660,141,0.7472230745627493,12176,12279,16192,1,0,2.2330143048935285,0.3186741591334799
BA-TOS-LS-AUTO,EFRGP01_00,crop03,2661,150,0.8817744916820702,11926,12051,13400,1,1,0.07828434177614728,0.11194091776616048
BA-TOS-LS-AUTO,EFRGP01_00,crop03,5275,11,0.8753943217665615,12210,12324,13834,1,1,0.10616162120777208,0.1225251541707238
BA-TOS-LS-AUTO,EFRGP01_00,crop03,5280,12,0.4531733267351231,7326,12200,11292,0,0,6.772401626033538,0.07442622950819672
BA-TOS-LS-AUTO,EFRGP01_00,crop03,5283,25,0.8489713650264109,12215,12312,14291,1,1,0.6147867435282381,0.16073749187784275
BA-TOS-LS-AUTO,EFRGP01_00,crop03,5287,27,0.6752753088490133,12080,12117,17852,1,0,2.807722780016111,0.4733019724354213
BA-TOS-LS-AUTO,EFRGP01_00,crop03,5303,32,0.8106430740789647,12278,12437,14987,1,1,1.5122896718713565,0.20503336817560505
BA-TOS-LS-AUTO,EFRGP01_00,crop03,5322,33,0.8781087333718912,12146,12278,13700,1,1,0.06873184920748954,0.11581690829125264
BA-TOS-LS-AUTO,EFRGP01_00,crop03,5328,35,0.8813497558486991,12093,12250,13564,1,1,0.12333200315054621,0.10726530612244899
BA-TOS-LS-AUTO,EFRGP01_00,crop03,5351,44,0.8795891608391608,12075,12185,13618,1,1,0.08394785989367436,0.11760361099712761
BA-TOS-LS-AUTO,EFRGP01_00,crop03,5352,45,0.8732646343208816,12203,12307,13870,1,1,0.09954337389011193,0.12700089380027627
BA-TOS-LS-AUTO,EFRGP01_00,crop03,5360,48,0.49343673007795147,12217,12269,24707,0,0,5.427540854516773,1.0137745537533622
BA-TOS-LS-AUTO,EFRGP01_00,crop03,5383,54,0.8805753305244806,12122,12280,13608,1,1,0.04278581654048779,0.10814332247557003
BA-TOS-LS-AUTO,EFRGP01_00,crop03,5389,55,0.876537880423052,12183,12282,13800,1,1,0.13816607386597626,0.12359550561797752
BA-TOS-LS-AUTO,EFRGP01_00,crop03,5390,57,0.7423029008720413,12513,12673,16697,1,0,2.2078798486158933,0.3175254478024146
BA-TOS-LS-AUTO,EFRGP01_00,crop03,5420,71,0.8806569343065693,12065,12254,13511,1,1,0.040722652110687076,0.10257874979598498
BA-TOS-LS-AUTO,EFRGP01_00,crop03,5425,72,0.8825982005705508,12066,12240,13497,1,1,0.05393087901334309,0.10269607843137254
BA-TOS-LS-AUTO,EFRGP01_00,crop03,5435,73,0.8883177913209487,12098,12210,13507,1,1,0.057137165362775195,0.10622440622440622
BA-TOS-LS-AUTO,EFRGP01_00,crop03,5436,76,0.874439461883408,12090,12255,13661,1,1,0.05109455401214021,0.11472868217054263
BA-TOS-LS-AUTO,EFRGP01_00,crop03,5438,77,0.7645159247767999,12074,12223,15644,1,1,2.5293097496642876,0.2798821893152254
BA-TOS-LS-AUTO,EFRGP01_00,crop03,5442,81,0.6962581689896478,12039,12186,17144,1,0,4.858022311650722,0.40686033152798295
BA-TOS-LS-AUTO,EFRGP01_00,crop03,5468,91,0.8782191182889568,12072,12194,13624,1,1,0.06339584823542944,0.11727078891257996
BA-TOS-LS-AUTO,EFRGP01_00,crop03,5473,84,0.8683757001292546,12093,12294,13725,1,1,0.15085185351808825,0.116398243045388
BA-TOS-LS-AUTO,EFRGP01_00,crop03,5485,90,0.7322348094747683,12087,12183,16411,1,0,2.3596890309625125,0.3470409587129607
BA-TOS-LS-AUTO,EFRGP01_00,crop03,5491,93,0.4961717031848171,12183,12293,24444,0,0,7.8881933016209045,0.9884487106483365
BA-TOS-LS-AUTO,EFRGP01_00,crop03,5501,96,0.8798708446466573,11990,12168,13449,1,1,0.15891237720987814,0.10527613412228796
BA-TOS-LS-AUTO,EFRGP01_00,crop03,5514,99,0.870207552608821,12075,12253,13698,1,1,0.1411445141763792,0.11793030278299192
BA-TOS-LS-AUTO,EFRGP01_00,crop03,5526,97,0.8781460796402408,12107,12290,13604,1,1,0.07915067276203518,0.10691619202603743
BA-TOS-LS-AUTO,EFRGP01_00,crop03,5529,100,0.7452087080568133,12015,12183,15955,1,0,2.779509927742172,0.30961175408355907
BA-TOS-LS-AUTO,EFRGP01_00,crop03,5556,109,0.8835541242772451,12072,12209,13526,1,1,0.14554872987682188,0.10787124252600541
BA-TOS-LS-AUTO,EFRGP01_00,crop03,5562,112,0.8772032046613256,12044,12297,13477,1,1,0.09353858712939901,0.09595836382857607
BA-TOS-LS-AUTO,EFRGP01_00,crop03,5570,114,0.8804387302970872,12121,12268,13620,1,1,0.051479314820988865,0.11020541245516792
BA-TOS-LS-AUTO,EFRGP01_00,crop03,5571,115,0.6508230676986809,11940,12102,18184,1,0,5.162934839794455,0.5025615600727152
BA-TOS-LS-AUTO,EFRGP01_00,crop03,5587,124,0.881222132885023,12056,12212,13525,1,1,0.12273932218105209,0.10751719620045856
BA-TOS-LS-AUTO,EFRGP01_00,crop03,5588,116,0.8856273102848445,12219,12353,13663,1,1,0.04063069326500317,0.10604711406136161
BA-TOS-LS-AUTO,EFRGP01_00,crop03,5596,122,0.7398965007392805,12010,12123,16119,1,0,2.2532062048140387,0.32962138084632514
BA-TOS-LS-AUTO,EFRGP01_00,crop03,5600,121,0.7122973824388568,12436,12567,17328,1,0,2.528294965187229,0.3788493673907854
BA-TOS-LS-AUTO,EFRGP01_00,crop03,5623,131,0.8765485763964356,12099,12324,13578,1,1,0.03835517337046734,0.1017526777020448
BA-TOS-LS-AUTO,EFRGP01_00,crop03,5635,132,0.8857184451885282,12168,12320,13586,1,1,0.09720044948806321,0.10275974025974026
BA-TOS-LS-AUTO,EFRGP01_00,crop03,5876,30,0.880233901241698,12193,12300,13745,1,1,0.03446252677097117,0.11747967479674797
BA-TOS-LS-AUTO,EFRGP01_00,crop03,5877,31,0.5719132893496701,12136,12296,21060,1,0,6.912625116427068,0.7127521145087834
BA-TOS-LS-AUTO,EFRGP01_00,crop03,5880,40,0.7077127352499711,12259,12404,17177,1,0,4.372167238515852,0.3847952273460174
BA-TOS-LS-AUTO,EFRGP01_00,crop03,5884,42,0.875873616773442,12031,12128,13639,1,1,0.060631795834177604,0.1245877308707124
BA-TOS-LS-AUTO,EFRGP01_00,crop03,5896,61,0.7235097359933103,12113,12184,16671,1,0,2.3650571159427796,0.36826986211424817
BA-TOS-LS-AUTO,EFRGP01_00,crop03,5899,68,0.8745089480576168,12021,12211,13556,1,1,0.13418674996890262,0.1101465891409385
BA-TOS-LS-AUTO,EFRGP01_00,crop03,5914,85,0.8833785070690792,12059,12225,13485,1,1,0.14357913271393322,0.10306748466257669
BA-TOS-LS-AUTO,EFRGP01_00,crop03,5915,83,0.8762372660934904,12128,12304,13665,1,1,0.08266478054309642,0.11061443433029909
BA-TOS-LS-AUTO,EFRGP01_00,crop03,5926,104,0.8778218535881717,12171,12340,13696,1,1,0.09653803461128743,0.10988654781199352
BA-TOS-LS-AUTO,EFRGP01_00,crop03,5927,102,0.8859075043630017,12183,12311,13624,1,1,0.10735476265043185,0.10665258711721225
BA-TOS-LS-AUTO,EFRGP01_00,crop03,5928,103,0.7020486332772329,12097,12153,17175,1,0,2.536367322006143,0.41323130091335475
BA-TOS-LS-AUTO,EFRGP01_00,crop03,5936,118,0.8847724620770129,12132,12274,13570,1,1,0.03170898572735574,0.10558905002444191
BA-TOS-LS-AUTO,EFRGP01_00,crop03,5943,120,0.8789711454386476,12063,12227,13560,1,1,0.15768314904827452,0.10902101905618712
BA-TOS-LS-AUTO,EFRGP01_00,crop03,5945,130,0.8821588325878126,12030,12179,13488,1,1,0.08618680694472648,0.1074800886772313
BA-TOS-LS-AUTO,EFRGP01_00,crop03,5953,134,0.8683443520295727,12215,12375,13907,1,1,0.10940125949123443,0.1237979797979798
BA-TOS-LS-AUTO,EFRGP01_00,crop03,7749,188,0.8834637754003015,12304,12397,13834,1,1,0.02470492927629663,0.11591514075986126
BA-TOS-LS-AUTO,EFRGP01_00,crop03,7754,187,0.8864267953780898,12121,12266,13529,1,1,0.11803936152131146,0.10296755258437959
BA-TOS-LS-AUTO,EFRGP01_00,crop03,7763,197,0.8799215458375709,12113,12307,13572,1,1,0.08172760426118482,0.1027870317705371
BA-TOS-LS-AUTO,EFRGP01_00,crop03,7764,198,0.8819153546150513,12211,12335,13722,1,1,0.03871515139218691,0.11244426428860965
BA-TOS-LS-AUTO,EFRGP01_00,crop03,7765,192,0.8857372614957234,12116,12205,13590,1,1,0.07250945020958034,0.1134780827529701
BA-TOS-LS-AUTO,EFRGP01_00,crop03,7786,202,0.7405829319501049,11993,12044,16143,1,0,2.3066818819281565,0.34033543673198274
BA-TOS-LS-AUTO,EFRGP01_00,crop03,7792,204,0.6230545491656886,12210,12298,19509,1,0,7.02779189344075,0.5863555049601561
BA-TOS-LS-AUTO,EFRGP01_00,crop03,7793,203,0.718447740195791,12256,12353,16962,1,0,2.1717531644648584,0.37310774710596617
BA-TOS-LS-AUTO,EFRGP01_00,crop03,7806,206,0.6850491580969601,12124,12316,17506,1,0,4.107610343677545,0.421403052939266
BA-TOS-LS-AUTO,EFRGP01_00,crop03,7807,211,0.8801307664366146,12115,12286,13594,1,1,0.17517726368300032,0.10646264040371155
BA-TOS-LS-AUTO,EFRGP01_00,crop03,7816,218,0.877921505218286,11945,12095,13456,1,1,0.023881716006661793,0.11252583712277801
BA-TOS-LS-AUTO,EFRGP01_00,crop03,7819,213,0.6470460939190651,11960,12153,18291,1,0,5.587814710340081,0.5050604788941002
BA-TOS-LS-AUTO,EFRGP01_00,crop03,7820,217,0.541546633057256,12031,12219,22028,1,0,8.377989766846941,0.802766183812096
BA-TOS-LS-AUTO,EFRGP01_00,crop03,7831,220,0.8784146076371278,12123,12267,13657,1,1,0.10220242150436082,0.11331213825711257
BA-TOS-LS-AUTO,EFRGP01_00,crop03,7861,232,0.8793904208998549,12118,12294,13604,1,1,0.03574096657892582,0.10655604359850333
BA-TOS-LS-AUTO,EFRGP01_00,crop03,7867,230,0.7473072215422276,12211,12292,16259,1,0,2.228678707468032,0.3227302310445818
BA-TOS-LS-AUTO,EFRGP01_00,crop03,7868,228,0.8771488168021291,12195,12342,13756,1,1,0.09866421267143385,0.11456814130610922
BA-TOS-LS-AUTO,EFRGP01_00,crop03,7885,238,0.8860851808634772,12150,12349,13513,1,1,0.1230056775185553,0.09425864442464976
BA-TOS-LS-AUTO,EFRGP01_00,crop03,7896,237,0.8737456408796527,12277,12493,13835,1,1,0.221836390029668,0.1074201552869607
BA-TOS-LS-AUTO,EFRGP01_00,crop03,7906,244,0.8860522140487523,12286,12363,13789,1,1,0.055672002955715505,0.11534417212650651
BA-TOS-LS-AUTO,EFRGP01_00,crop03,7923,247,0.7576615694418224,12040,12164,15767,1,1,2.2029130146718536,0.29620190726734624
BA-TOS-LS-AUTO,EFRGP01_00,crop03,7929,250,0.8811745136327476,12184,12358,13653,1,1,0.1273386963747863,0.10479041916167664
BA-TOS-LS-AUTO,EFRGP01_00,crop03,7937,251,0.8862196986241537,12174,12313,13598,1,1,0.04945210689324987,0.10436124421343296
BA-TOS-LS-AUTO,EFRGP01_00,crop03,7938,252,0.8866408589584398,12139,12285,13545,1,1,0.06490138230630195,0.10256410256410256
BA-TOS-LS-AUTO,EFRGP01_00,crop03,7946,256,0.8814846971999132,12183,12317,13687,1,1,0.06223713445224151,0.1112283835349517
BA-TOS-LS-AUTO,EFRGP01_00,crop03,7948,254,0.8804474992687921,12041,12238,13479,1,1,0.026350446711876724,0.10140545840823664
BA-TOS-LS-AUTO,EFRGP01_00,crop03,7975,263,0.7579125847776941,12069,12201,15792,1,1,2.1960717116788073,0.2943201376936317
BA-TOS-LS-AUTO,EFRGP01_00,crop03,7992,270,0.5306095809946482,12195,12264,22914,1,0,9.16346775409338,0.8683953033268101
BA-TOS-LS-AUTO,EFRGP01_00,crop03,7996,277,0.7259330258192056,12118,12210,16601,1,0,4.075165567926871,0.35962325962325964
BA-TOS-LS-AUTO,EFRGP01_00,crop03,8002,287,0.7532565130260521,12028,12198,15798,1,1,3.27681932191832,0.2951303492375799
BA-TOS-LS-AUTO,EFRGP01_00,crop03,8005,276,0.6055143160127253,11991,12115,19679,1,0,4.613365923261196,0.6243499793644243
BA-TOS-LS-AUTO,EFRGP01_00,crop03,8006,272,0.8869769836017354,12062,12127,13534,1,1,0.059235620339739274,0.11602209944751381
BA-TOS-LS-AUTO,EFRGP01_00,crop03,8039,290,0.5391923990498813,12258,12369,22623,1,0,7.124894541811779,0.8290080038806694
BA-TOS-LS-AUTO,EFRGP01_00,crop03,8045,292,0.6447584272635868,12184,12224,18857,1,0,2.618094723454708,0.5426210732984293
BA-TOS-LS-AUTO,EFRGP01_00,crop03,9422,133,0.7391786220060341,12005,12289,15957,1,0,2.1371401020942082,0.2984783139392953
BA-TOS-LS-AUTO,EFRGP01_00,crop03,9438,152,0.8796342955870707,12219,12310,13800,1,1,0.06252708105535731,0.12103980503655565
BA-TOS-LS-AUTO,EFRGP01_00,crop03,9439,143,0.8816455232089169,12023,12243,13417,1,1,0.15742057490047484,0.09589152985379401
BA-TOS-LS-AUTO,EFRGP01_00,crop03,9451,139,0.7102123945301134,12205,12378,17012,1,0,3.8032777442847205,0.37437388915818387
BA-TOS-LS-AUTO,EFRGP01_00,crop03,9465,149,0.8792242564584992,12150,12310,13659,1,1,0.1068836421235825,0.10958570268074735
BA-TOS-LS-AUTO,EFRGP01_00,crop03,9492,159,0.6404924044002095,12227,12322,18995,1,0,6.514360387291564,0.5415516961532219
BA-TOS-LS-AUTO,EFRGP01_00,crop03,9493,160,0.8804862071475362,12097,12290,13546,1,1,0.029112261658987375,0.10219690805532954
BA-TOS-LS-AUTO,EFRGP01_00,crop03,9517,162,0.8791727140783745,12115,12255,13640,1,1,0.12152093977084827,0.11301509587923296
BA-TOS-LS-AUTO,EFRGP01_00,crop03,9519,161,0.5363740829134623,12136,12232,22530,1,0,5.822417994129846,0.8418901242642249
BA-TOS-LS-AUTO,EFRGP01_00,crop03,9534,170,0.8776622810205713,12074,12197,13634,1,1,0.11844105627575285,0.11781585635812085
BA-TOS-LS-AUTO,EFRGP01_00,crop03,9537,166,0.7528020692203473,12224,12261,16201,1,1,1.9856665770176927,0.3213440991762499
BA-TOS-LS-AUTO,EFRGP01_00,crop03,9541,171,0.8707245964587925,12245,12404,13904,1,1,0.053120261048343914,0.12092873266688164
BA-TOS-LS-AUTO,EFRGP01_00,crop03,9542,177,0.8829538820782253,12100,12211,13593,1,1,0.0640527226339391,0.11317664400949963
BA-TOS-LS-AUTO,EFRGP01_00,crop03,9548,182,0.8797909407665505,12120,12272,13624,1,1,0.09250901764594445,0.11016949152542373
BA-TOS-LS-AUTO,EFRGP01_00,crop03,11865,191,0.8863889507685453,11937,12126,13278,1,1,0.14738137609694257,0.095002474022761
BA-TOS-LS-AUTO,EFRGP01_00,crop03,11876,189,0.5994837172359015,12076,12205,20015,1,0,5.746220584539884,0.639901679639492
BA-TOS-LS-AUTO,EFRGP01_00,crop03,11877,190,0.8831269349845201,12551,12692,14071,1,1,0.07487519622102484,0.10865111881500157
BA-TOS-LS-AUTO,EFRGP01_00,crop03,11884,195,0.7400923899829808,12176,12267,16361,1,0,2.2228438598200304,0.33374093095296326
BA-TOS-LS-AUTO,EFRGP01_00,crop03,11889,194,0.8817047361891557,12082,12289,13496,1,1,0.07944667777406245,0.09821791846366669
BA-TOS-LS-AUTO,EFRGP01_00,crop03,11895,193,0.8785442852966969,12022,12249,13457,1,1,0.0895613304926324,0.09862029553432933
BA-TOS-LS-AUTO,EFRGP01_00,crop03,11900,199,0.74003498687992,11845,12138,15713,1,0,2.3605215085190197,0.294529576536497
BA-TOS-LS-AUTO,EFRGP01_00,crop03,11918,200,0.8790010047366155,12248,12462,13720,1,1,0.08872067718841913,0.10094687851067244
BA-TOS-LS-AUTO,EFRGP01_00,crop03,11949,210,0.7298651712206181,12234,12348,16648,1,0,2.1775432099704513,0.3482345319080013
BA-TOS-LS-AUTO,EFRGP01_00,crop03,11950,207,0.8864746627779803,12158,12299,13574,1,1,0.0742609097203803,0.10366696479388568
BA-TOS-LS-AUTO,EFRGP01_00,crop03,11964,209,0.8775036284470247,12092,12218,13654,1,1,0.05595450803190981,0.11753151088557866
BA-TOS-LS-AUTO,EFRGP01_00,crop03,11975,219,0.8742409264228216,12381,12485,14058,1,1,0.09785215816629377,0.12599118942731277
BA-TOS-LS-AUTO,EFRGP01_00,crop03,11981,222,0.881143025049585,11995,12201,13407,1,1,0.06681861653103284,0.0988443570199164
BA-TOS-LS-AUTO,EFRGP01_00,crop03,11995,221,0.8821903861537342,12131,12240,13642,1,1,0.07234441005226509,0.11454248366013071
BA-TOS-LS-AUTO,EFRGP01_00,crop03,12004,227,0.7944557577350062,12094,12151,15166,1,1,1.8148959721941216,0.24812772611307712
BA-TOS-LS-AUTO,EFRGP01_00,crop03,12008,229,0.8809403983032569,12253,12341,13821,1,1,0.08620422954520936,0.11992545174621182
BA-TOS-LS-AUTO,EFRGP01_00,crop03,12013,231,0.8769560082669029,11881,12056,13373,1,1,0.08164554213654647,0.10924021234240212
BA-TOS-LS-AUTO,EFRGP01_00,crop03,12014,224,0.7169789498033773,12398,12443,17247,1,0,2.3042844260125483,0.38608052720405045
BA-TOS-LS-AUTO,EFRGP01_00,crop03,12023,236,0.8835940341942524,12145,12421,13469,1,1,0.19641949407669085,0.08437323886965623
BA-TOS-LS-AUTO,EFRGP01_00,crop03,12027,233,0.8860704449920278,12226,12286,13738,1,1,0.11273426805266538,0.11818329806283574
BA-TOS-LS-AUTO,EFRGP01_00,crop03,12031,235,0.8976599526066351,12122,12217,13409,1,1,0.040037593907676715,0.09756896128345748
BA-TOS-LS-AUTO,EFRGP01_00,crop03,12051,242,0.7832888210606639,12318,12469,15575,1,1,2.318261017812035,0.24909776245087817
BA-TOS-LS-AUTO,EFRGP01_00,crop03,12059,245,0.7390850475898065,12036,12122,16199,1,0,2.19519850704696,0.3363306385084969
BA-TOS-LS-AUTO,EFRGP01_00,crop03,12062,246,0.8760711456758119,12166,12297,13756,1,1,0.16255612271282524,0.11864682442872246
BA-TOS-LS-AUTO,EFRGP01_00,crop03,12070,248,0.8937772200487193,12108,12202,13453,1,1,0.12636361295566426,0.1025241763645304
BA-TOS-LS-AUTO,EFRGP01_00,crop03,12093,253,0.7495239850132056,12203,12264,16220,1,0,2.195921231429588,0.32257012393998696
BA-TOS-LS-AUTO,EFRGP01_00,crop03,12110,259,0.8888888888888888,12008,12121,13396,1,1,0.055140512342565784,0.10518934081346423
BA-TOS-LS-AUTO,EFRGP01_00,crop03,12136,269,0.6660886528665871,12292,12419,18327,1,0,5.636719667589754,0.47572268298574766
BA-TOS-LS-AUTO,EFRGP01_00,crop03,12138,265,0.8872050227321931,12294,12421,13730,1,1,0.05375778433595219,0.10538603977135497
BA-TOS-LS-AUTO,EFRGP01_00,crop03,12148,266,0.8861818448668085,12076,12262,13441,1,1,0.06623882521856393,0.09615070950905236
BA-TOS-LS-AUTO,EFRGP01_00,crop03,12157,271,0.5263908701854494,12177,12322,22988,1,0,7.894197630635487,0.8656062327544229
BA-TOS-LS-AUTO,EFRGP01_00,crop03,12164,286,0.528085961387263,12090,12098,22886,1,0,10.61381247997136,0.8917176392792197
BA-TOS-LS-AUTO,EFRGP01_00,crop03,12172,280,0.5372592428603055,12134,12210,22509,1,0,6.088971897042741,0.8434889434889435
BA-TOS-LS-AUTO,EFRGP01_00,crop03,12173,281,0.7676476124741168,12234,12397,15774,1,1,2.3593784323616402,0.2724046140195209
BA-TOS-LS-AUTO,EFRGP01_00,crop03,13728,136,0.7631941832769211,12176,12306,15824,1,1,2.755594021547642,0.2858768080611084
BA-TOS-LS-AUTO,EFRGP01_00,crop03,13763,146,0.8857892053317794,12161,12292,13598,1,1,0.06742899914124231,0.10624796615684999
BA-TOS-LS-AUTO,EFRGP01_00,crop03,13765,144,0.8861676690094921,12230,12261,13770,1,1,0.08164601267281145,0.12307315879618302
BA-TOS-LS-AUTO,EFRGP01_00,crop03,13766,145,0.8779848573092603,12060,12264,13532,1,1,0.07200319470307082,0.10339204174820613
BA-TOS-LS-AUTO,EFRGP01_00,crop03,13777,148,0.7409487758715428,12136,12296,16219,1,0,2.6037277261137937,0.31904684450227716
BA-TOS-LS-AUTO,EFRGP01_00,crop03,13782,147,0.8910061540742937,12017,12059,13445,1,1,0.08427987806455906,0.11493490339165768
BA-TOS-LS-AUTO,EFRGP01_00,crop03,13790,153,0.8735838629455651,12646,12726,14396,1,1,0.15490372131572533,0.13122740845513123
BA-TOS-LS-AUTO,EFRGP01_00,crop03,13791,154,0.7500781396511846,11999,12114,15882,1,1,2.3211613847762362,0.31104507181773156
BA-TOS-LS-AUTO,EFRGP01_00,crop03,13824,157,0.8773571115334016,12004,12174,13512,1,1,0.1343312465194801,0.10990635781172992
BA-TOS-LS-AUTO,EFRGP01_00,crop03,13833,164,0.6353325948198555,12044,12186,18815,1,0,4.88249722521541,0.5439849007057279
BA-TOS-LS-AUTO,EFRGP01_00,crop03,13846,167,0.882742248759082,12271,12408,13764,1,1,0.030978298362515266,0.109284332688588
BA-TOS-LS-AUTO,EFRGP01_00,crop03,13847,163,0.7398393918960339,12069,12086,16296,1,0,2.264366331897012,0.3483369187489657
BA-TOS-LS-AUTO,EFRGP01_00,crop03,13855,168,0.8772396920198604,12191,12329,13759,1,1,0.1277692731168692,0.11598669802903723
BA-TOS-LS-AUTO,EFRGP01_00,crop03,13861,176,0.8828531632578257,12043,12159,13525,1,1,0.13142581894247451,0.11234476519450613
BA-TOS-LS-AUTO,EFRGP01_00,crop03,13863,173,0.882691487849936,12423,12574,13923,1,1,0.05459616599082818,0.10728487354859233
BA-TOS-LS-AUTO,EFRGP01_00,crop03,13864,169,0.8869830656297696,12204,12282,13681,1,1,0.0760578552352267,0.11390652988112686
BA-TOS-LS-AUTO,EFRGP01_00,crop03,13865,174,0.7307552650689906,12075,12238,16361,1,0,2.203616852238642,0.33690145448602715
BA-TOS-LS-AUTO,EFRGP01_00,crop03,13866,172,0.8729246935201401,12461,12586,14150,1,1,0.07690638127526823,0.12426505641188622
BA-TOS-LS-AUTO,EFRGP01_00,crop03,13874,178,0.7398667237268448,12102,12288,16171,1,0,2.2324792332192294,0.3159993489583333
BA-TOS-LS-AUTO,EFRGP01_00,crop03,13884,181,0.884222805482648,12128,12256,13588,1,1,0.1189178109523812,0.10868146214099217
BA-TOS-LS-AUTO,EFRGP01_00,crop03,13893,184,0.6130445731553765,12172,12225,19802,1,0,7.186477634792731,0.6197955010224949
BA-TOS-LS-AUTO,EFRGP01_00,crop03,13908,183,0.8690977771320645,11964,12107,13623,1,1,0.1332448343625702,0.12521681671760138
BA-TOS-LS-AUTO,EFRGP01_00,crop03,13909,186,0.876508888726315,11981,12152,13498,1,1,0.05355380017600009,0.11076366030283082
BA-TOS-LS-AUTO,EFRGP01_00,crop03,13914,196,0.873148281317417,12142,12326,13722,1,1,0.18712454610928095,0.11325653091027098
BA-TOS-LS-AUTO,EFRGP01_00,crop03,13919,201,0.6686374184992817,12101,12283,17916,1,0,5.114589342943564,0.45860131889603517
BA-TOS-LS-AUTO,EFRGP01_00,crop03,13921,205,0.8725122584366888,12100,12281,13687,1,1,0.08674757877779647,0.11448579105935999
BA-TOS-LS-AUTO,EFRGP01_00,crop03,13923,216,0.756713278059646,12230,12373,16019,1,1,2.1692734739168786,0.29467388668875777
BA-TOS-LS-AUTO,EFRGP01_00,crop03,13929,215,0.882408828473288,12074,12207,13550,1,1,0.06807973666084437,0.11001884164823462
BA-TOS-LS-AUTO,EFRGP01_00,crop03,13938,223,0.8905679661264418,12199,12365,13532,1,1,0.1174315931001045,0.09437929640113223
BA-TOS-LS-AUTO,EFRGP01_00,crop03,13943,234,0.7099607118095679,12288,12363,17233,1,0,2.974672592975372,0.39391733398042544
BA-TOS-LS-AUTO,EFRGP01_00,crop03,13947,241,0.7549966176741898,12277,12381,16157,1,1,2.140210533197808,0.3049834423713755
BA-TOS-LS-AUTO,EFRGP01_00,crop03,13951,249,0.8839946698252887,11941,12183,13266,1,1,0.15440507475555168,0.08889436099482886
BA-TOS-LS-AUTO,EFRGP01_00,crop03,13958,255,0.8866152053597437,12175,12312,13595,1,1,0.037314201688794874,0.10420727745289149
BA-TOS-LS-AUTO,EFRGP01_00,crop03,13965,262,0.8838128706347463,12072,12212,13519,1,1,0.18721056332988603,0.10702587618735669
BA-TOS-LS-AUTO,EFRGP01_00,crop03,13966,260,0.8897296503085512,12111,12224,13499,1,1,0.0501933055446163,0.10430301047120419
BA-TOS-LS-AUTO,EFRGP01_00,crop03,13976,278,0.527303679776507,12080,12182,22807,1,0,8.144819958296788,0.8721884747988836
BA-TOS-LS-AUTO,EFRGP01_00,crop03,13978,285,0.5719631414004397,12228,12296,21311,1,0,6.008610518891207,0.7331652569941445
BA-TOS-LS-AUTO,EFRGP01_00,crop03,13981,288,0.6469464636281637,12193,12301,18739,1,0,6.144108446380493,0.5233720835704414
BA-TOS-LS-AUTO,EFRGP01_00,crop03,13985,289,0.7869451028121197,12285,12385,15511,1,1,1.5012434078501908,0.2524020993136859
BA-TOS-LS-AUTO,EFRGP01_01,crop03,2167,19,0.5640011042606055,12258,12490,21502,1,0,10.087152026425093,0.7215372297838271
BA-TOS-LS-AUTO,EFRGP01_01,crop03,2187,21,0.8145155949937091,12300,12402,14999,1,1,1.5078350839387846,0.2094017094017094
BA-TOS-LS-AUTO,EFRGP01_01,crop03,2191,30,0.7831821929101401,12350,12440,15679,1,1,2.541593161775072,0.26036977491961416
BA-TOS-LS-AUTO,EFRGP01_01,crop03,2192,24,0.6487365390766606,12169,12295,18632,1,0,3.186759971979685,0.5154127694184628
BA-TOS-LS-AUTO,EFRGP01_01,crop03,2200,20,0.5520116644643915,12115,12267,21795,1,0,5.150716505415655,0.7767180239667401
BA-TOS-LS-AUTO,EFRGP01_01,crop03,2201,22,0.5066764370623676,12446,12510,24500,1,0,8.493806961113888,0.9584332533972821
BA-TOS-LS-AUTO,EFRGP01_01,crop03,2209,32,0.5396761133603238,11997,12070,22157,1,0,4.135945349778542,0.8357083678541839
BA-TOS-LS-AUTO,EFRGP01_01,crop03,2210,35,0.7152028012839218,12255,12462,16928,1,0,4.5020065927728,0.35836944310704544
BA-TOS-LS-AUTO,EFRGP01_01,crop03,2230,43,0.8837843658028857,12312,12594,13649,1,1,0.12566618350989564,0.08377004922979196
BA-TOS-LS-AUTO,EFRGP01_01,crop03,2242,42,0.8899322996287399,12225,12448,13514,1,1,0.09606479078508091,0.0856362467866324
BA-TOS-LS-AUTO,EFRGP01_01,crop03,2243,44,0.883596351527436,12206,12379,13641,1,1,0.148026278946238,0.10194684546409241
BA-TOS-LS-AUTO,EFRGP01_01,crop03,2246,45,0.8849506519703192,12284,12458,13707,1,1,0.09717586196859737,0.1002568630598812
BA-TOS-LS-AUTO,EFRGP01_01,crop03,2247,47,0.8173485653560042,12306,12429,14933,1,1,1.7551866871213313,0.20146431732239117
BA-TOS-LS-AUTO,EFRGP01_01,crop03,2288,61,0.8794435857805255,12518,12733,14019,1,1,0.07414570589437532,0.10099740830911803
BA-TOS-LS-AUTO,EFRGP01_01,crop03,2299,64,0.8913185615691972,12269,12506,13528,1,1,0.1447199498350634,0.08172077402846634
BA-TOS-LS-AUTO,EFRGP01_01,crop03,2300,65,0.7536231884057971,12220,12320,16115,1,1,2.4002549893775456,0.3080357142857143
BA-TOS-LS-AUTO,EFRGP01_01,crop03,2303,68,0.7267867867867868,12101,12207,16544,1,0,2.652406382682117,0.3552879495371508
BA-TOS-LS-AUTO,EFRGP01_01,crop03,2313,72,0.8891236249726816,12205,12390,13542,1,1,0.07060394653417355,0.09297820823244551
BA-TOS-LS-AUTO,EFRGP01_01,crop03,2319,80,0.8787221740387395,12158,12372,13622,1,1,0.09432433715433172,0.10103459424506951
BA-TOS-LS-AUTO,EFRGP01_01,crop03,2322,70,0.8889612739775606,12281,12473,13623,1,1,0.10220590535373254,0.09219915016435501
BA-TOS-LS-AUTO,EFRGP01_01,crop03,2326,78,0.6440191387559808,12114,12179,18745,1,0,2.873602966526116,0.5391247228836522
BA-TOS-LS-AUTO,EFRGP01_01,crop03,2350,90,0.888,12099,12283,13441,1,1,0.15447846188859518,0.0942766425140438
BA-TOS-LS-AUTO,EFRGP01_01,crop03,2357,84,0.8713174976817176,12215,12349,13885,1,1,0.4672099339301964,0.12438254109644506
BA-TOS-LS-AUTO,EFRGP01_01,crop03,2358,83,0.8892566741023242,12358,12559,13696,1,1,0.12645787847474962,0.09053268572338562
BA-TOS-LS-AUTO,EFRGP01_01,crop03,2359,92,0.8820148020406697,12275,12497,13695,1,1,0.11888287392569537,0.09586300712170921
BA-TOS-LS-AUTO,EFRGP01_01,crop03,2365,89,0.878843071543057,12063,12289,13500,1,1,0.12765595195883916,0.09854341280820246
BA-TOS-LS-AUTO,EFRGP01_01,crop03,2382,96,0.8829378039044924,12166,12445,13500,1,1,0.038991749970722564,0.08477300120530333
BA-TOS-LS-AUTO,EFRGP01_01,crop03,2392,98,0.7202681060561125,12143,12254,16748,1,0,2.5616829033484807,0.3667373918720418
BA-TOS-LS-AUTO,EFRGP01_01,crop03,2412,107,0.8838466462764065,12426,12565,13920,1,1,0.10940220668403745,0.1078392359729407
BA-TOS-LS-AUTO,EFRGP01_01,crop03,2413,102,0.8791868624755842,12153,12453,13523,1,1,0.11380054355820837,0.08592307074600498
BA-TOS-LS-AUTO,EFRGP01_01,crop03,2430,112,0.8547462892647566,12381,12577,14289,1,1,0.8368749882498204,0.1361214916116721
BA-TOS-LS-AUTO,EFRGP01_01,crop03,2436,116,0.8871772618789325,12267,12487,13607,1,1,0.07590466757813788,0.08969328101225274
BA-TOS-LS-AUTO,EFRGP01_01,crop03,2439,114,0.575269570088223,12324,12529,21218,1,0,8.25467420439495,0.6935110543538989
BA-TOS-LS-AUTO,EFRGP01_01,crop03,2459,121,0.4908835341365462,12223,12344,24779,0,0,9.648268854820278,1.0073720025923525
BA-TOS-LS-AUTO,EFRGP01_01,crop03,2472,126,0.8752049034281234,12280,12420,13891,1,1,0.09963182079822207,0.11843800322061192
BA-TOS-LS-AUTO,EFRGP01_01,crop03,2474,122,0.883528900478053,12198,12405,13599,1,1,0.05053419150258744,0.0962515114873035
BA-TOS-LS-AUTO,EFRGP01_01,crop03,2488,129,0.7062941176470589,12007,12145,16862,1,0,2.086409280139416,0.3883902840675175
BA-TOS-LS-AUTO,EFRGP01_01,crop03,2495,134,0.8880466472303207,12184,12303,13601,1,1,0.05233682792298741,0.10550272291311062
BA-TOS-LS-AUTO,EFRGP01_01,crop03,2499,131,0.8178019499900511,12330,12463,14944,1,1,1.6437878522095541,0.19906924496509668
BA-TOS-LS-AUTO,EFRGP01_01,crop03,2506,138,0.8857040743388135,12391,12587,13794,1,1,0.1525307852127817,0.09589258759037102
BA-TOS-LS-AUTO,EFRGP01_01,crop03,2634,81,0.8909973201998986,12302,12482,13627,1,1,0.07717624649956102,0.09173209421567056
BA-TOS-LS-AUTO,EFRGP01_01,crop03,2660,142,0.7514702278853223,12267,12369,16222,1,1,2.434086542973664,0.3115045678712911
BA-TOS-LS-AUTO,EFRGP01_01,crop03,2661,151,0.8894938198940553,12090,12239,13443,1,1,0.07610075248215999,0.09837405016749734
BA-TOS-LS-AUTO,EFRGP01_01,crop03,5262,10,0.7516637909785556,12198,12338,16088,1,1,1.7401589033220457,0.30393905008915545
BA-TOS-LS-AUTO,EFRGP01_01,crop03,5263,12,0.7497544204322201,12212,12361,16139,1,0,2.3771267718912155,0.3056387023703584
BA-TOS-LS-AUTO,EFRGP01_01,crop03,5275,15,0.8458646616541353,12375,12532,14473,1,1,0.9478056067458295,0.1548834982444941
BA-TOS-LS-AUTO,EFRGP01_01,crop03,5280,16,0.5447583006712619,12092,12313,21976,1,0,4.658792973138784,0.7847803134898075
BA-TOS-LS-AUTO,EFRGP01_01,crop03,5283,29,0.7904829545454546,12243,12490,15241,1,1,2.1022661107523044,0.22025620496397116
BA-TOS-LS-AUTO,EFRGP01_01,crop03,5287,31,0.6509701213319793,12179,12267,18621,1,0,3.8860171403365444,0.5179750550256786
BA-TOS-LS-AUTO,EFRGP01_01,crop03,5303,38,0.7806228373702422,12408,12642,15661,1,1,2.709915045699892,0.23880715076728365
BA-TOS-LS-AUTO,EFRGP01_01,crop03,5322,39,0.8869954509350856,12284,12486,13647,1,1,0.057389338794252655,0.09298414223930802
BA-TOS-LS-AUTO,EFRGP01_01,crop03,5328,41,0.8907458765143774,12205,12427,13480,1,1,0.08028091681088925,0.08473485153295245
BA-TOS-LS-AUTO,EFRGP01_01,crop03,5351,50,0.8928154205607477,12228,12367,13557,1,1,0.03555282314392682,0.09622382146033799
BA-TOS-LS-AUTO,EFRGP01_01,crop03,5352,52,0.6459510357815442,12348,12475,18989,1,0,5.23837066180887,0.5221643286573147
BA-TOS-LS-AUTO,EFRGP01_01,crop03,5360,53,0.510726526467228,12070,12179,23524,1,0,5.003196736773488,0.9315214713851712
BA-TOS-LS-AUTO,EFRGP01_01,crop03,5383,58,0.8900908697533535,12342,12494,13714,1,1,0.06988719381502227,0.09764687049783896
BA-TOS-LS-AUTO,EFRGP01_01,crop03,5389,59,0.890178828958754,12345,12497,13716,1,1,0.07709599070134485,0.09754341041850044
BA-TOS-LS-AUTO,EFRGP01_01,crop03,5390,60,0.74063417498532,12613,12721,16922,1,0,2.336395063067893,0.3302413332285198
BA-TOS-LS-AUTO,EFRGP01_01,crop03,5420,73,0.889797109910962,12192,12403,13491,1,1,0.06688049116601352,0.08772071273079093
BA-TOS-LS-AUTO,EFRGP01_01,crop03,5425,74,0.8892211201866977,12193,12383,13522,1,1,0.07763455544537234,0.09198094161350238
BA-TOS-LS-AUTO,EFRGP01_01,crop03,5435,75,0.8968225114520468,12334,12438,13649,1,1,0.10895493276530055,0.09736292008361473
BA-TOS-LS-AUTO,EFRGP01_01,crop03,5436,76,0.8783852097927349,12163,12417,13593,1,1,0.05357121381637107,0.09470886687605702
BA-TOS-LS-AUTO,EFRGP01_01,crop03,5438,82,0.7946016260162602,12217,12416,15176,1,1,2.097528625092207,0.22229381443298968
BA-TOS-LS-AUTO,EFRGP01_01,crop03,5442,85,0.647824926607953,12137,12325,18547,1,0,6.897294177123074,0.5048275862068966
BA-TOS-LS-AUTO,EFRGP01_01,crop03,5468,94,0.8854567919180173,12183,12347,13595,1,1,0.04977305772536634,0.10107718474123269
BA-TOS-LS-AUTO,EFRGP01_01,crop03,5473,88,0.881215073792807,12300,12431,13827,1,1,0.021893513528491202,0.11229989542273348
BA-TOS-LS-AUTO,EFRGP01_01,crop03,5485,91,0.7312375068144649,12072,12214,16367,1,0,2.578874523018555,0.34001964958244635
BA-TOS-LS-AUTO,EFRGP01_01,crop03,5491,95,0.5101581077134871,12229,12335,23865,1,0,7.2579263379255705,0.9347385488447507
BA-TOS-LS-AUTO,EFRGP01_01,crop03,5501,99,0.8891650826144173,12162,12340,13500,1,1,0.12941214075961183,0.0940032414910859
BA-TOS-LS-AUTO,EFRGP01_01,crop03,5514,103,0.8732232591529074,12164,12412,13682,1,1,0.13616065488452375,0.10232033515952305
BA-TOS-LS-AUTO,EFRGP01_01,crop03,5526,100,0.8874649002807977,12326,12535,13680,1,1,0.04377300633817588,0.09134423613881133
BA-TOS-LS-AUTO,EFRGP01_01,crop03,5529,101,0.7122583659405478,12196,12378,16941,1,0,3.7679509312595236,0.368637905962191
BA-TOS-LS-AUTO,EFRGP01_01,crop03,5556,110,0.8900328587075576,12189,12384,13500,1,1,0.14727313115926619,0.09011627906976744
BA-TOS-LS-AUTO,EFRGP01_01,crop03,5562,115,0.8764578833693305,12174,12405,13659,1,1,0.17743701367812104,0.10108827085852479
BA-TOS-LS-AUTO,EFRGP01_01,crop03,5570,117,0.8862535252006652,12256,12439,13646,1,1,0.1598085401964445,0.0970335235951443
BA-TOS-LS-AUTO,EFRGP01_01,crop03,5571,118,0.680865411632481,12116,12276,17635,1,0,4.551889852211644,0.43654284783317043
BA-TOS-LS-AUTO,EFRGP01_01,crop03,5587,128,0.8969652650822669,12266,12397,13544,1,1,0.06297579695868459,0.09252238444785028
BA-TOS-LS-AUTO,EFRGP01_01,crop03,5588,119,0.8941150891433541,12337,12477,13658,1,1,0.04372264820526942,0.09465416366113649
BA-TOS-LS-AUTO,EFRGP01_01,crop03,5596,125,0.7393086570816764,12084,12186,16243,1,0,2.463912826941828,0.332923026423765
BA-TOS-LS-AUTO,EFRGP01_01,crop03,5600,124,0.7028610823853844,12234,12385,17255,1,0,2.824749299020143,0.393217601937828
BA-TOS-LS-AUTO,EFRGP01_01,crop03,5623,133,0.8829296424452133,12248,12474,13646,1,1,0.09130926935468758,0.09395542728876062
BA-TOS-LS-AUTO,EFRGP01_01,crop03,5635,135,0.8973724434092729,12329,12517,13551,1,1,0.13187649359963954,0.08260765359111608
BA-TOS-LS-AUTO,EFRGP01_01,crop03,5867,11,0.6809481905180949,12381,12438,18125,1,0,2.641768033941757,0.45722785013667794
BA-TOS-LS-AUTO,EFRGP01_01,crop03,5876,36,0.8846566140212964,12379,12464,13908,1,1,0.07173229874578144,0.11585365853658537
BA-TOS-LS-AUTO,EFRGP01_01,crop03,5877,37,0.5168182779775756,12215,12459,23391,1,0,8.946481011096537,0.877437996628943
BA-TOS-LS-AUTO,EFRGP01_01,crop03,5880,46,0.8784569564600766,12388,12541,13949,1,1,0.07301306170649939,0.11227174866438083
BA-TOS-LS-AUTO,EFRGP01_01,crop03,5884,48,0.888470996672935,12284,12352,13758,1,1,0.02524831506602342,0.11382772020725389
BA-TOS-LS-AUTO,EFRGP01_01,crop03,5896,62,0.7234004313443566,12075,12151,16616,1,0,2.659098751094617,0.3674594683565139
BA-TOS-LS-AUTO,EFRGP01_01,crop03,5899,71,0.8813767227072661,12215,12409,13665,1,1,0.14246878450599615,0.1012168587315658
BA-TOS-LS-AUTO,EFRGP01_01,crop03,5914,86,0.8924018357980622,12250,12418,13559,1,1,0.13103914186453597,0.09188275084554678
BA-TOS-LS-AUTO,EFRGP01_01,crop03,5915,87,0.878396886037627,12186,12410,13649,1,1,0.1493643931141532,0.09983883964544722
BA-TOS-LS-AUTO,EFRGP01_01,crop03,5926,106,0.8905040862081435,12313,12467,13673,1,1,0.05317875350984487,0.09673538140691425
BA-TOS-LS-AUTO,EFRGP01_01,crop03,5927,105,0.8953361862624212,12344,12492,13639,1,1,0.12023564385829909,0.09181876400896574
BA-TOS-LS-AUTO,EFRGP01_01,crop03,5928,108,0.6918195454020999,11992,12099,17227,1,0,2.932686148568067,0.42383668071741465
BA-TOS-LS-AUTO,EFRGP01_01,crop03,5936,120,0.8915916352018588,12279,12435,13616,1,1,0.040337488397492335,0.09497386409328508
BA-TOS-LS-AUTO,EFRGP01_01,crop03,5943,123,0.8925752703887753,12214,12393,13505,1,1,0.10484077537508675,0.0897280722988784
BA-TOS-LS-AUTO,EFRGP01_01,crop03,5945,132,0.8926466254052461,12115,12287,13400,1,1,0.04815270399479288,0.09058354358264832
BA-TOS-LS-AUTO,EFRGP01_01,crop03,5953,137,0.8786201022146508,12378,12593,13873,1,1,0.06824433158478582,0.10164377034860637
BA-TOS-LS-AUTO,EFRGP01_01,crop03,7749,189,0.8828528932643955,12465,12598,13986,1,1,0.06574493242152396,0.1101762184473726
BA-TOS-LS-AUTO,EFRGP01_01,crop03,7754,188,0.8919154499891043,12279,12392,13654,1,1,0.06161948714829693,0.10183989670755327
BA-TOS-LS-AUTO,EFRGP01_01,crop03,7763,200,0.8863998840075396,12227,12454,13567,1,1,0.10335948230286825,0.08936887746908624
BA-TOS-LS-AUTO,EFRGP01_01,crop03,7764,199,0.8848144952545298,12306,12478,13736,1,1,0.147921066028916,0.1008174386920981
BA-TOS-LS-AUTO,EFRGP01_01,crop03,7765,194,0.891024241100677,12240,12369,13608,1,1,0.1250470660561251,0.100169779286927
BA-TOS-LS-AUTO,EFRGP01_01,crop03,7786,203,0.7401982172910303,11875,12045,15873,1,0,2.5900470647084335,0.3178082191780822
BA-TOS-LS-AUTO,EFRGP01_01,crop03,7792,206,0.6166883311668833,12335,12448,19889,1,0,7.4676654277523005,0.5977667095115681
BA-TOS-LS-AUTO,EFRGP01_01,crop03,7793,205,0.7090440185217748,12097,12314,16844,1,0,2.5164600371742187,0.36787396459314603
BA-TOS-LS-AUTO,EFRGP01_01,crop03,7806,208,0.6607680722891566,12285,12471,18406,1,0,4.539444033262692,0.47590409750621443
BA-TOS-LS-AUTO,EFRGP01_01,crop03,7807,213,0.884125144843569,12208,12426,13590,1,1,0.11496575075019579,0.09367455335586673
BA-TOS-LS-AUTO,EFRGP01_01,crop03,7816,220,0.8810968921389397,12049,12250,13474,1,1,0.08034614758620173,0.09991836734693878
BA-TOS-LS-AUTO,EFRGP01_01,crop03,7819,214,0.6052853807560479,12185,12341,19975,1,0,7.492591707103505,0.6185884450206628
BA-TOS-LS-AUTO,EFRGP01_01,crop03,7820,219,0.5772843723313408,12168,12372,20874,1,0,7.75136308428046,0.6871968962172648
BA-TOS-LS-AUTO,EFRGP01_01,crop03,7831,222,0.8875893437296946,12294,12471,13674,1,1,0.050205691841593986,0.09646379600673563
BA-TOS-LS-AUTO,EFRGP01_01,crop03,7861,234,0.8883075357895501,12224,12443,13542,1,1,0.0960017941047311,0.08832275174797075
BA-TOS-LS-AUTO,EFRGP01_01,crop03,7867,231,0.7466261398176292,12282,12379,16353,1,0,2.4473129473666386,0.3210275466515874
BA-TOS-LS-AUTO,EFRGP01_01,crop03,7868,232,0.8867302315578177,12369,12516,13802,1,1,0.03448838012482737,0.10274848194311281
BA-TOS-LS-AUTO,EFRGP01_01,crop03,7885,239,0.8883870027684686,12194,12449,13471,1,1,0.2329522246535685,0.08209494738533216
BA-TOS-LS-AUTO,EFRGP01_01,crop03,7896,238,0.8892701408249338,12440,12647,13782,1,1,0.062313643364778744,0.08974460346327193
BA-TOS-LS-AUTO,EFRGP01_01,crop03,7906,247,0.8967592256941928,12369,12487,13675,1,1,0.09587969020265963,0.09513894450228237
BA-TOS-LS-AUTO,EFRGP01_01,crop03,7923,251,0.7584641573671269,12030,12145,15746,1,1,2.4082262354034443,0.2965006175380815
BA-TOS-LS-AUTO,EFRGP01_01,crop03,7929,253,0.8873269896193772,12309,12600,13581,1,1,0.06470622909567643,0.07785714285714286
BA-TOS-LS-AUTO,EFRGP01_01,crop03,7937,255,0.8886165381010742,12326,12452,13745,1,1,0.09654220418387718,0.10383874076453582
BA-TOS-LS-AUTO,EFRGP01_01,crop03,7938,254,0.8952178999707516,12243,12421,13498,1,1,0.05255234386451706,0.08670799452540053
BA-TOS-LS-AUTO,EFRGP01_01,crop03,7946,259,0.8886874546773024,12255,12391,13654,1,1,0.12255670273499973,0.10192881930433378
BA-TOS-LS-AUTO,EFRGP01_01,crop03,7948,257,0.88814825666569,12125,12372,13405,1,1,0.07259559970704547,0.08349498868412544
BA-TOS-LS-AUTO,EFRGP01_01,crop03,7975,264,0.7551692021111456,12162,12330,15937,1,1,2.43123166718183,0.29253852392538526
BA-TOS-LS-AUTO,EFRGP01_01,crop03,7992,274,0.602200488997555,12315,12407,20358,1,0,6.892112741364129,0.6408479084387846
BA-TOS-LS-AUTO,EFRGP01_01,crop03,7996,279,0.7975376196990424,12243,12388,15206,1,1,2.369668656941203,0.22747820471423957
BA-TOS-LS-AUTO,EFRGP01_01,crop03,8002,293,0.7505565174375464,12138,12326,15984,1,1,3.6125978719877216,0.2967710530585754
BA-TOS-LS-AUTO,EFRGP01_01,crop03,8005,280,0.6049395212308315,11953,12017,19695,1,0,3.2507725706978876,0.6389281850711492
BA-TOS-LS-AUTO,EFRGP01_01,crop03,8006,273,0.816078852085289,12171,12273,14812,1,1,1.4771088624810755,0.20687688421738776
BA-TOS-LS-AUTO,EFRGP01_01,crop03,9422,136,0.7337463199214916,11963,12242,16025,1,0,2.459075794637586,0.3090181342917824
BA-TOS-LS-AUTO,EFRGP01_01,crop03,9438,154,0.8879328887932889,12384,12483,13848,1,1,0.09531531715567383,0.10934871425138187
BA-TOS-LS-AUTO,EFRGP01_01,crop03,9439,146,0.8905483563950509,12164,12344,13479,1,1,0.0910082024484013,0.09194750486066106
BA-TOS-LS-AUTO,EFRGP01_01,crop03,9451,143,0.7019965772960639,12306,12575,17261,1,0,4.179018232694033,0.3726441351888668
BA-TOS-LS-AUTO,EFRGP01_01,crop03,9465,150,0.8833886563717708,12242,12435,13665,1,1,0.12907365977325505,0.09891435464414958
BA-TOS-LS-AUTO,EFRGP01_01,crop03,9492,163,0.6315950607204817,12378,12505,19471,1,0,6.909519688786208,0.5570571771291484
BA-TOS-LS-AUTO,EFRGP01_01,crop03,9493,162,0.8911762566378119,12251,12486,13512,1,1,0.038465445841924635,0.08217203267659778
BA-TOS-LS-AUTO,EFRGP01_01,crop03,9517,165,0.8884424313267095,12161,12377,13472,1,1,0.0714620537742937,0.08847055021410681
BA-TOS-LS-AUTO,EFRGP01_01,crop03,9519,164,0.5165805983526098,12104,12180,23355,1,0,6.3346944718426705,0.9174876847290641
BA-TOS-LS-AUTO,EFRGP01_01,crop03,9534,171,0.89017805020432,12199,12354,13549,1,1,0.05661102958607267,0.09672980411202849
BA-TOS-LS-AUTO,EFRGP01_01,crop03,9537,168,0.7529134639226382,12146,12215,16063,1,1,2.2826727574985846,0.3150225133033156
BA-TOS-LS-AUTO,EFRGP01_01,crop03,9541,175,0.8788528927983981,12289,12578,13694,1,1,0.17390864457367325,0.08872634759103196
BA-TOS-LS-AUTO,EFRGP01_01,crop03,9542,180,0.8930110275323158,12228,12405,13516,1,1,0.12700825538941635,0.08956066102378073
BA-TOS-LS-AUTO,EFRGP01_01,crop03,9547,179,0.8330747959803062,12352,12519,14660,1,1,0.8750115907064571,0.1710200495247224
BA-TOS-LS-AUTO,EFRGP01_01,crop03,9548,183,0.8810057076800809,12194,12381,13654,1,1,0.17561337824737427,0.10281883531217188
BA-TOS-LS-AUTO,EFRGP01_01,crop03,11865,192,0.8956682710107368,12096,12242,13359,1,1,0.0592858379288323,0.09124326090508086
BA-TOS-LS-AUTO,EFRGP01_01,crop03,11877,191,0.8839279456087474,12611,12910,13968,1,1,0.13358120492244976,0.08195197521301317
BA-TOS-LS-AUTO,EFRGP01_01,crop03,11884,198,0.7398181818181818,12207,12341,16366,1,0,2.442881086588043,0.32614861032331255
BA-TOS-LS-AUTO,EFRGP01_01,crop03,11889,196,0.8793190507105244,12190,12380,13673,1,1,0.14124615156793904,0.10444264943457189
BA-TOS-LS-AUTO,EFRGP01_01,crop03,11895,195,0.8840380013053883,12190,12475,13504,1,1,0.06256908124427955,0.08248496993987976
BA-TOS-LS-AUTO,EFRGP01_01,crop03,11900,201,0.7398272970118656,11909,12188,15818,1,0,2.468011084023657,0.29783393501805056
BA-TOS-LS-AUTO,EFRGP01_01,crop03,11918,202,0.8861637468716482,12393,12629,13749,1,1,0.052720026427134935,0.08868477314118299
BA-TOS-LS-AUTO,EFRGP01_01,crop03,11949,212,0.7283081877273541,12213,12362,16620,1,0,2.4021562749686516,0.34444264682090275
BA-TOS-LS-AUTO,EFRGP01_01,crop03,11950,209,0.8949887591558489,12341,12522,13608,1,1,0.058912593572554024,0.08672735984666986
BA-TOS-LS-AUTO,EFRGP01_01,crop03,11964,211,0.8861747119731661,12153,12390,13477,1,1,0.10678319734302015,0.0877320419693301
BA-TOS-LS-AUTO,EFRGP01_01,crop03,11975,221,0.8826188290133484,12497,12638,14018,1,1,0.06413432081293875,0.10919449279949359
BA-TOS-LS-AUTO,EFRGP01_01,crop03,11981,224,0.8850843250346792,12123,12381,13439,1,1,0.057684142954198915,0.0854535174864712
BA-TOS-LS-AUTO,EFRGP01_01,crop03,11995,223,0.8940175910445591,12299,12495,13561,1,1,0.1351938021629136,0.0853141256502601
BA-TOS-LS-AUTO,EFRGP01_01,crop03,12004,230,0.684621872364352,12176,12287,17674,1,0,4.1542103602096185,0.43843086188654673
BA-TOS-LS-AUTO,EFRGP01_01,crop03,12008,229,0.8820697089471793,12274,12437,13752,1,1,0.13575103885566933,0.10573289378467476
BA-TOS-LS-AUTO,EFRGP01_01,crop03,12013,233,0.885962971158811,12011,12256,13312,1,1,0.09618593743278564,0.08616187989556136
BA-TOS-LS-AUTO,EFRGP01_01,crop03,12014,226,0.7053181224814121,12427,12482,17564,1,0,2.6584487653448328,0.4071462906585483
BA-TOS-LS-AUTO,EFRGP01_01,crop03,12023,237,0.8830493791510251,12232,12512,13572,1,1,0.14068011116979656,0.08471867007672634
BA-TOS-LS-AUTO,EFRGP01_01,crop03,12027,235,0.8918115942028986,12307,12428,13679,1,1,0.10164520782145668,0.10065980045059543
BA-TOS-LS-AUTO,EFRGP01_01,crop03,12031,236,0.8975996476547016,12228,12327,13524,1,1,0.03563310466754214,0.09710391822827939
BA-TOS-LS-AUTO,EFRGP01_01,crop03,12051,245,0.6801546672475766,12489,12595,18256,1,0,5.112826661058857,0.4494640730448591
BA-TOS-LS-AUTO,EFRGP01_01,crop03,12059,248,0.7364198664951926,12025,12094,16260,1,0,2.4386150410439447,0.34446833140400196
BA-TOS-LS-AUTO,EFRGP01_01,crop03,12062,249,0.8853987378083764,12346,12514,13776,1,1,0.12483107007830382,0.10084705130254115
BA-TOS-LS-AUTO,EFRGP01_01,crop03,12070,250,0.8924372187545362,12296,12380,13694,1,1,0.042580991809405784,0.1061389337641357
BA-TOS-LS-AUTO,EFRGP01_01,crop03,12093,256,0.7563558017851647,12287,12358,16174,1,1,2.309789258458465,0.30878782974591357
BA-TOS-LS-AUTO,EFRGP01_01,crop03,12110,262,0.8904916102443332,12100,12267,13421,1,1,0.10927174486165452,0.09407353061058124
BA-TOS-LS-AUTO,EFRGP01_01,crop03,12136,272,0.773071668115762,12448,12606,15944,1,1,2.783570426174543,0.26479454228145327
BA-TOS-LS-AUTO,EFRGP01_01,crop03,12138,268,0.8939219357626387,12413,12542,13757,1,1,0.07098087696791056,0.0968745016743741
BA-TOS-LS-AUTO,EFRGP01_01,crop03,12148,270,0.5245144583513164,12153,12367,22956,1,0,8.283980902505844,0.8562302902886715
BA-TOS-LS-AUTO,EFRGP01_01,crop03,12157,275,0.5928718958643546,12343,12512,20650,1,0,6.177203848146851,0.6504156010230179
BA-TOS-LS-AUTO,EFRGP01_01,crop03,12164,292,0.8184811827956989,12179,12262,14797,1,1,1.742726601696773,0.20673625835915838
BA-TOS-LS-AUTO,EFRGP01_01,crop03,12172,284,0.5864355908408772,12114,12258,20513,1,0,4.738724020574949,0.6734377549355522
BA-TOS-LS-AUTO,EFRGP01_01,crop03,12173,285,0.6520542143159678,12316,12512,18692,1,0,4.427677835968111,0.49392583120204603
BA-TOS-LS-AUTO,EFRGP01_01,crop03,13728,139,0.7901990811638591,12384,12547,15509,1,1,2.261103923150743,0.23607236789670838
BA-TOS-LS-AUTO,EFRGP01_01,crop03,13763,149,0.8869219653179191,12275,12451,13664,1,1,0.11578608999820901,0.09742189382378925
BA-TOS-LS-AUTO,EFRGP01_01,crop03,13765,147,0.8931849389318494,12359,12442,13754,1,1,0.14326509477068297,0.10544928468091946
BA-TOS-LS-AUTO,EFRGP01_01,crop03,13766,148,0.8890186063480482,12184,12386,13503,1,1,0.07791766104937206,0.09018246407233974
BA-TOS-LS-AUTO,EFRGP01_01,crop03,13777,153,0.7667709637046308,12253,12411,15822,1,1,2.1905992541606114,0.27483683828861494
BA-TOS-LS-AUTO,EFRGP01_01,crop03,13782,152,0.8986366330764671,12128,12201,13423,1,1,0.12916646184974467,0.10015572494057864
BA-TOS-LS-AUTO,EFRGP01_01,crop03,13790,156,0.8910856746444675,12845,12945,14315,1,1,0.057889256230237586,0.10583236770954037
BA-TOS-LS-AUTO,EFRGP01_01,crop03,13791,157,0.7478762324052831,12061,12205,15983,1,0,2.4383682591440436,0.30954526833265056
BA-TOS-LS-AUTO,EFRGP01_01,crop03,13824,160,0.8863206861462422,12194,12417,13535,1,1,0.16092300523025824,0.09003785133285012
BA-TOS-LS-AUTO,EFRGP01_01,crop03,13846,169,0.8913262370540852,12393,12548,13749,1,1,0.059435235467318645,0.09571246413771119
BA-TOS-LS-AUTO,EFRGP01_01,crop03,13847,166,0.743505305525064,12192,12234,16356,1,0,2.3856277726138115,0.3369298675821481
BA-TOS-LS-AUTO,EFRGP01_01,crop03,13855,170,0.8917151162790697,12270,12467,13563,1,1,0.11810335336250236,0.08791208791208792
BA-TOS-LS-AUTO,EFRGP01_01,crop03,13861,177,0.8953879941434846,12231,12357,13534,1,1,0.09496843070907084,0.09524965606538804
BA-TOS-LS-AUTO,EFRGP01_01,crop03,13863,178,0.8929177268871925,12633,12797,13984,1,1,0.07146235714579088,0.09275611471438619
BA-TOS-LS-AUTO,EFRGP01_01,crop03,13864,172,0.891545316235601,12306,12443,13666,1,1,0.07934966399051244,0.0982881941653942
BA-TOS-LS-AUTO,EFRGP01_01,crop03,13865,174,0.721392734086925,11934,12176,16301,1,0,2.4685523919320507,0.33878120893561103
BA-TOS-LS-AUTO,EFRGP01_01,crop03,13866,173,0.8844481839854158,12614,12748,14128,1,1,0.08048477073288077,0.10825227486664575
BA-TOS-LS-AUTO,EFRGP01_01,crop03,13874,176,0.7385957472587387,12192,12339,16360,1,0,2.4287073717540455,0.32587729961909395
BA-TOS-LS-AUTO,EFRGP01_01,crop03,13884,184,0.8936465095922387,12251,12419,13541,1,1,0.1029911862811737,0.09034543844109831
BA-TOS-LS-AUTO,EFRGP01_01,crop03,13893,185,0.6399874778253156,12266,12389,19043,1,0,6.715898965254861,0.5370893534587133
BA-TOS-LS-AUTO,EFRGP01_01,crop03,13908,186,0.8674785616487714,12038,12202,13713,1,1,0.16804558939300127,0.12383215866251435
BA-TOS-LS-AUTO,EFRGP01_01,crop03,13909,187,0.8814971854667739,12058,12258,13479,1,1,0.02722935574402163,0.09960841899167891
BA-TOS-LS-AUTO,EFRGP01_01,crop03,13914,197,0.8766485091743119,12231,12542,13641,1,1,0.11973135629676361,0.08762557805772604
BA-TOS-LS-AUTO,EFRGP01_01,crop03,13921,207,0.8775890489500466,12245,12445,13753,1,1,0.06705280655021409,0.10510245078344717
BA-TOS-LS-AUTO,EFRGP01_01,crop03,13923,216,0.7531883432936972,12225,12435,16021,1,1,2.30757387542912,0.2883795737836751
BA-TOS-LS-AUTO,EFRGP01_01,crop03,13929,218,0.8914067098293114,12116,12332,13376,1,1,0.09659350956271344,0.08465780084333442
BA-TOS-LS-AUTO,EFRGP01_01,crop03,13938,225,0.8947750890196934,12313,12550,13524,1,1,0.0738545878685206,0.07760956175298805
BA-TOS-LS-AUTO,EFRGP01_01,crop03,13947,244,0.7557336621454994,12258,12356,16122,1,1,2.3357167485086383,0.30479119456134673
BA-TOS-LS-AUTO,EFRGP01_01,crop03,13951,252,0.8853231267481231,12028,12315,13299,1,1,0.21286894263605766,0.07990255785627284
BA-TOS-LS-AUTO,EFRGP01_01,crop03,13958,258,0.8970330312774043,12275,12463,13496,1,1,0.0843902381711985,0.08288534060820027
BA-TOS-LS-AUTO,EFRGP01_01,crop03,13965,265,0.888331150880256,12211,12388,13569,1,1,0.06670720756121558,0.09533419438165967
BA-TOS-LS-AUTO,EFRGP01_01,crop03,13966,263,0.8923724508309747,12296,12390,13685,1,1,0.07324102954335744,0.10451977401129943
BA-TOS-LS-AUTO,EFRGP01_01,crop03,13976,282,0.5797480389826479,12195,12272,20958,1,0,6.683766861069212,0.7077900912646675
BA-TOS-LS-AUTO,EFRGP01_01,crop03,13978,291,0.6034040453872719,12231,12290,20211,1,0,4.312308678179517,0.6445077298616761
BA-TOS-LS-AUTO,EFRGP01_01,crop03,13981,294,0.6792473652265077,12310,12441,17992,1,0,4.124758965616698,0.44618599791013586
BA-TOS-LS-AUTO,EFRGP01_00,crop04,7251,36,0.7187261744179227,12255,12337,16969,1,0,3.7776675496329646,0.3754559455297074
BA-TOS-LS-AUTO,EFRGP01_00,crop04,7257,20,0.8616773647457149,12216,12310,14083,1,1,1.6876408844000363,0.14402924451665314
BA-TOS-LS-AUTO,EFRGP01_00,crop04,7258,37,0.9109858319115792,12281,12352,13410,1,1,0.928006511430747,0.0856541450777202
BA-TOS-LS-AUTO,EFRGP01_00,crop04,7259,27,0.5517256835499776,12309,12397,22222,1,0,8.054870258697944,0.7925304509155441
BA-TOS-LS-AUTO,EFRGP01_00,crop04,7264,33,0.5461199928148015,12161,12260,22169,1,0,8.616252966880399,0.8082381729200653
BA-TOS-LS-AUTO,EFRGP01_00,crop04,7265,24,0.9030563161400134,12203,12281,13435,1,1,0.7422851289008616,0.09396628939011481
BA-TOS-LS-AUTO,EFRGP01_00,crop04,7269,31,0.5952658695440848,12247,12327,20494,1,0,7.475679356963483,0.6625294069927801
BA-TOS-LS-AUTO,EFRGP01_00,crop04,7270,32,0.9187995809010627,12277,12358,13281,1,1,0.8682259631413554,0.07468846091600582
BA-TOS-LS-AUTO,EFRGP01_00,crop04,7271,22,0.8588555098626891,12322,12421,14248,1,1,2.0473366971546976,0.14708960631189116
BA-TOS-LS-AUTO,EFRGP01_00,crop04,7273,25,0.74489488585025,12366,12454,16513,1,0,3.1393236460708107,0.32591938333065684
BA-TOS-LS-AUTO,EFRGP01_00,crop04,7276,40,0.8424479166666666,12293,12418,14467,1,1,2.7125317918863625,0.16500241584796263
BA-TOS-LS-AUTO,EFRGP01_00,crop04,7277,34,0.8939991239597022,12246,12376,13568,1,1,1.2297046864246302,0.09631544925662573
BA-TOS-LS-AUTO,EFRGP01_00,crop04,7278,28,0.8767992019381502,12305,12414,13925,1,1,1.5748996041861019,0.12171741582084743
BA-TOS-LS-AUTO,EFRGP01_00,crop04,7280,39,0.8587877931619101,12157,12235,14078,1,1,1.8010953702986419,0.15063342868818963
BA-TOS-LS-AUTO,EFRGP01_00,crop04,7282,41,0.8862449216482878,12216,12422,13578,1,1,1.3019272288611878,0.09306069876026404
BA-TOS-LS-AUTO,EFRGP01_00,crop04,7284,47,0.580697875612804,12082,12207,20681,1,0,8.422494679075012,0.6941918571311543
BA-TOS-LS-AUTO,EFRGP01_00,crop04,7285,38,0.6721764608325501,12159,12213,18035,1,0,6.655111062307653,0.47670515024973387
BA-TOS-LS-AUTO,EFRGP01_00,crop04,7292,46,0.9636032035524542,12152,12267,12496,1,1,0.023443900379668384,0.018667970979049483
BA-TOS-LS-AUTO,EFRGP01_00,crop04,7294,48,0.6699493838028169,12177,12250,18103,1,0,7.272260801423922,0.4777959183673469
BA-TOS-LS-AUTO,EFRGP01_00,crop04,7297,50,0.6971076284858262,12099,12173,17282,1,0,6.896193610064078,0.4196993345929516
BA-TOS-LS-AUTO,EFRGP01_00,crop04,7298,51,0.9554675118858954,12058,12196,12482,1,1,0.06464863787109308,0.023450311577566416
BA-TOS-LS-AUTO,EFRGP01_00,crop04,7301,58,0.752141458639256,12293,12372,16265,1,1,4.9603383473570295,0.3146621403168445
BA-TOS-LS-AUTO,EFRGP01_00,crop04,7304,52,0.9623361144219309,12111,12237,12459,1,1,0.04333064281029989,0.018141701397401323
BA-TOS-LS-AUTO,EFRGP01_00,crop04,7306,53,0.8175987171777911,12237,12295,14909,1,1,2.4237382974781467,0.2126067507116714
BA-TOS-LS-AUTO,EFRGP01_00,crop04,7310,59,0.9471157629652948,12035,12203,12539,1,1,0.12219130509721535,0.02753421289846759
BA-TOS-LS-AUTO,EFRGP01_00,crop04,7312,57,0.7067855089131685,12291,12362,17319,1,0,6.081223434395024,0.40098689532438114
BA-TOS-LS-AUTO,EFRGP01_00,crop04,7319,49,0.7868167202572347,12235,12320,15465,1,1,4.387524197823434,0.255275974025974
BA-TOS-LS-AUTO,EFRGP01_00,crop04,7322,60,0.9542670802513322,11998,12122,12449,1,1,0.1175094569952084,0.026975746576472528
BA-TOS-LS-AUTO,EFRGP01_00,crop04,7324,63,0.9573369349328672,12050,12179,12458,1,1,0.0985721286400896,0.02290828475244273
BA-TOS-LS-AUTO,EFRGP01_00,crop04,7327,62,0.961956953379398,12112,12211,12492,1,1,0.07326243236081574,0.023012038326099417
BA-TOS-LS-AUTO,EFRGP01_00,crop04,7328,64,0.9507875558341823,12133,12280,12614,1,1,0.0362917208023202,0.02719869706840391
BA-TOS-LS-AUTO,EFRGP01_00,crop04,7335,71,0.9577988915281077,12097,12177,12550,1,1,0.07239276182104626,0.030631518436396485
BA-TOS-LS-AUTO,EFRGP01_00,crop04,7336,69,0.5910463756819954,12133,12217,20444,1,0,9.846834295410973,0.6734059097978227
BA-TOS-LS-AUTO,EFRGP01_00,crop04,7339,65,0.8599804168415163,12296,12402,14192,1,1,1.580369059650722,0.14433155942589904
BA-TOS-LS-AUTO,EFRGP01_00,crop04,7341,68,0.9531738586616635,12193,12358,12627,1,1,0.14313591352435112,0.02176727625829422
BA-TOS-LS-AUTO,EFRGP01_00,crop04,7342,67,0.9576437367636678,12209,12332,12626,1,1,0.07471915134905346,0.02384041518001946
BA-TOS-LS-AUTO,EFRGP01_00,crop04,7345,73,0.95625,12240,12375,12665,1,1,0.028359143682420745,0.023434343434343436
BA-TOS-LS-AUTO,EFRGP01_00,crop04,7351,79,0.9583268178264269,12257,12359,12688,1,1,0.016297201049466737,0.02662027672141759
BA-TOS-LS-AUTO,EFRGP01_00,crop04,7353,75,0.9631737000158053,12188,12275,12567,1,1,0.03857409090979178,0.02378818737270876
BA-TOS-LS-AUTO,EFRGP01_00,crop04,7360,70,0.958195298943051,12148,12245,12581,1,1,0.07916236807682657,0.027439771335238873
BA-TOS-LS-AUTO,EFRGP01_00,crop04,7363,78,0.959428344581183,12084,12207,12472,1,1,0.06744340408992307,0.021708855574670272
BA-TOS-LS-AUTO,EFRGP01_00,crop04,7364,83,0.949092062485132,11969,12109,12471,1,1,0.08836729634797968,0.02989511933272772
BA-TOS-LS-AUTO,EFRGP01_00,crop04,7365,80,0.9611234528721041,12114,12215,12503,1,1,0.03599422795797185,0.023577568563241915
BA-TOS-LS-AUTO,EFRGP01_00,crop04,7366,76,0.9599906228022193,12285,12389,12693,1,1,0.05699154302911368,0.024537896521107435
BA-TOS-LS-AUTO,EFRGP01_00,crop04,7368,74,0.9549744700603435,12344,12442,12828,1,1,0.04466304222293602,0.03102395113325832
BA-TOS-LS-AUTO,EFRGP01_00,crop04,7371,77,0.9554655870445344,12036,12188,12445,1,1,0.08446517587717249,0.021086314407614045
BA-TOS-LS-AUTO,EFRGP01_00,crop04,7373,84,0.9572275991258196,12264,12401,12675,1,1,0.07369796907307635,0.022094992339327473
BA-TOS-LS-AUTO,EFRGP01_00,crop04,7376,82,0.9524144397562119,12189,12322,12665,1,1,0.05871667149229585,0.02783639019639669
BA-TOS-LS-AUTO,EFRGP01_00,crop04,7380,85,0.9562273657691702,12146,12229,12619,1,1,0.058311275920397164,0.031891405675034755
BA-TOS-LS-AUTO,EFRGP01_00,crop04,7382,88,0.9648328967214416,12154,12279,12472,1,1,0.09441919053413088,0.015717892336509488
BA-TOS-LS-AUTO,EFRGP01_00,crop04,7383,89,0.963679060665362,12311,12384,12702,1,1,0.04330947585172775,0.02567829457364341
BA-TOS-LS-AUTO,EFRGP01_00,crop04,7388,87,0.9482948294829483,12068,12204,12590,1,1,0.07524017753961909,0.03162897410685021
BA-TOS-LS-AUTO,EFRGP01_00,crop04,7389,92,0.9591964355506918,12271,12422,12642,1,1,0.034380738494080965,0.01771051360489454
BA-TOS-LS-AUTO,EFRGP01_00,crop04,7390,96,0.956365623292483,12252,12365,12698,1,1,0.06425461501644056,0.026930853214718966
BA-TOS-LS-AUTO,EFRGP01_00,crop04,7392,93,0.9562072489975627,12162,12299,12582,1,1,0.08287055658947494,0.023010000813074232
BA-TOS-LS-AUTO,EFRGP01_00,crop04,7396,91,0.7710843373493976,12352,12387,15984,1,1,4.836562166403244,0.29038508113344635
BA-TOS-LS-AUTO,EFRGP01_00,crop04,7397,98,0.6132277834525025,12007,12081,19506,1,0,8.175436604657225,0.6146014402781227
BA-TOS-LS-AUTO,EFRGP01_00,crop04,7401,90,0.7333333333333333,12232,12343,16569,1,0,5.4000728656082,0.34238029652434576
BA-TOS-LS-AUTO,EFRGP01_00,crop04,7404,97,0.6127939317319848,12118,12169,19724,1,0,7.877563101551806,0.6208398389349987
BA-TOS-LS-AUTO,EFRGP01_00,crop04,7405,106,0.9494894379920492,12181,12333,12677,1,1,0.024320154414807674,0.027892645747182355
BA-TOS-LS-AUTO,EFRGP01_00,crop04,7410,104,0.9569039956040506,12190,12272,12657,1,1,0.035398941320146496,0.031372229465449805
BA-TOS-LS-AUTO,EFRGP01_00,crop04,7412,105,0.961648177496038,12136,12229,12527,1,1,0.04565471081123081,0.024368304849129118
BA-TOS-LS-AUTO,EFRGP01_00,crop04,7413,103,0.9584315574414585,12197,12321,12602,1,1,0.08485030424228662,0.022806590374157942
BA-TOS-LS-AUTO,EFRGP01_00,crop04,7417,112,0.7254105597739714,12324,12422,16891,1,0,5.75194159737665,0.3597649331830623
BA-TOS-LS-AUTO,EFRGP01_00,crop04,7420,108,0.9553025672371638,12503,12674,12917,1,1,0.08870856626685164,0.01917311030456052
BA-TOS-LS-AUTO,EFRGP01_00,crop04,7424,107,0.9645055559996802,12065,12155,12419,1,1,0.07367513295385465,0.02171945701357466
BA-TOS-LS-AUTO,EFRGP01_00,crop04,7428,113,0.9564634434892342,12127,12220,12586,1,1,0.07121794314842067,0.02995090016366612
BA-TOS-LS-AUTO,EFRGP01_00,crop04,7430,111,0.9632017612832207,12250,12389,12579,1,1,0.12392433755389692,0.015336185325692146
BA-TOS-LS-AUTO,EFRGP01_00,crop04,7433,109,0.8445003741242092,12415,12501,14615,1,1,2.7446353313047243,0.16910647148228142
BA-TOS-LS-AUTO,EFRGP01_00,crop04,7434,110,0.958004223039024,12250,12410,12627,1,1,0.08400379686051129,0.01748589846897663
BA-TOS-LS-AUTO,EFRGP01_00,crop04,7436,115,0.9613572101790764,12240,12294,12678,1,1,0.027321128692045418,0.031234748657881894
BA-TOS-LS-AUTO,EFRGP01_00,crop04,7441,118,0.9530159228174759,12150,12282,12617,1,1,0.0356176368033816,0.02727568799869728
BA-TOS-LS-AUTO,EFRGP01_00,crop04,7443,119,0.9539643949494158,12164,12270,12645,1,1,0.10346495133713904,0.030562347188264057
BA-TOS-LS-AUTO,EFRGP01_00,crop04,7447,120,0.9572717202088938,12098,12177,12559,1,1,0.06198640794076213,0.031370616736470396
BA-TOS-LS-AUTO,EFRGP01_00,crop04,7448,121,0.9649510577833912,12224,12312,12580,1,1,0.03935342361060839,0.021767381416504222
BA-TOS-LS-AUTO,EFRGP01_00,crop04,7449,116,0.9626168224299065,12257,12343,12647,1,1,0.02389750402854013,0.024629344567771206
BA-TOS-LS-AUTO,EFRGP01_00,crop04,7460,131,0.9614079393891564,12182,12361,12492,1,1,0.043825961228959626,0.010597848070544454
BA-TOS-LS-AUTO,EFRGP01_00,crop04,7462,129,0.7420537897310513,12140,12262,16238,1,0,5.381229921708008,0.3242537922035557
BA-TOS-LS-AUTO,EFRGP01_00,crop04,7465,123,0.5571864885809363,12223,12385,21775,1,0,6.249097215476605,0.7581752119499394
BA-TOS-LS-AUTO,EFRGP01_00,crop04,7466,132,0.9593540333905446,12297,12391,12724,1,1,0.04621108950271805,0.026874344282140264
BA-TOS-LS-AUTO,EFRGP01_00,crop04,7467,128,0.9591562648127666,12141,12293,12506,1,1,0.08449493828444643,0.017326934027495324
BA-TOS-LS-AUTO,EFRGP01_00,crop04,7472,134,0.8150866058442418,12329,12438,15017,1,1,2.9519183426568874,0.2073484483035858
BA-TOS-LS-AUTO,EFRGP01_00,crop04,7473,130,0.9646769328464836,12153,12257,12494,1,1,0.0855892146502293,0.0193358896956841
BA-TOS-LS-AUTO,EFRGP01_00,crop04,7476,139,0.9598101265822785,12132,12242,12530,1,1,0.07969388614956549,0.023525567717693187
BA-TOS-LS-AUTO,EFRGP01_00,crop04,7477,142,0.9613189600507293,12128,12261,12483,1,1,0.049660035130808744,0.018106190359677025
BA-TOS-LS-AUTO,EFRGP01_00,crop04,7480,140,0.955390625,12229,12386,12643,1,1,0.12807905540076145,0.02074923300500565
BA-TOS-LS-AUTO,EFRGP01_00,crop04,7481,135,0.9555241238409555,12160,12264,12622,1,1,0.03891665629019106,0.029191128506196998
BA-TOS-LS-AUTO,EFRGP01_00,crop04,7482,136,0.9464120726824762,12292,12338,12942,1,1,0.2989997223730675,0.04895444966769331
BA-TOS-LS-AUTO,EFRGP01_00,crop04,7483,133,0.8906903381996919,12141,12239,13533,1,1,1.4325720537619555,0.10572759212353951
BA-TOS-LS-AUTO,EFRGP01_00,crop04,7484,143,0.879905301671569,12265,12399,13805,1,1,1.652712004952834,0.1133962416323897
BA-TOS-LS-AUTO,EFRGP01_00,crop04,7488,141,0.9632051686101482,12225,12410,12507,1,1,0.053536303730346686,0.00781627719580983
BA-TOS-LS-AUTO,EFRGP01_00,crop04,7491,146,0.9587369084179856,12175,12259,12615,1,1,0.05067660647382098,0.02903988906109797
BA-TOS-LS-AUTO,EFRGP01_00,crop04,7494,145,0.953064088570092,12224,12337,12713,1,1,0.051393317334913695,0.030477425630218043
BA-TOS-LS-AUTO,EFRGP01_00,crop04,7495,144,0.9514449056308246,12149,12319,12599,1,1,0.03960081102669829,0.0227291176231837
BA-TOS-LS-AUTO,EFRGP01_00,crop04,7496,147,0.9568396226415095,12171,12287,12604,1,1,0.05068684076234277,0.02579962562057459
BA-TOS-LS-AUTO,EFRGP01_00,crop04,7497,148,0.9597188215780744,12151,12269,12543,1,1,0.0419471748685283,0.022332708452196592
BA-TOS-LS-AUTO,EFRGP01_00,crop04,7501,149,0.8653122114086809,12181,12316,13942,1,1,1.359396502829856,0.13202338421565443
BA-TOS-LS-AUTO,EFRGP01_00,crop04,7509,152,0.6521969016020727,12335,12419,18829,1,0,6.510404010434037,0.5161446171189307
BA-TOS-LS-AUTO,EFRGP01_00,crop04,7512,160,0.9673991210547344,12107,12225,12397,1,1,0.09146366697425565,0.014069529652351738
BA-TOS-LS-AUTO,EFRGP01_00,crop04,7513,150,0.9533772136028835,12167,12245,12684,1,1,0.06910530971180479,0.03585136790526745
BA-TOS-LS-AUTO,EFRGP01_00,crop04,7514,161,0.9672026747333227,12150,12246,12466,1,1,0.057225021131157155,0.01796504981218357
BA-TOS-LS-AUTO,EFRGP01_00,crop04,7516,158,0.9591115994349396,12221,12321,12642,1,1,0.022580339568594423,0.026053080107134162
BA-TOS-LS-AUTO,EFRGP01_00,crop04,7517,154,0.9559284818067754,12190,12305,12637,1,1,0.05742751167790648,0.02698090207232832
BA-TOS-LS-AUTO,EFRGP01_00,crop04,7519,151,0.9595034910783553,12368,12476,12782,1,1,0.04948733708368575,0.02452709201667201
BA-TOS-LS-AUTO,EFRGP01_00,crop04,7523,163,0.873252365485101,12367,12487,14042,1,1,1.6364018880840487,0.12452951069111877
BA-TOS-LS-AUTO,EFRGP01_00,crop04,7527,156,0.708027933283315,12268,12302,17293,1,0,3.5264710284415055,0.4057063892050073
BA-TOS-LS-AUTO,EFRGP01_00,crop04,7529,162,0.9616453585325181,12110,12198,12505,1,1,0.029459136289820078,0.025168060337760288
BA-TOS-LS-AUTO,EFRGP01_00,crop04,7532,159,0.6228337902850344,12040,12127,19244,1,0,6.261031591434825,0.5868722684917952
BA-TOS-LS-AUTO,EFRGP01_00,crop04,7542,169,0.9588425451391627,12161,12248,12596,1,1,0.05884993612160817,0.028412802090137166
BA-TOS-LS-AUTO,EFRGP01_00,crop04,7543,167,0.9622345843453733,12281,12387,12657,1,1,0.03319486375578903,0.021797045289416325
BA-TOS-LS-AUTO,EFRGP01_00,crop04,7544,168,0.959776007571575,12169,12296,12552,1,1,0.0660835162782694,0.02081977878985036
BA-TOS-LS-AUTO,EFRGP01_00,crop04,7545,165,0.9542503863987635,12348,12506,12782,1,1,0.03226349090383849,0.0220694066847913
BA-TOS-LS-AUTO,EFRGP01_00,crop04,7546,172,0.9602538675128917,12104,12260,12449,1,1,0.06378487633947887,0.015415986949429037
BA-TOS-LS-AUTO,EFRGP01_00,crop04,7549,177,0.9537417113988002,12082,12221,12529,1,1,0.05227083568199494,0.025202520252025202
BA-TOS-LS-AUTO,EFRGP01_00,crop04,7550,170,0.9620213185945519,12184,12300,12549,1,1,0.04636621902281284,0.02024390243902439
BA-TOS-LS-AUTO,EFRGP01_00,crop04,7555,174,0.9536516853932584,12222,12349,12689,1,1,0.0752839247536363,0.027532593732286014
BA-TOS-LS-AUTO,EFRGP01_00,crop04,7558,173,0.9454928259513412,12125,12305,12644,1,1,0.07076792870569114,0.027549776513612352
BA-TOS-LS-AUTO,EFRGP01_00,crop04,7559,176,0.5775692163303613,12308,12350,21268,1,0,7.6963735705615,0.7221052631578947
BA-TOS-LS-AUTO,EFRGP01_00,crop04,7562,178,0.9613412228796844,12185,12295,12565,1,1,0.07160389052958284,0.021960146400976006
BA-TOS-LS-AUTO,EFRGP01_00,crop04,7709,175,0.9576231794236133,12361,12477,12792,1,1,0.06590529550922085,0.02524645347439288
BA-TOS-LS-AUTO,EFRGP01_00,crop04,7712,181,0.9559783035924848,12161,12272,12610,1,1,0.053929874856772315,0.02754237288135593
BA-TOS-LS-AUTO,EFRGP01_00,crop04,14349,234,0.9605992041819459,12312,12375,12754,1,1,0.08716307144036789,0.030626262626262626
BA-TOS-LS-AUTO,EFRGP01_00,crop04,14351,242,0.9518627373103503,11983,12184,12388,1,1,0.06334467945576135,0.01674326986211425
BA-TOS-LS-AUTO,EFRGP01_00,crop04,14352,241,0.9574905183312263,12118,12197,12577,1,1,0.05060404788070608,0.03115520209887677
BA-TOS-LS-AUTO,EFRGP01_00,crop04,14353,238,0.9505546008436182,12169,12310,12661,1,1,0.08677516955846175,0.02851340373679935
BA-TOS-LS-AUTO,EFRGP01_00,crop04,14354,235,0.9569513055751588,12204,12341,12616,1,1,0.055428607558711776,0.022283445425816385
BA-TOS-LS-AUTO,EFRGP01_00,crop04,14355,239,0.9581914640905852,12101,12237,12493,1,1,0.06963212715504458,0.0209201601699763
BA-TOS-LS-AUTO,EFRGP01_00,crop04,14356,236,0.7733207190160832,12261,12324,15792,1,1,4.223228655020525,0.28140214216163584
BA-TOS-LS-AUTO,EFRGP01_00,crop04,14359,245,0.9539489011415703,12284,12416,12745,1,1,0.11440331330076006,0.026498067010309278
BA-TOS-LS-AUTO,EFRGP01_00,crop04,14360,240,0.9585743317179928,12264,12395,12663,1,1,0.059303760412501974,0.021621621621621623
BA-TOS-LS-AUTO,EFRGP01_00,crop04,14364,246,0.9542513863216266,12390,12515,12859,1,1,0.09094931110452796,0.027487015581302437
BA-TOS-LS-AUTO,EFRGP01_00,crop04,14368,247,0.9465423465423466,12182,12328,12724,1,1,0.09017944657323981,0.03212199870214147
BA-TOS-LS-AUTO,EFRGP01_00,crop04,14369,251,0.9662376866857324,12163,12201,12550,1,1,0.041587876756952295,0.028604212769445126
BA-TOS-LS-AUTO,EFRGP01_00,crop04,14373,250,0.9567192730750836,12003,12108,12441,1,1,0.0668147775143759,0.027502477700693757
BA-TOS-LS-AUTO,EFRGP01_00,crop04,14377,252,0.8823313782991202,12035,12091,13584,1,1,1.7440540237026232,0.12348027458440163
BA-TOS-LS-AUTO,EFRGP01_00,crop04,14380,255,0.95479646576207,12103,12244,12535,1,1,0.06405975422977482,0.02376674289447893
BA-TOS-LS-AUTO,EFRGP01_00,crop04,14384,256,0.9480957989791912,12074,12234,12575,1,1,0.05027892698453003,0.027873140428314534
BA-TOS-LS-AUTO,EFRGP01_00,crop04,14387,254,0.8315537303216974,12149,12250,14509,1,1,2.7463705954246236,0.18440816326530612
BA-TOS-LS-AUTO,EFRGP01_00,crop04,14394,257,0.9658404829996823,12158,12238,12508,1,1,0.05947060572788197,0.022062428501389116
BA-TOS-LS-AUTO,EFRGP01_00,crop04,14396,263,0.963656650992269,12091,12172,12466,1,1,0.031617681104366455,0.02415379559645087
BA-TOS-LS-AUTO,EFRGP01_00,crop04,14397,260,0.9440700286621737,12187,12385,12711,1,1,0.11701515805131628,0.02632216390795317
BA-TOS-LS-AUTO,EFRGP01_00,crop04,14398,259,0.9589525831564049,12195,12292,12620,1,1,0.0612883494076201,0.026684022128213473
BA-TOS-LS-AUTO,EFRGP01_00,crop04,14399,267,0.9615233299236762,12220,12314,12615,1,1,0.07409143666020286,0.02444372259217151
BA-TOS-LS-AUTO,EFRGP01_00,crop04,14408,265,0.956370534302877,12100,12170,12582,1,1,0.08872498841245473,0.033853738701725554
BA-TOS-LS-AUTO,EFRGP01_00,crop04,14410,272,0.9631978701746143,12301,12388,12684,1,1,0.050118149437362515,0.02389409105586051
BA-TOS-LS-AUTO,EFRGP01_00,crop04,14411,261,0.9677470481020684,12212,12283,12548,1,1,0.03373398463813231,0.02157453390865424
BA-TOS-LS-AUTO,EFRGP01_00,crop04,14412,269,0.9597278265685576,12130,12315,12454,1,1,0.08189232255984175,0.011287048315062932
BA-TOS-LS-AUTO,EFRGP01_00,crop04,14417,268,0.9578052428560183,12167,12254,12616,1,1,0.03192183891465618,0.02954137424514444
BA-TOS-LS-AUTO,EFRGP01_00,crop04,14418,262,0.9554030874785592,12254,12392,12688,1,1,0.05694046139872507,0.023886378308586184
BA-TOS-LS-AUTO,EFRGP01_00,crop04,14419,271,0.9507877086257994,12191,12335,12678,1,1,0.06277283453448906,0.027807053100932306
BA-TOS-LS-AUTO,EFRGP01_00,crop04,14422,273,0.9643567507359376,12121,12219,12471,1,1,0.08328692874004838,0.020623618954087895
BA-TOS-LS-AUTO,EFRGP01_00,crop04,14423,276,0.5324595893403233,12188,12288,22790,1,0,6.9834715934313785,0.8546549479166666
BA-TOS-LS-AUTO,EFRGP01_00,crop04,14429,278,0.948509485094851,12250,12404,12761,1,1,0.044248600611438905,0.02878103837471783
BA-TOS-LS-AUTO,EFRGP01_00,crop04,14430,274,0.9617619346733668,12249,12310,12675,1,1,0.10601592569925586,0.029650690495532088
BA-TOS-LS-AUTO,EFRGP01_00,crop04,14432,282,0.7188643607602409,12179,12275,16846,1,0,4.369838132360975,0.37238289205702646
BA-TOS-LS-AUTO,EFRGP01_00,crop04,14433,283,0.9634136828145721,12350,12458,12711,1,1,0.05956521128350528,0.020308235671857442
BA-TOS-LS-AUTO,EFRGP01_00,crop04,14442,289,0.9607765764343777,12174,12295,12550,1,1,0.0659180915198488,0.02074013826758845
BA-TOS-LS-AUTO,EFRGP01_00,crop04,14443,290,0.9510724909973384,12149,12268,12655,1,1,0.11233950992862274,0.031545484186501466
BA-TOS-LS-AUTO,EFRGP01_00,crop04,14444,292,0.9676403432800567,12290,12382,12609,1,1,0.08219936430628559,0.01833306412534324
BA-TOS-LS-AUTO,EFRGP01_00,crop04,14445,285,0.9627260522782911,12191,12304,12550,1,1,0.11669885363356156,0.019993498049414825
BA-TOS-LS-AUTO,EFRGP01_00,crop04,14446,286,0.9623576794981024,12425,12503,12833,1,1,0.019025401496512804,0.026393665520275136
BA-TOS-LS-AUTO,EFRGP01_00,crop04,14451,291,0.956806179553874,12139,12310,12516,1,1,0.08019788861351543,0.016734362307067426
BA-TOS-LS-AUTO,EFRGP01_00,crop04,14453,297,0.9622280659813531,12075,12170,12454,1,1,0.046498301031946895,0.02333607230895645
BA-TOS-LS-AUTO,EFRGP01_00,crop04,14457,287,0.9617021276595744,12204,12298,12596,1,1,0.03190615726841348,0.024231582371117256
BA-TOS-LS-AUTO,EFRGP01_00,crop04,14465,300,0.9594615745813116,12260,12350,12688,1,1,0.04748659060486701,0.02736842105263158
BA-TOS-LS-AUTO,EFRGP01_00,crop04,14467,294,0.9582874232645994,12176,12284,12598,1,1,0.14056909938511242,0.025561706284597852
BA-TOS-LS-AUTO,EFRGP01_00,crop04,14468,299,0.6897251013970257,12244,12287,17709,1,0,6.569746940697165,0.44127940099291935
BA-TOS-LS-AUTO,EFRGP01_00,crop04,14471,296,0.9533885071830106,12211,12334,12685,1,1,0.04201218908714029,0.028457921193449004
BA-TOS-LS-AUTO,EFRGP01_00,crop04,14473,303,0.955759794376509,12271,12451,12659,1,1,0.09454098763211854,0.016705485503172437
BA-TOS-LS-AUTO,EFRGP01_00,crop04,14476,298,0.7812363545630341,12524,12563,15992,1,1,4.5442074104920485,0.27294436042346576
BA-TOS-LS-AUTO,EFRGP01_00,crop04,14477,301,0.9549013466958973,12196,12315,12653,1,1,0.08169165795305554,0.027446203816483963
BA-TOS-LS-AUTO,EFRGP01_00,crop04,14479,307,0.9537527250077857,12250,12405,12689,1,1,0.028210382939236837,0.02289399435711407
BA-TOS-LS-AUTO,EFRGP01_00,crop04,14482,302,0.9119307489649982,12115,12287,13113,1,1,0.8432357623075436,0.0672255229103931
BA-TOS-LS-AUTO,EFRGP01_00,crop04,14492,305,0.6203274006833597,12164,12253,19520,1,0,6.980652873424413,0.5930792458989635
BA-TOS-LS-AUTO,EFRGP01_00,crop04,14494,310,0.9614926558157999,12110,12220,12485,1,1,0.06410316794711685,0.021685761047463174
BA-TOS-LS-AUTO,EFRGP01_00,crop04,14495,308,0.953782172002511,12155,12256,12643,1,1,0.058554801156406815,0.03157637075718016
BA-TOS-LS-AUTO,EFRGP01_00,crop04,14496,304,0.9254073904062429,12096,12204,12963,1,1,0.6607181549000832,0.062192723697148476
BA-TOS-LS-AUTO,EFRGP01_00,crop04,14501,306,0.9594658659924147,12143,12249,12550,1,1,0.06629619661977547,0.024573434566087026
BA-TOS-LS-AUTO,EFRGP01_00,crop04,14503,309,0.9537682077264091,12048,12186,12494,1,1,0.10119960001738003,0.025274905629410798
BA-TOS-LS-AUTO,EFRGP01_00,crop04,14504,311,0.9549620114357328,12192,12305,12654,1,1,0.08887000791667407,0.028362454286875255
BA-TOS-LS-AUTO,EFRGP01_00,crop04,14506,312,0.9636449480642115,12246,12304,12650,1,1,0.08025959376219234,0.028120936280884266
BA-TOS-LS-AUTO,EFRGP01_00,crop04,14510,320,0.9468384074941452,12129,12296,12643,1,1,0.0737846485793218,0.028220559531554976
BA-TOS-LS-AUTO,EFRGP01_00,crop04,14511,321,0.9586737900691389,12202,12349,12581,1,1,0.026977285172067083,0.01878694631144222
BA-TOS-LS-AUTO,EFRGP01_00,crop04,14512,318,0.9559984368894099,12232,12366,12661,1,1,0.08057293645277422,0.023855733462720363
BA-TOS-LS-AUTO,EFRGP01_00,crop04,14513,324,0.967596260497544,12213,12286,12549,1,1,0.07546939313908674,0.021406478919094904
BA-TOS-LS-AUTO,EFRGP01_00,crop04,14517,319,0.9584520417853751,12111,12176,12571,1,1,0.07525513177531057,0.032440867279894876
BA-TOS-LS-AUTO,EFRGP01_00,crop04,14521,322,0.9492979719188768,12170,12299,12691,1,1,0.08580712101084875,0.03187250996015936
BA-TOS-LS-AUTO,EFRGP01_00,crop04,14523,334,0.9610897987943318,12276,12379,12670,1,1,0.11964513007022452,0.023507553114144923
BA-TOS-LS-AUTO,EFRGP01_00,crop04,14524,323,0.9581197255304046,12148,12264,12563,1,1,0.07101377275290013,0.02438030006523157
BA-TOS-LS-AUTO,EFRGP01_00,crop04,14533,330,0.951206097273513,12106,12262,12571,1,1,0.06771104266906496,0.025199804273364868
BA-TOS-LS-AUTO,EFRGP01_00,crop04,14534,326,0.9544955280087871,12166,12303,12609,1,1,0.09556528657529488,0.02487198244330651
BA-TOS-LS-AUTO,EFRGP01_00,crop04,14538,333,0.9543361173991102,12226,12352,12685,1,1,0.0638378006790747,0.02695919689119171
BA-TOS-LS-AUTO,EFRGP01_00,crop04,14542,329,0.9601289713746461,12209,12321,12604,1,1,0.0506876790486851,0.022968914860806752
BA-TOS-LS-AUTO,EFRGP01_00,crop04,14543,332,0.9570358691367757,12140,12330,12495,1,1,0.031090695069447748,0.01338199513381995
BA-TOS-LS-AUTO,EFRGP01_00,crop04,14549,338,0.6734873972753846,12211,12362,17980,1,0,7.050931557695602,0.45445720757159036
BA-TOS-LS-AUTO,EFRGP01_00,crop04,14553,347,0.7761127121357669,12119,12202,15532,1,1,2.4813373551387508,0.27290608097033275
BA-TOS-LS-AUTO,EFRGP01_00,crop04,14554,337,0.9542973015130245,12236,12386,12672,1,1,0.07299421150723025,0.023090586145648313
BA-TOS-LS-AUTO,EFRGP01_00,crop04,14556,344,0.8917472881852829,12167,12323,13488,1,1,1.2097425938661341,0.09453866753225676
BA-TOS-LS-AUTO,EFRGP01_00,crop04,14557,345,0.6077304261645193,12264,12348,20096,1,0,5.487961521931435,0.627470035633301
BA-TOS-LS-AUTO,EFRGP01_00,crop04,14559,336,0.897963668326985,12259,12382,13529,1,1,1.1753008325263796,0.09263446939105152
BA-TOS-LS-AUTO,EFRGP01_00,crop04,14562,341,0.9652215340638399,12156,12261,12489,1,1,0.04005697490149822,0.018595546855884514
BA-TOS-LS-AUTO,EFRGP01_00,crop04,14563,339,0.9534920509372775,12055,12203,12495,1,1,0.034526299949466016,0.023928542161763502
BA-TOS-LS-AUTO,EFRGP01_00,crop04,14566,348,0.9598210782390332,12231,12299,12675,1,1,0.08372127544811041,0.030571591186275306
BA-TOS-LS-AUTO,EFRGP01_00,crop04,14567,340,0.9538604940189529,12280,12422,12732,1,1,0.05396790653451411,0.024955723715987765
BA-TOS-LS-AUTO,EFRGP01_00,crop04,14568,349,0.9587685976574866,12115,12251,12500,1,1,0.042311149915432576,0.020324871439066198
BA-TOS-LS-AUTO,EFRGP01_00,crop04,14569,351,0.957030940887869,12094,12255,12476,1,1,0.06931458760260348,0.01803345573235414
BA-TOS-LS-AUTO,EFRGP01_00,crop04,14571,342,0.9502638112973308,12247,12361,12774,1,1,0.04310967306792294,0.03341153628347221
BA-TOS-LS-AUTO,EFRGP01_00,crop04,14572,343,0.9536758893280632,12064,12233,12481,1,1,0.02193233774701281,0.02027303196272378
BA-TOS-LS-AUTO,EFRGP01_00,crop04,14576,350,0.9608291298865069,12191,12339,12540,1,1,0.05081134981262408,0.016289812788718695
BA-TOS-LS-AUTO,EFRGP01_00,crop04,14577,352,0.9551393042657013,12136,12312,12530,1,1,0.08957787928932558,0.01770630279402209
BA-TOS-LS-AUTO,EFRGP01_00,crop04,14579,353,0.9506845052893591,12222,12343,12735,1,1,0.11057499386479586,0.03175889167949445
BA-TOS-LS-AUTO,EFRGP01_00,crop04,14585,359,0.8821903861537342,12131,12205,13677,1,1,1.6790467921019576,0.12060630888979926
BA-TOS-LS-AUTO,EFRGP01_00,crop04,14594,356,0.9667644959149678,12188,12287,12508,1,1,0.045478344430275104,0.017986489785952634
BA-TOS-LS-AUTO,EFRGP01_00,crop04,14598,358,0.9609843470134725,12340,12417,12764,1,1,0.05540101761505364,0.027945558508496417
BA-TOS-LS-AUTO,EFRGP01_00,crop04,14600,364,0.9590112146580319,12143,12242,12563,1,1,0.02720554255548363,0.02622120568534553
BA-TOS-LS-AUTO,EFRGP01_00,crop04,14601,360,0.9648056310990242,12062,12134,12430,1,1,0.0419807989686345,0.024394264051425744
BA-TOS-LS-AUTO,EFRGP01_00,crop04,14606,363,0.9308253358925144,12124,12243,12906,1,1,0.5286368228854873,0.054153393776035286
BA-TOS-LS-AUTO,EFRGP01_00,crop04,14610,361,0.8941547026076765,12207,12288,13571,1,1,1.2929064478850627,0.10441080729166667
BA-TOS-LS-AUTO,EFRGP01_00,crop04,14614,368,0.8380611401817681,12172,12302,14394,1,1,2.212758979273277,0.17005364981303853
BA-TOS-LS-AUTO,EFRGP01_00,crop04,14617,376,0.7698077529152222,12213,12293,15785,1,1,4.103097668630691,0.28406410152119094
BA-TOS-LS-AUTO,EFRGP01_00,crop04,14620,372,0.7528393394315182,12263,12367,16185,1,1,4.596217874710256,0.3087248322147651
BA-TOS-LS-AUTO,EFRGP01_00,crop04,14621,362,0.6320769350085311,12225,12321,19245,1,0,7.062502895003631,0.5619673727781835
BA-TOS-LS-AUTO,EFRGP01_00,crop04,14629,378,0.6746451433342611,12120,12232,17853,1,0,4.5434644693823545,0.4595323741007194
BA-TOS-LS-AUTO,EFRGP01_00,crop04,14630,380,0.6162602448649196,12181,12243,19704,1,0,8.837651685393052,0.6094094584660622
BA-TOS-LS-AUTO,EFRGP01_00,crop04,14631,369,0.8080422855613542,12077,12240,14783,1,1,2.9906894904625623,0.20776143790849674
BA-TOS-LS-AUTO,EFRGP01_00,crop04,14632,385,0.8574714295982175,11930,12006,13837,1,1,1.954645079928568,0.1525070797934366
BA-TOS-LS-AUTO,EFRGP01_00,crop04,14633,382,0.857202973769112,12222,12331,14149,1,1,1.7042872146846653,0.14743329819154977
BA-TOS-LS-AUTO,EFRGP01_00,crop04,14637,370,0.7490727002967359,12117,12225,16068,1,0,4.407518045276379,0.3143558282208589
BA-TOS-LS-AUTO,EFRGP01_00,crop04,14643,381,0.8732940669444046,12158,12270,13810,1,1,1.3879596147928868,0.12550937245313773
BA-TOS-LS-AUTO,EFRGP01_00,crop04,14646,377,0.5440193748037853,12130,12176,22251,1,0,8.426768826726914,0.8274474375821288
BA-TOS-LS-AUTO,EFRGP01_00,crop04,14654,390,0.7447272727272727,12288,12318,16470,1,0,4.782808885883215,0.3370677057963955
BA-TOS-LS-AUTO,EFRGP01_00,crop04,14656,396,0.7808410621267946,12292,12392,15642,1,1,2.5608553054018763,0.26226597805035506
BA-TOS-LS-AUTO,EFRGP01_00,crop04,14657,391,0.754033747998522,12244,12265,16217,1,1,4.0571151687323805,0.3222176926212801
BA-TOS-LS-AUTO,EFRGP01_00,crop04,14665,393,0.8799179427064254,12010,12066,13593,1,1,1.530422832110514,0.12655395325708602
BA-TOS-LS-AUTO,EFRGP01_00,crop04,15983,180,0.9500433377984399,12057,12268,12480,1,1,0.06888629216348519,0.01728073035539615
BA-TOS-LS-AUTO,EFRGP01_00,crop04,15984,183,0.6475917978063901,12222,12279,18816,1,0,5.775588172524475,0.5323723430246763
BA-TOS-LS-AUTO,EFRGP01_00,crop04,15988,187,0.9614026829842316,12255,12381,12621,1,1,0.049430086686677345,0.01938454082868912
BA-TOS-LS-AUTO,EFRGP01_00,crop04,15991,185,0.9596055226824458,12163,12269,12569,1,1,0.04345360104975335,0.02445187056809846
BA-TOS-LS-AUTO,EFRGP01_00,crop04,15994,190,0.963275039745628,12118,12181,12517,1,1,0.07290600163891178,0.027583942205073476
BA-TOS-LS-AUTO,EFRGP01_00,crop04,15996,186,0.955255899479007,12468,12628,12892,1,1,0.1260738026335406,0.020905923344947737
BA-TOS-LS-AUTO,EFRGP01_00,crop04,15997,188,0.8991991771361398,12239,12380,13470,1,1,1.1679639367726606,0.08804523424878836
BA-TOS-LS-AUTO,EFRGP01_00,crop04,16000,192,0.9292577740788378,12282,12375,13124,1,1,0.36993441828694623,0.060525252525252524
BA-TOS-LS-AUTO,EFRGP01_00,crop04,16001,189,0.9582544191919192,12143,12288,12527,1,1,0.07840140385422212,0.019449869791666668
BA-TOS-LS-AUTO,EFRGP01_00,crop04,16010,199,0.9099279720798991,12254,12390,13331,1,1,0.5955902712623433,0.07594834543987086
BA-TOS-LS-AUTO,EFRGP01_00,crop04,16011,198,0.9486802384085455,12256,12373,12802,1,1,0.08854298239847169,0.03467227026590156
BA-TOS-LS-AUTO,EFRGP01_00,crop04,16013,195,0.9547707071501612,12138,12223,12628,1,1,0.07191665053279613,0.03313425509285773
BA-TOS-LS-AUTO,EFRGP01_00,crop04,16015,196,0.9594159667163827,12222,12380,12581,1,1,0.03269763508943361,0.016235864297253634
BA-TOS-LS-AUTO,EFRGP01_00,crop04,16016,197,0.950883308246851,12003,12174,12452,1,1,0.009575140134455496,0.022835551174634466
BA-TOS-LS-AUTO,EFRGP01_00,crop04,16019,203,0.9664684898929845,12192,12301,12506,1,1,0.07270663127781013,0.016665311763271278
BA-TOS-LS-AUTO,EFRGP01_00,crop04,16021,200,0.9147723009978243,12193,12292,13230,1,1,1.0428531915656805,0.07630979498861047
BA-TOS-LS-AUTO,EFRGP01_00,crop04,16022,204,0.9580838323353293,12160,12269,12583,1,1,0.07199974764758527,0.025592957861276387
BA-TOS-LS-AUTO,EFRGP01_00,crop04,16023,202,0.9614109848484849,12183,12270,12585,1,1,0.06760721820025871,0.02567237163814181
BA-TOS-LS-AUTO,EFRGP01_00,crop04,16024,201,0.9484907879263034,12098,12283,12570,1,1,0.022397052361572137,0.02336562728975006
BA-TOS-LS-AUTO,EFRGP01_00,crop04,16026,208,0.9592092877314089,12228,12351,12625,1,1,0.04096985141673176,0.02218443850700348
BA-TOS-LS-AUTO,EFRGP01_00,crop04,16028,207,0.9556187317381347,12101,12259,12505,1,1,0.06851112283547885,0.020066889632107024
BA-TOS-LS-AUTO,EFRGP01_00,crop04,16029,205,0.9182456405223824,12164,12316,13095,1,1,0.555677879705314,0.06325105553751217
BA-TOS-LS-AUTO,EFRGP01_00,crop04,16045,210,0.9622241419932459,12252,12351,12634,1,1,0.0634810887059653,0.02291312444336491
BA-TOS-LS-AUTO,EFRGP01_00,crop04,16046,212,0.9582905442767992,12131,12227,12563,1,1,0.06273017758388287,0.027480166843870123
BA-TOS-LS-AUTO,EFRGP01_00,crop04,16047,209,0.9541901188242652,12206,12322,12676,1,1,0.06938079452397142,0.028729102418438564
BA-TOS-LS-AUTO,EFRGP01_00,crop04,16050,214,0.9603048586852969,12096,12236,12456,1,1,0.0813739847362931,0.017979731938542007
BA-TOS-LS-AUTO,EFRGP01_00,crop04,16052,217,0.9582908663269306,12223,12351,12627,1,1,0.03566424112359948,0.0223463687150838
BA-TOS-LS-AUTO,EFRGP01_00,crop04,16059,222,0.9578275264070629,12151,12273,12564,1,1,0.08820621652869086,0.023710584209239795
BA-TOS-LS-AUTO,EFRGP01_00,crop04,16061,219,0.6403717197317704,12128,12237,18830,1,0,9.417721677777953,0.5387758437525537
BA-TOS-LS-AUTO,EFRGP01_00,crop04,16062,220,0.9665265328785595,12185,12262,12530,1,1,0.016641741700030886,0.021856140923177295
BA-TOS-LS-AUTO,EFRGP01_00,crop04,16064,218,0.9666428967593693,12200,12293,12528,1,1,0.04033432649560916,0.01911657040592207
BA-TOS-LS-AUTO,EFRGP01_00,crop04,16065,221,0.9568817372285581,12250,12383,12669,1,1,0.054142886371368146,0.023096180247112977
BA-TOS-LS-AUTO,EFRGP01_00,crop04,16072,226,0.9571853475266124,12229,12324,12681,1,1,0.06095816916227279,0.028967867575462512
BA-TOS-LS-AUTO,EFRGP01_00,crop04,16073,228,0.9580549945626845,12334,12451,12757,1,1,0.04851872529769983,0.024576339249859448
BA-TOS-LS-AUTO,EFRGP01_00,crop04,16078,224,0.9585859381151091,12175,12295,12581,1,1,0.016503425025072623,0.02326148840992273
BA-TOS-LS-AUTO,EFRGP01_00,crop04,16079,225,0.9628434228135087,12231,12316,12618,1,1,0.05315237322296605,0.024520948359857096
BA-TOS-LS-AUTO,EFRGP01_00,crop04,16084,233,0.9599746875494384,12136,12260,12518,1,1,0.04887588962107711,0.021044045676998368
BA-TOS-LS-AUTO,EFRGP01_00,crop04,16085,227,0.9530612244897959,12142,12248,12634,1,1,0.059011958833548275,0.031515349444807314
BA-TOS-LS-AUTO,EFRGP01_01,crop04,7250,40,0.870757363253857,12417,12536,14141,1,1,1.6981553813456984,0.12803126994256542
BA-TOS-LS-AUTO,EFRGP01_01,crop04,7251,41,0.602996254681648,12236,12355,20173,1,0,5.680195620169222,0.6327802509105626
BA-TOS-LS-AUTO,EFRGP01_01,crop04,7257,26,0.8044564217168397,12239,12345,15108,1,1,3.319168033731627,0.22381530984204132
BA-TOS-LS-AUTO,EFRGP01_01,crop04,7258,45,0.821476241324079,12309,12385,14908,1,1,2.794560114116941,0.2037141703673799
BA-TOS-LS-AUTO,EFRGP01_01,crop04,7259,37,0.7416902937805393,12295,12469,16403,1,0,4.4071224239276425,0.3155024460662443
BA-TOS-LS-AUTO,EFRGP01_01,crop04,7264,39,0.7994626122288485,12199,12353,15105,1,1,3.810621958828586,0.22277989152432606
BA-TOS-LS-AUTO,EFRGP01_01,crop04,7265,29,0.8686875841065231,12265,12360,14024,1,1,1.385036393176422,0.13462783171521037
BA-TOS-LS-AUTO,EFRGP01_01,crop04,7269,32,0.5383706168191569,12298,12410,22731,1,0,8.557603989321422,0.8316680096696213
BA-TOS-LS-AUTO,EFRGP01_01,crop04,7270,38,0.9641399874450722,12287,12407,12624,1,1,0.03355112093385613,0.017490126541468524
BA-TOS-LS-AUTO,EFRGP01_01,crop04,7271,27,0.7366068768249806,12361,12479,16663,1,0,5.158551029783341,0.3352832759035179
BA-TOS-LS-AUTO,EFRGP01_01,crop04,7273,34,0.6748386396919238,12442,12586,18293,1,0,5.970333149207697,0.45344033052598126
BA-TOS-LS-AUTO,EFRGP01_01,crop04,7276,48,0.9440172254690864,12276,12461,12819,1,1,0.11286981841035365,0.02872963646577321
BA-TOS-LS-AUTO,EFRGP01_01,crop04,7277,33,0.8185837743685939,12219,12371,14775,1,1,2.8757433526672047,0.19432543852558404
BA-TOS-LS-AUTO,EFRGP01_01,crop04,7278,42,0.8123184578822287,12305,12474,14979,1,1,3.043918161060614,0.2008177008177008
BA-TOS-LS-AUTO,EFRGP01_01,crop04,7280,47,0.7915265200517464,12237,12394,15303,1,1,3.3265422828031856,0.23471034371470068
BA-TOS-LS-AUTO,EFRGP01_01,crop04,7282,49,0.8299932750504371,12342,12566,14646,1,1,2.745135925867536,0.16552602260066848
BA-TOS-LS-AUTO,EFRGP01_01,crop04,7284,53,0.7614296539530184,12058,12258,15636,1,1,4.365262269337668,0.2755751346059716
BA-TOS-LS-AUTO,EFRGP01_01,crop04,7285,46,0.966753947472824,12184,12263,12524,1,1,0.0594080851025244,0.021283535839517247
BA-TOS-LS-AUTO,EFRGP01_01,crop04,7292,52,0.9657599240866678,12213,12348,12511,1,1,0.02423435623583451,0.01320051830255912
BA-TOS-LS-AUTO,EFRGP01_01,crop04,7294,57,0.9623536855425499,12168,12284,12528,1,1,0.13600716284979775,0.01986323673070661
BA-TOS-LS-AUTO,EFRGP01_01,crop04,7297,59,0.9658855412083532,12118,12242,12422,1,1,0.04898216406907044,0.014703479823558243
BA-TOS-LS-AUTO,EFRGP01_01,crop04,7298,56,0.9591691675880588,12145,12256,12551,1,1,0.05943164794898708,0.024069843342036552
BA-TOS-LS-AUTO,EFRGP01_01,crop04,7301,64,0.6831307838109042,12254,12410,17782,1,0,6.969824102585866,0.4328767123287671
BA-TOS-LS-AUTO,EFRGP01_01,crop04,7304,60,0.9576798802112065,12152,12296,12545,1,1,0.0726890316239083,0.020250487963565388
BA-TOS-LS-AUTO,EFRGP01_01,crop04,7306,61,0.8513522860897835,12308,12413,14352,1,1,1.9197155273733024,0.15620720212680256
BA-TOS-LS-AUTO,EFRGP01_01,crop04,7310,67,0.9487942373943,12118,12336,12554,1,1,0.09797644623542265,0.017671854734111543
BA-TOS-LS-AUTO,EFRGP01_01,crop04,7312,66,0.7301313677703144,12283,12417,16689,1,0,5.5359718330184595,0.3440444551824112
BA-TOS-LS-AUTO,EFRGP01_01,crop04,7319,58,0.8047360502387649,12302,12403,15186,1,1,3.9088660925885943,0.22438119809723453
BA-TOS-LS-AUTO,EFRGP01_01,crop04,7322,70,0.9514440859368852,12090,12282,12515,1,1,0.10484909186594063,0.018970851652825273
BA-TOS-LS-AUTO,EFRGP01_01,crop04,7324,68,0.9558614143331752,12084,12281,12445,1,1,0.031942190322016284,0.01335396140379448
BA-TOS-LS-AUTO,EFRGP01_01,crop04,7327,72,0.9607131587251498,12178,12292,12562,1,1,0.04344610592762995,0.021965506020175725
BA-TOS-LS-AUTO,EFRGP01_01,crop04,7328,73,0.9494728621632175,12158,12365,12598,1,1,0.03247015868797524,0.018843509906995553
BA-TOS-LS-AUTO,EFRGP01_01,crop04,7335,81,0.9619702719797596,12167,12301,12514,1,1,0.08121324864635943,0.017315665393057476
BA-TOS-LS-AUTO,EFRGP01_01,crop04,7339,74,0.8494423791821561,12339,12486,14379,1,1,1.7901157601762179,0.15160980297933685
BA-TOS-LS-AUTO,EFRGP01_01,crop04,7341,78,0.9524178549287042,12290,12504,12690,1,1,0.07894487804604917,0.014875239923224568
BA-TOS-LS-AUTO,EFRGP01_01,crop04,7342,77,0.9533447952485151,12199,12361,12634,1,1,0.05113115346314808,0.022085591780600274
BA-TOS-LS-AUTO,EFRGP01_01,crop04,7345,83,0.9527816736792893,12228,12383,12679,1,1,0.06202993398726321,0.023903738997012033
BA-TOS-LS-AUTO,EFRGP01_01,crop04,7351,85,0.9545667447306792,12228,12375,12663,1,1,0.09035751096433488,0.02327272727272727
BA-TOS-LS-AUTO,EFRGP01_01,crop04,7353,86,0.9637322004562977,12250,12387,12574,1,1,0.06790186945385739,0.01509647210785501
BA-TOS-LS-AUTO,EFRGP01_01,crop04,7360,80,0.9590041624126286,12211,12331,12613,1,1,0.02633270843873209,0.022869191468656232
BA-TOS-LS-AUTO,EFRGP01_01,crop04,7363,89,0.9630652671454503,12203,12299,12575,1,1,0.0386483607611206,0.02244084884949996
BA-TOS-LS-AUTO,EFRGP01_01,crop04,7364,93,0.9497778483021263,11971,12190,12385,1,1,0.11295618990774882,0.015996718621821164
BA-TOS-LS-AUTO,EFRGP01_01,crop04,7365,90,0.9584357896406758,12083,12228,12462,1,1,0.05380358381123327,0.019136408243375858
BA-TOS-LS-AUTO,EFRGP01_01,crop04,7366,91,0.9612733328169778,12411,12516,12806,1,1,0.0528892601732666,0.02317034196228827
BA-TOS-LS-AUTO,EFRGP01_01,crop04,7368,84,0.9538390164694966,12336,12507,12762,1,1,0.04565426716282895,0.02038858239385944
BA-TOS-LS-AUTO,EFRGP01_01,crop04,7371,88,0.9564297468850403,12205,12421,12545,1,1,0.06880612756941681,0.009983093148699782
BA-TOS-LS-AUTO,EFRGP01_01,crop04,7373,94,0.9552447552447553,12294,12421,12743,1,1,0.06310145102185612,0.025923838660333307
BA-TOS-LS-AUTO,EFRGP01_01,crop04,7376,92,0.9503568104250698,12252,12405,12739,1,1,0.08454387353219406,0.026924627166465136
BA-TOS-LS-AUTO,EFRGP01_01,crop04,7380,95,0.9593233674272227,12193,12370,12533,1,1,0.0499045151409262,0.013177041228779305
BA-TOS-LS-AUTO,EFRGP01_01,crop04,7382,98,0.9677009761130069,12194,12307,12488,1,1,0.045709931473247846,0.014707077273096612
BA-TOS-LS-AUTO,EFRGP01_01,crop04,7383,99,0.9628470864294094,12310,12400,12695,1,1,0.08024089483500443,0.02379032258064516
BA-TOS-LS-AUTO,EFRGP01_01,crop04,7388,97,0.9483096713467722,12090,12301,12538,1,1,0.11066647321329416,0.019266726282416064
BA-TOS-LS-AUTO,EFRGP01_01,crop04,7389,102,0.956630070855719,12286,12438,12691,1,1,0.060774909451055556,0.02034089081845956
BA-TOS-LS-AUTO,EFRGP01_01,crop04,7390,107,0.9585710935667944,12263,12440,12616,1,1,0.04720762976361835,0.01414790996784566
BA-TOS-LS-AUTO,EFRGP01_01,crop04,7392,103,0.9546236895634486,12202,12361,12623,1,1,0.07800763408643598,0.021195696141088908
BA-TOS-LS-AUTO,EFRGP01_01,crop04,7396,101,0.7636051291490276,12446,12545,16200,1,1,5.158636886366646,0.2913511359107214
BA-TOS-LS-AUTO,EFRGP01_01,crop04,7397,105,0.6065261998898954,12119,12223,19877,1,0,8.39003669452338,0.626196514767242
BA-TOS-LS-AUTO,EFRGP01_01,crop04,7401,100,0.7512120282295183,12241,12464,16072,1,1,4.98365041822264,0.2894736842105263
BA-TOS-LS-AUTO,EFRGP01_01,crop04,7404,108,0.8847108644859814,12117,12267,13546,1,1,1.430955547530933,0.10426347110132878
BA-TOS-LS-AUTO,EFRGP01_01,crop04,7405,113,0.9475646702400373,12198,12422,12649,1,1,0.05545066728108792,0.01827402994686846
BA-TOS-LS-AUTO,EFRGP01_01,crop04,7410,111,0.9561526479750779,12277,12384,12733,1,1,0.07960907665622997,0.028181524547803618
BA-TOS-LS-AUTO,EFRGP01_01,crop04,7412,112,0.9603073997781651,12121,12285,12458,1,1,0.10146914342111424,0.014082214082214082
BA-TOS-LS-AUTO,EFRGP01_01,crop04,7413,110,0.9619219596451284,12252,12383,12606,1,1,0.04072911284553152,0.01800856012274893
BA-TOS-LS-AUTO,EFRGP01_01,crop04,7417,115,0.7865448504983389,12311,12478,15485,1,1,4.182901204005942,0.2409841320724475
BA-TOS-LS-AUTO,EFRGP01_01,crop04,7420,116,0.9577808260935833,12568,12729,12961,1,1,0.06179312863901792,0.018226097886715375
BA-TOS-LS-AUTO,EFRGP01_01,crop04,7424,114,0.9593180015860429,12097,12235,12472,1,1,0.047871302955163016,0.01937065794850838
BA-TOS-LS-AUTO,EFRGP01_01,crop04,7428,120,0.9619002450399178,12169,12310,12510,1,1,0.06740329543470319,0.016246953696181964
BA-TOS-LS-AUTO,EFRGP01_01,crop04,7430,119,0.9598092110407381,12275,12385,12679,1,1,0.10230713884848865,0.023738393217601936
BA-TOS-LS-AUTO,EFRGP01_01,crop04,7433,117,0.9664309581164038,12437,12525,12781,1,1,0.028572621033160887,0.020439121756487027
BA-TOS-LS-AUTO,EFRGP01_01,crop04,7434,118,0.953914535246413,12233,12413,12644,1,1,0.09681368986742155,0.01860952227503424
BA-TOS-LS-AUTO,EFRGP01_01,crop04,7436,122,0.960660096981073,12283,12401,12668,1,1,0.08245766605049036,0.021530521732118377
BA-TOS-LS-AUTO,EFRGP01_01,crop04,7441,125,0.9549909825139183,12179,12378,12554,1,1,0.057982842595367894,0.014218775246404912
BA-TOS-LS-AUTO,EFRGP01_01,crop04,7443,126,0.9642010431484116,12201,12372,12483,1,1,0.0317047541295779,0.008971871968962172
BA-TOS-LS-AUTO,EFRGP01_01,crop04,7447,127,0.9610358565737052,12061,12260,12351,1,1,0.07259037104310265,0.007422512234910277
BA-TOS-LS-AUTO,EFRGP01_01,crop04,7448,128,0.96608306508597,12305,12390,12652,1,1,0.04418899152838307,0.021146085552865214
BA-TOS-LS-AUTO,EFRGP01_01,crop04,7449,123,0.9612207976087469,12220,12342,12591,1,1,0.03553161869780015,0.020175012153621778
BA-TOS-LS-AUTO,EFRGP01_01,crop04,7460,136,0.9590926867422761,12262,12380,12667,1,1,0.037193858774342496,0.02318255250403877
BA-TOS-LS-AUTO,EFRGP01_01,crop04,7462,134,0.9606617065062529,12137,12282,12489,1,1,0.08232308418035766,0.016853932584269662
BA-TOS-LS-AUTO,EFRGP01_01,crop04,7465,130,0.6047777886785048,12329,12472,20243,1,0,5.456960688484084,0.6230756895445798
BA-TOS-LS-AUTO,EFRGP01_01,crop04,7466,137,0.9546619051315892,12297,12436,12742,1,1,0.05686476667272572,0.024605982631071083
BA-TOS-LS-AUTO,EFRGP01_01,crop04,7467,133,0.9546494203012856,12104,12282,12501,1,1,0.1140988405156513,0.01783097215437225
BA-TOS-LS-AUTO,EFRGP01_01,crop04,7472,139,0.7967008183516979,12364,12448,15435,1,1,3.401707558142363,0.23995822622107968
BA-TOS-LS-AUTO,EFRGP01_01,crop04,7473,135,0.9657296272899558,12230,12384,12510,1,1,0.08208059475300328,0.010174418604651164
BA-TOS-LS-AUTO,EFRGP01_01,crop04,7476,143,0.9590661724110734,12160,12335,12504,1,1,0.08772375512634081,0.013700851236319417
BA-TOS-LS-AUTO,EFRGP01_01,crop04,7477,144,0.9615384615384616,12175,12295,12542,1,1,0.01051863453441436,0.02008946726311509
BA-TOS-LS-AUTO,EFRGP01_01,crop04,7480,140,0.9537432947212936,12268,12477,12654,1,1,0.035463376064599685,0.014186102428468381
BA-TOS-LS-AUTO,EFRGP01_01,crop04,7481,141,0.9509711779448622,12142,12319,12591,1,1,0.05361934741626559,0.022079714262521307
BA-TOS-LS-AUTO,EFRGP01_01,crop04,7482,142,0.6165196151737201,12368,12463,19966,1,0,7.414061188435844,0.6020219850758245
BA-TOS-LS-AUTO,EFRGP01_01,crop04,7483,138,0.8867471632237416,12191,12325,13614,1,1,1.633674358775465,0.1045841784989858
BA-TOS-LS-AUTO,EFRGP01_01,crop04,7484,146,0.8720061989292759,12379,12503,14072,1,1,1.8915596911472559,0.12548988242821724
BA-TOS-LS-AUTO,EFRGP01_01,crop04,7488,145,0.9589360709286048,12330,12491,12697,1,1,0.11009831808816126,0.016491874149387558
BA-TOS-LS-AUTO,EFRGP01_01,crop04,7491,150,0.9574133731437102,12185,12316,12596,1,1,0.04925279787434213,0.02273465410847678
BA-TOS-LS-AUTO,EFRGP01_01,crop04,7494,147,0.9522184300341296,12276,12457,12711,1,1,0.08998233594067158,0.020390142088785423
BA-TOS-LS-AUTO,EFRGP01_01,crop04,7495,149,0.9543925526089337,12200,12323,12660,1,1,0.025220634960965674,0.02734723687413779
BA-TOS-LS-AUTO,EFRGP01_01,crop04,7496,148,0.955977793416217,12226,12386,12629,1,1,0.07629374398569605,0.01961892459228161
BA-TOS-LS-AUTO,EFRGP01_01,crop04,7497,151,0.9595093953927195,12204,12300,12623,1,1,0.07040546022282616,0.026260162601626016
BA-TOS-LS-AUTO,EFRGP01_01,crop04,7509,155,0.6793579489426975,12401,12505,18150,1,0,5.9776504185948935,0.4514194322271092
BA-TOS-LS-AUTO,EFRGP01_01,crop04,7512,163,0.9672602411562724,12113,12216,12420,1,1,0.054953764606379185,0.01669941060903733
BA-TOS-LS-AUTO,EFRGP01_01,crop04,7513,153,0.9582225003911751,12248,12405,12625,1,1,0.016122404262325137,0.0177347843611447
BA-TOS-LS-AUTO,EFRGP01_01,crop04,7514,217,0.9605137204850032,12041,12250,12327,1,1,0.0648339674189044,0.006285714285714286
BA-TOS-LS-AUTO,EFRGP01_01,crop04,7516,157,0.9559571305640303,12220,12344,12659,1,1,0.058666221792480266,0.02551847051198963
BA-TOS-LS-AUTO,EFRGP01_01,crop04,7517,158,0.9612305760477162,12248,12389,12601,1,1,0.057079139964106726,0.017111954152877553
BA-TOS-LS-AUTO,EFRGP01_01,crop04,7519,154,0.9591394520971985,12394,12526,12790,1,1,0.04406755735761765,0.021076161583905476
BA-TOS-LS-AUTO,EFRGP01_01,crop04,7523,164,0.8674268924024066,12399,12631,14062,1,1,1.8736262538886364,0.11329269258174333
BA-TOS-LS-AUTO,EFRGP01_01,crop04,7527,160,0.7628161312371838,12276,12345,16024,1,1,2.9479068062893434,0.29801539084649653
BA-TOS-LS-AUTO,EFRGP01_01,crop04,7529,165,0.9591771900563895,12077,12226,12442,1,1,0.04411670160064661,0.017667266481269425
BA-TOS-LS-AUTO,EFRGP01_01,crop04,7532,162,0.6477115117891817,12142,12218,18670,1,0,5.820108875204991,0.5280733344246195
BA-TOS-LS-AUTO,EFRGP01_01,crop04,7542,172,0.9614203606015275,12211,12333,12579,1,1,0.045012834009979644,0.01994648504013622
BA-TOS-LS-AUTO,EFRGP01_01,crop04,7543,171,0.9582680864390855,12239,12424,12587,1,1,0.05300557297761575,0.013119768190598841
BA-TOS-LS-AUTO,EFRGP01_01,crop04,7544,169,0.9585032946344525,12219,12348,12619,1,1,0.029102587204398213,0.021946873987690314
BA-TOS-LS-AUTO,EFRGP01_01,crop04,7545,168,0.950950950950951,12350,12591,12746,1,1,0.06401707934563158,0.012310380430466205
BA-TOS-LS-AUTO,EFRGP01_01,crop04,7546,176,0.9589873018376843,12159,12328,12510,1,1,0.09488431376985756,0.014763140817650877
BA-TOS-LS-AUTO,EFRGP01_01,crop04,7549,179,0.9540121269391291,12115,12316,12498,1,1,0.04964281504231803,0.014777525170509906
BA-TOS-LS-AUTO,EFRGP01_01,crop04,7550,170,0.9562186716791979,12209,12363,12614,1,1,0.07648088150165168,0.02030251557065437
BA-TOS-LS-AUTO,EFRGP01_01,crop04,7555,174,0.9575908489611703,12306,12421,12736,1,1,0.0727255082014593,0.025360276950326062
BA-TOS-LS-AUTO,EFRGP01_01,crop04,7558,177,0.9471759763497744,12175,12344,12685,1,1,0.07245179265370444,0.027624756966947505
BA-TOS-LS-AUTO,EFRGP01_01,crop04,7559,178,0.5705134113743202,12379,12443,21634,1,0,7.930887779171107,0.7386482359559592
BA-TOS-LS-AUTO,EFRGP01_01,crop04,7562,181,0.954437963108939,12108,12297,12497,1,1,0.084399830568291,0.016264129462470522
BA-TOS-LS-AUTO,EFRGP01_01,crop04,7709,175,0.9536694418748073,12371,12520,12823,1,1,0.11745680044053389,0.024201277955271567
BA-TOS-LS-AUTO,EFRGP01_01,crop04,7712,183,0.9543519394512772,12105,12362,12427,1,1,0.01865234061270859,0.005258048859407863
BA-TOS-LS-AUTO,EFRGP01_01,crop04,14349,239,0.9648103055533737,12283,12429,12585,1,1,0.03187896297606756,0.01255129133478156
BA-TOS-LS-AUTO,EFRGP01_01,crop04,14351,246,0.9525685471162937,12090,12259,12523,1,1,0.07180515235362385,0.02153519862957827
BA-TOS-LS-AUTO,EFRGP01_01,crop04,14352,243,0.955630861375995,12126,12260,12555,1,1,0.049515666027987244,0.02406199021207178
BA-TOS-LS-AUTO,EFRGP01_01,crop04,14353,244,0.9505275498241501,12162,12366,12591,1,1,0.06356160954190335,0.018195050946142648
BA-TOS-LS-AUTO,EFRGP01_01,crop04,14354,238,0.9582845090227325,12267,12453,12615,1,1,0.09236317292989574,0.013008913514815708
BA-TOS-LS-AUTO,EFRGP01_01,crop04,14355,241,0.9610636277302944,12144,12278,12502,1,1,0.05899931183614229,0.018244013683010263
BA-TOS-LS-AUTO,EFRGP01_01,crop04,14356,240,0.7875568072713307,12304,12422,15505,1,1,3.938538209551957,0.2481886974722267
BA-TOS-LS-AUTO,EFRGP01_01,crop04,14359,249,0.9546087225487163,12345,12504,12773,1,1,0.028793167103245303,0.02151311580294306
BA-TOS-LS-AUTO,EFRGP01_01,crop04,14360,245,0.9570939106058246,12291,12481,12652,1,1,0.08615338390742583,0.013700825254386668
BA-TOS-LS-AUTO,EFRGP01_01,crop04,14364,250,0.9513883547419429,12369,12580,12790,1,1,0.01518885166673974,0.016693163751987282
BA-TOS-LS-AUTO,EFRGP01_01,crop04,14368,251,0.9514088333462702,12257,12400,12740,1,1,0.05978596639443912,0.027419354838709678
BA-TOS-LS-AUTO,EFRGP01_01,crop04,14369,255,0.9702717781142902,12174,12230,12491,1,1,0.03409862010651539,0.02134096484055601
BA-TOS-LS-AUTO,EFRGP01_01,crop04,14373,254,0.9593612774451098,12016,12188,12353,1,1,0.06547914792508212,0.013537906137184115
BA-TOS-LS-AUTO,EFRGP01_01,crop04,14377,257,0.874384236453202,12070,12163,13711,1,1,1.8946407068191538,0.12727123242621063
BA-TOS-LS-AUTO,EFRGP01_01,crop04,14380,260,0.9582936129647283,12063,12222,12429,1,1,0.05419419015357018,0.016936671575846832
BA-TOS-LS-AUTO,EFRGP01_01,crop04,14384,262,0.9466854283927455,12110,12342,12560,1,1,0.024924019446214078,0.017663263652568467
BA-TOS-LS-AUTO,EFRGP01_01,crop04,14387,258,0.8172677302587478,12192,12335,14775,1,1,3.1025783873164,0.19781110660721524
BA-TOS-LS-AUTO,EFRGP01_01,crop04,14394,259,0.9683969345026467,12257,12375,12539,1,1,0.042524684772239085,0.013252525252525252
BA-TOS-LS-AUTO,EFRGP01_01,crop04,14396,269,0.9618714750973072,12109,12243,12455,1,1,0.11227035449667665,0.017316017316017316
BA-TOS-LS-AUTO,EFRGP01_01,crop04,14397,264,0.9448654500463965,12219,12429,12722,1,1,0.0630497037369457,0.023573899750583313
BA-TOS-LS-AUTO,EFRGP01_01,crop04,14398,261,0.9628929331127393,12222,12359,12556,1,1,0.11318522946255102,0.015939800954769802
BA-TOS-LS-AUTO,EFRGP01_01,crop04,14399,271,0.9563284722763784,12263,12400,12686,1,1,0.04017302587695359,0.023064516129032257
BA-TOS-LS-AUTO,EFRGP01_01,crop04,14408,267,0.9638783269961977,12168,12263,12529,1,1,0.05790157874826047,0.02169126641115551
BA-TOS-LS-AUTO,EFRGP01_01,crop04,14410,275,0.9591597688583476,12283,12401,12688,1,1,0.04101521581520554,0.023143294895572937
BA-TOS-LS-AUTO,EFRGP01_01,crop04,14411,265,0.9744487781580833,12242,12336,12469,1,1,0.051971212598000215,0.010781452658884565
BA-TOS-LS-AUTO,EFRGP01_01,crop04,14412,273,0.9610266159695817,12132,12326,12430,1,1,0.03760218478719422,0.008437449294174915
BA-TOS-LS-AUTO,EFRGP01_01,crop04,14417,272,0.9577130186886285,12094,12291,12431,1,1,0.060482749863888664,0.011390448295500772
BA-TOS-LS-AUTO,EFRGP01_01,crop04,14418,268,0.9576125915536855,12290,12448,12676,1,1,0.01650446081629346,0.018316195372750643
BA-TOS-LS-AUTO,EFRGP01_01,crop04,14419,274,0.9527142634935448,12250,12463,12645,1,1,0.049172211743410556,0.014603225547620958
BA-TOS-LS-AUTO,EFRGP01_01,crop04,14422,278,0.9670663469224621,12098,12244,12364,1,1,0.058871543613693865,0.009800718719372754
BA-TOS-LS-AUTO,EFRGP01_01,crop04,14423,280,0.5438408227140622,12163,12280,22248,1,0,6.476147644127414,0.8117263843648208
BA-TOS-LS-AUTO,EFRGP01_01,crop04,14429,282,0.9459687956344631,12308,12496,12823,1,1,0.0509584518791996,0.026168373879641486
BA-TOS-LS-AUTO,EFRGP01_01,crop04,14430,277,0.9646024644847343,12290,12396,12635,1,1,0.06364779369338239,0.019280413036463374
BA-TOS-LS-AUTO,EFRGP01_01,crop04,14433,285,0.9606225680933852,12344,12497,12697,1,1,0.07076182988375325,0.016003840921821236
BA-TOS-LS-AUTO,EFRGP01_01,crop04,14442,294,0.9593725490196079,12232,12353,12629,1,1,0.1029111266759289,0.02234275074880596
BA-TOS-LS-AUTO,EFRGP01_01,crop04,14443,293,0.9504564250604666,12182,12370,12629,1,1,0.02407860698599079,0.020937752627324172
BA-TOS-LS-AUTO,EFRGP01_01,crop04,14444,296,0.9700353912701534,12334,12440,12609,1,1,0.05611346461901468,0.013585209003215434
BA-TOS-LS-AUTO,EFRGP01_01,crop04,14445,288,0.960287679799875,12284,12403,12673,1,1,0.03282610345298829,0.02176892687253084
BA-TOS-LS-AUTO,EFRGP01_01,crop04,14446,290,0.9600617999227501,12428,12579,12794,1,1,0.06393581049119017,0.017091978694649814
BA-TOS-LS-AUTO,EFRGP01_01,crop04,14451,295,0.9584961700797249,12263,12367,12690,1,1,0.049478475382723174,0.026117894396377458
BA-TOS-LS-AUTO,EFRGP01_01,crop04,14453,301,0.9578528827037773,12045,12208,12412,1,1,0.07944815782333436,0.016710353866317168
BA-TOS-LS-AUTO,EFRGP01_01,crop04,14457,291,0.9594415412214335,12301,12409,12713,1,1,0.03439170973820287,0.024498347973245224
BA-TOS-LS-AUTO,EFRGP01_01,crop04,14465,304,0.9633063565647836,12260,12381,12606,1,1,0.02435780914886003,0.01817300702689605
BA-TOS-LS-AUTO,EFRGP01_01,crop04,14467,297,0.9628285060374082,12200,12343,12528,1,1,0.06195055322654906,0.01498825245078182
BA-TOS-LS-AUTO,EFRGP01_01,crop04,14468,302,0.7027352485807672,12255,12327,17367,1,0,6.3046343401146645,0.4088586030664395
BA-TOS-LS-AUTO,EFRGP01_01,crop04,14471,300,0.9551842598376015,12234,12425,12617,1,1,0.00829043493050228,0.01545271629778672
BA-TOS-LS-AUTO,EFRGP01_01,crop04,14473,306,0.9555006180469716,12368,12532,12780,1,1,0.08533778866144333,0.01978933929141398
BA-TOS-LS-AUTO,EFRGP01_01,crop04,14476,303,0.7676172953081877,12516,12600,16221,1,1,4.960047522564177,0.2873809523809524
BA-TOS-LS-AUTO,EFRGP01_01,crop04,14477,305,0.9599468043495267,12271,12404,12650,1,1,0.012431552169662009,0.01983231215736859
BA-TOS-LS-AUTO,EFRGP01_01,crop04,14479,310,0.9526099433801287,12282,12445,12730,1,1,0.044032909438522054,0.022900763358778626
BA-TOS-LS-AUTO,EFRGP01_01,crop04,14482,309,0.902046892445106,12119,12366,13188,1,1,1.0458639553177802,0.06647258612324114
BA-TOS-LS-AUTO,EFRGP01_01,crop04,14492,308,0.6495789863898744,12266,12414,18735,1,0,6.435696232016727,0.5091831802803286
BA-TOS-LS-AUTO,EFRGP01_01,crop04,14494,312,0.9650155044923273,12137,12253,12461,1,1,0.09988510415935728,0.016975434587447973
BA-TOS-LS-AUTO,EFRGP01_01,crop04,14495,313,0.9533411488862837,12198,12310,12683,1,1,0.07525745557244988,0.030300568643379367
BA-TOS-LS-AUTO,EFRGP01_01,crop04,14496,307,0.9417227768748548,12168,12309,12780,1,1,0.4579947554336317,0.03826468437728491
BA-TOS-LS-AUTO,EFRGP01_01,crop04,14501,311,0.9618020004725526,12212,12334,12575,1,1,0.08711316915916463,0.019539484352197177
BA-TOS-LS-AUTO,EFRGP01_01,crop04,14503,314,0.9595617215828472,12173,12341,12518,1,1,0.07345877409831808,0.014342435783161819
BA-TOS-LS-AUTO,EFRGP01_01,crop04,14504,315,0.95470873028268,12226,12402,12630,1,1,0.0837554543706152,0.018384131591678763
BA-TOS-LS-AUTO,EFRGP01_01,crop04,14506,317,0.9615960886365429,12194,12306,12569,1,1,0.04454530204348287,0.021371688607183487
BA-TOS-LS-AUTO,EFRGP01_01,crop04,14510,324,0.9489835656982631,12184,12406,12617,1,1,0.05392106356824303,0.01700789940351443
BA-TOS-LS-AUTO,EFRGP01_01,crop04,14511,327,0.9600093911410237,12267,12409,12636,1,1,0.054920141627838155,0.018293174308969297
BA-TOS-LS-AUTO,EFRGP01_01,crop04,14512,322,0.9592636114375245,12245,12389,12621,1,1,0.05183757717338275,0.01872628945031883
BA-TOS-LS-AUTO,EFRGP01_01,crop04,14513,326,0.9631379962192816,12228,12341,12583,1,1,0.08610018291625263,0.019609431974718417
BA-TOS-LS-AUTO,EFRGP01_01,crop04,14517,323,0.9641531780497434,12211,12286,12590,1,1,0.05291939590934262,0.024743610613706658
BA-TOS-LS-AUTO,EFRGP01_01,crop04,14521,325,0.9510032664489034,12228,12435,12651,1,1,0.05869110855536358,0.017370325693606754
BA-TOS-LS-AUTO,EFRGP01_01,crop04,14523,337,0.9659724950884087,12292,12427,12590,1,1,0.048600422899205006,0.013116600949545344
BA-TOS-LS-AUTO,EFRGP01_01,crop04,14524,328,0.9576944247857199,12179,12365,12531,1,1,0.05566375125056165,0.013424989890820865
BA-TOS-LS-AUTO,EFRGP01_01,crop04,14533,332,0.9540844406006762,12135,12299,12555,1,1,0.02329135864749921,0.02081470038214489
BA-TOS-LS-AUTO,EFRGP01_01,crop04,14534,330,0.9572188330987017,12239,12371,12654,1,1,0.07270040713865347,0.02287608115754587
BA-TOS-LS-AUTO,EFRGP01_01,crop04,14538,338,0.9547008547008548,12287,12425,12732,1,1,0.08749916520298391,0.02470824949698189
BA-TOS-LS-AUTO,EFRGP01_01,crop04,14542,331,0.9577805525206805,12273,12435,12652,1,1,0.07021550348079458,0.017450743868114193
BA-TOS-LS-AUTO,EFRGP01_01,crop04,14543,336,0.5792391149855498,12226,12378,20955,1,0,7.85010989177494,0.6929229277750848
BA-TOS-LS-AUTO,EFRGP01_01,crop04,14549,341,0.6930715414127736,12284,12481,17527,1,0,6.4482934916264,0.40429452768207674
BA-TOS-LS-AUTO,EFRGP01_01,crop04,14553,355,0.6917664415820235,12191,12336,17478,1,0,4.846800822241617,0.4168287937743191
BA-TOS-LS-AUTO,EFRGP01_01,crop04,14554,340,0.9502591475206931,12284,12483,12728,1,1,0.07363838646499393,0.01962669230153008
BA-TOS-LS-AUTO,EFRGP01_01,crop04,14556,348,0.8806498194945849,12197,12350,13697,1,1,1.419452034733332,0.10906882591093117
BA-TOS-LS-AUTO,EFRGP01_01,crop04,14557,349,0.635717230008244,12338,12411,19335,1,0,4.353203013194249,0.5578921924099589
BA-TOS-LS-AUTO,EFRGP01_01,crop04,14559,342,0.920730797912006,12347,12479,13278,1,1,0.7944821461340595,0.06402756631140316
BA-TOS-LS-AUTO,EFRGP01_01,crop04,14562,345,0.9616418854792788,12159,12351,12452,1,1,0.06836390046203213,0.008177475508056028
BA-TOS-LS-AUTO,EFRGP01_01,crop04,14563,343,0.95,12065,12231,12534,1,1,0.07265017393764117,0.024773117488349275
BA-TOS-LS-AUTO,EFRGP01_01,crop04,14566,352,0.9596553074813945,12250,12401,12614,1,1,0.04999315872931439,0.017176034190791067
BA-TOS-LS-AUTO,EFRGP01_01,crop04,14567,344,0.9519008773279976,12369,12524,12839,1,1,0.06337524630033159,0.025151708719259022
BA-TOS-LS-AUTO,EFRGP01_01,crop04,14568,353,0.9573333333333334,12206,12349,12607,1,1,0.06099084311901851,0.020892379949793507
BA-TOS-LS-AUTO,EFRGP01_01,crop04,14569,357,0.9611619829491632,12176,12338,12506,1,1,0.016618168739020018,0.013616469443994165
BA-TOS-LS-AUTO,EFRGP01_01,crop04,14571,346,0.9505256648113791,12296,12460,12772,1,1,0.15404458007050356,0.02504012841091493
BA-TOS-LS-AUTO,EFRGP01_01,crop04,14572,347,0.9528865817209375,12115,12314,12515,1,1,0.05593353545304842,0.016322884521682637
BA-TOS-LS-AUTO,EFRGP01_01,crop04,14576,354,0.9585101367279585,12198,12390,12534,1,1,0.10599304655148505,0.01162227602905569
BA-TOS-LS-AUTO,EFRGP01_01,crop04,14577,356,0.9593151115300032,12214,12396,12550,1,1,0.07944014364395284,0.012423362374959664
BA-TOS-LS-AUTO,EFRGP01_01,crop04,14579,358,0.9529741513547182,12240,12425,12659,1,1,0.04856335471585523,0.018832997987927567
BA-TOS-LS-AUTO,EFRGP01_01,crop04,14585,363,0.6244994352602936,12164,12273,19369,1,0,7.739322264608957,0.5781797441538337
BA-TOS-LS-AUTO,EFRGP01_01,crop04,14594,360,0.9657512626262627,12238,12335,12575,1,1,0.04934483112871235,0.019456830158086746
BA-TOS-LS-AUTO,EFRGP01_01,crop04,14598,362,0.9628249902987971,12406,12509,12782,1,1,0.03656577778185615,0.02182428651371013
BA-TOS-LS-AUTO,EFRGP01_01,crop04,14600,371,0.7387327757386124,12277,12343,16553,1,0,4.894593995650293,0.3410840152313052
BA-TOS-LS-AUTO,EFRGP01_01,crop04,14601,364,0.9656110044785668,12074,12196,12382,1,1,0.05792127551971395,0.015250901935060675
BA-TOS-LS-AUTO,EFRGP01_01,crop04,14606,365,0.9303744375810264,12200,12374,12939,1,1,0.6376844245751291,0.04566025537417165
BA-TOS-LS-AUTO,EFRGP01_01,crop04,14610,366,0.9335368180083937,12234,12356,12983,1,1,0.49805851373353144,0.05074457753318226
BA-TOS-LS-AUTO,EFRGP01_01,crop04,14614,373,0.8973607038123167,12240,12413,13467,1,1,0.8812028598421129,0.0849109804237493
BA-TOS-LS-AUTO,EFRGP01_01,crop04,14617,376,0.7905361964767905,12296,12405,15445,1,1,3.1338197427566366,0.24506247480854493
BA-TOS-LS-AUTO,EFRGP01_01,crop04,14620,377,0.5412298475905206,12287,12397,22592,1,0,7.924563888251743,0.8223763813825926
BA-TOS-LS-AUTO,EFRGP01_01,crop04,14621,370,0.6970454545454545,12268,12441,17427,1,0,5.418703617797065,0.4007716421509525
BA-TOS-LS-AUTO,EFRGP01_01,crop04,14629,380,0.7577300384949708,12204,12312,15998,1,1,3.0318920694720437,0.2993827160493827
BA-TOS-LS-AUTO,EFRGP01_01,crop04,14631,374,0.6240931848370287,12216,12370,19420,1,0,6.95758743229272,0.5699272433306386
BA-TOS-LS-AUTO,EFRGP01_01,crop04,14632,386,0.8746046922115173,11892,11973,13516,1,1,1.3720427767133596,0.12887329825440574
BA-TOS-LS-AUTO,EFRGP01_01,crop04,14637,375,0.8352253181974544,12140,12309,14366,1,1,2.4705572831805207,0.1671134941912422
BA-TOS-LS-AUTO,EFRGP01_01,crop04,14643,383,0.9287894977865975,12169,12350,12921,1,1,0.3536155135296215,0.046234817813765185
BA-TOS-LS-AUTO,EFRGP01_01,crop04,14654,391,0.5572761025083763,12308,12358,22036,1,0,7.652136488511254,0.7831364298430167
BA-TOS-LS-AUTO,EFRGP01_01,crop04,14665,397,0.9371995658241588,12088,12180,12806,1,1,0.4783798110378282,0.05139573070607553
BA-TOS-LS-AUTO,EFRGP01_01,crop04,15983,182,0.9533988212180746,12132,12313,12544,1,1,0.038434112416418066,0.018760659465605456
BA-TOS-LS-AUTO,EFRGP01_01,crop04,15984,185,0.6777028520893212,12261,12330,18023,1,0,5.191067532267329,0.46171938361719383
BA-TOS-LS-AUTO,EFRGP01_01,crop04,15988,190,0.9613009147056524,12296,12438,12649,1,1,0.05140895505861887,0.016964142145039395
BA-TOS-LS-AUTO,EFRGP01_01,crop04,15991,187,0.960271700497591,12158,12311,12508,1,1,0.050193852074336166,0.016001949476078303
BA-TOS-LS-AUTO,EFRGP01_01,crop04,15994,193,0.9650710486623799,12157,12252,12502,1,1,0.04638628156755593,0.02040483186418544
BA-TOS-LS-AUTO,EFRGP01_01,crop04,15996,188,0.9574419315403423,12531,12687,12932,1,1,0.10614038804303179,0.019311105856388427
BA-TOS-LS-AUTO,EFRGP01_01,crop04,15997,189,0.6193075562294668,12253,12443,19595,1,0,8.019910969389127,0.57478100136623
BA-TOS-LS-AUTO,EFRGP01_01,crop04,16000,194,0.9302010390783827,12354,12505,13130,1,1,0.44105406071986414,0.04998000799680128
BA-TOS-LS-AUTO,EFRGP01_01,crop04,16001,191,0.9564540001557996,12278,12408,12707,1,1,0.03866641182576404,0.024097356544165054
BA-TOS-LS-AUTO,EFRGP01_01,crop04,16011,200,0.9555520898315658,12254,12452,12626,1,1,0.05428736053259886,0.013973658849983939
BA-TOS-LS-AUTO,EFRGP01_01,crop04,16013,196,0.9598390405554679,12165,12287,12552,1,1,0.08259312409872117,0.02156751037682103
BA-TOS-LS-AUTO,EFRGP01_01,crop04,16015,198,0.9658574784651527,12334,12494,12610,1,1,0.04596064409713914,0.009284456539138787
BA-TOS-LS-AUTO,EFRGP01_01,crop04,16016,199,0.9517447343602641,12110,12327,12507,1,1,0.1108675434594197,0.014602092966658554
BA-TOS-LS-AUTO,EFRGP01_01,crop04,16019,206,0.9580974842767296,12187,12340,12567,1,1,0.07901657264386278,0.01839546191247974
BA-TOS-LS-AUTO,EFRGP01_01,crop04,16021,201,0.9009395575941407,12178,12270,13425,1,1,1.267507744909013,0.0941320293398533
BA-TOS-LS-AUTO,EFRGP01_01,crop04,16022,207,0.9612531565656566,12181,12324,12529,1,1,0.04307290140829944,0.016634209672184357
BA-TOS-LS-AUTO,EFRGP01_01,crop04,16023,203,0.9635808270676691,12303,12407,12664,1,1,0.09024265443980359,0.020714113000725398
BA-TOS-LS-AUTO,EFRGP01_01,crop04,16024,204,0.9468209900680379,12107,12387,12507,1,1,0.05242483423222552,0.009687575684185032
BA-TOS-LS-AUTO,EFRGP01_01,crop04,16026,212,0.9582326813683473,12297,12429,12701,1,1,0.027901412959822475,0.021884302840131948
BA-TOS-LS-AUTO,EFRGP01_01,crop04,16028,208,0.951105574587356,12216,12406,12654,1,1,0.10496160781226442,0.01999032726100274
BA-TOS-LS-AUTO,EFRGP01_01,crop04,16029,209,0.9349040006119483,12222,12357,12938,1,1,0.3078503517361794,0.047017884599821966
BA-TOS-LS-AUTO,EFRGP01_01,crop04,16045,214,0.9597388465723613,12348,12456,12758,1,1,0.06464452459057919,0.02424534360950546
BA-TOS-LS-AUTO,EFRGP01_01,crop04,16046,218,0.9542104437823428,12170,12290,12634,1,1,0.02364136498315769,0.027990235964198536
BA-TOS-LS-AUTO,EFRGP01_01,crop04,16047,211,0.9614178168130489,12260,12400,12612,1,1,0.07664546474633775,0.017096774193548388
BA-TOS-LS-AUTO,EFRGP01_01,crop04,16050,216,0.9606144151240646,12195,12338,12552,1,1,0.0509592543849615,0.017344788458421138
BA-TOS-LS-AUTO,EFRGP01_01,crop04,16052,220,0.9556947162426614,12209,12402,12582,1,1,0.065084187201399,0.01451378809869376
BA-TOS-LS-AUTO,EFRGP01_01,crop04,16059,226,0.9518541601745092,12218,12384,12670,1,1,0.12300233957698635,0.023094315245478038
BA-TOS-LS-AUTO,EFRGP01_01,crop04,16061,221,0.8630408611288153,12187,12306,14002,1,1,2.361751539062725,0.13781895010563952
BA-TOS-LS-AUTO,EFRGP01_01,crop04,16062,223,0.9624565286120771,12177,12332,12497,1,1,0.048849116751350764,0.01337982484592929
BA-TOS-LS-AUTO,EFRGP01_01,crop04,16064,225,0.9646170781569429,12268,12374,12612,1,1,0.026798160848386706,0.019233877485049296
BA-TOS-LS-AUTO,EFRGP01_01,crop04,16065,224,0.9551157172913582,12257,12421,12669,1,1,0.04762740355807499,0.019966186297399564
BA-TOS-LS-AUTO,EFRGP01_01,crop04,16072,229,0.9567592881673431,12258,12441,12629,1,1,0.03836760520726581,0.015111325456153043
BA-TOS-LS-AUTO,EFRGP01_01,crop04,16073,237,0.9536772098058928,12332,12481,12782,1,1,0.0910128954885659,0.02411665731912507
BA-TOS-LS-AUTO,EFRGP01_01,crop04,16078,227,0.9565353345841151,12236,12355,12673,1,1,0.02905409013979386,0.025738567381626873
BA-TOS-LS-AUTO,EFRGP01_01,crop04,16079,230,0.9663488060524864,12262,12339,12612,1,1,0.056149496283010164,0.02212496960855823
BA-TOS-LS-AUTO,EFRGP01_01,crop04,16084,235,0.9628141495312377,12221,12347,12567,1,1,0.04534590351629777,0.017818093463999353
BA-TOS-LS-AUTO,EFRGP01_01,crop04,16085,236,0.9551981169085916,12174,12333,12586,1,1,0.05344167361285084,0.020514067947782374
BA-TOS-LS-AUTO,EFRGP01_00,crop05,13381,7,0.5328777325097472,12164,12284,22707,1,0,6.248027568802973,0.8485021165744058
BA-TOS-LS-AUTO,EFRGP01_00,crop05,13382,13,0.8175255664728294,12231,12359,14833,1,1,0.9276899140639222,0.20017800792944412
BA-TOS-LS-AUTO,EFRGP01_00,crop05,13385,11,0.49987677647252116,12170,12303,24213,0,0,2.9435391907463964,0.9680565715679103
BA-TOS-LS-AUTO,EFRGP01_00,crop05,13386,12,0.48815933287454966,12059,12217,24545,0,0,5.641221978673759,1.0090857002537448
BA-TOS-LS-AUTO,EFRGP01_00,crop05,13387,14,0.7408296405711472,12037,12201,16084,1,0,1.8873143953220806,0.31825260224571755
BA-TOS-LS-AUTO,EFRGP01_00,crop05,13393,20,0.701994501959408,12002,12243,16856,1,0,2.233556973720823,0.37678673527730133
BA-TOS-LS-AUTO,EFRGP01_00,crop05,13398,21,0.6998921496282,12330,12492,17455,1,0,1.8405807346689802,0.3972942683317323
BA-TOS-LS-AUTO,EFRGP01_00,crop05,13399,15,0.537637265320581,12142,12289,22437,1,0,8.182219018740089,0.8257791520872325
BA-TOS-LS-AUTO,EFRGP01_00,crop05,13400,16,0.7453231292517006,12271,12407,16328,1,0,2.113734400445835,0.3160312726686548
BA-TOS-LS-AUTO,EFRGP01_00,crop05,13409,19,0.6738536965847679,12095,12175,17869,1,0,3.7583511668838594,0.46767967145790557
BA-TOS-LS-AUTO,EFRGP01_00,crop05,13419,24,0.5935860058309038,12216,12546,20250,1,0,4.523236703358842,0.6140602582496413
BA-TOS-LS-AUTO,EFRGP01_00,crop05,13434,27,0.6524205949414073,12304,12454,18709,1,0,1.8103804056211008,0.5022482736470211
BA-TOS-LS-AUTO,EFRGP01_00,crop05,13448,26,0.7814484572454936,12182,12363,15408,1,1,1.5615363534646531,0.2462994418830381
BA-TOS-LS-AUTO,EFRGP01_00,crop05,13465,30,0.7267483349191246,12221,12524,16513,1,0,1.8777178915587975,0.3185084637496008
BA-TOS-LS-AUTO,EFRGP01_00,crop05,13466,31,0.8366936880759371,12076,12209,14300,1,1,0.12295092384965939,0.1712670980424277
BA-TOS-LS-AUTO,EFRGP01_00,crop05,13469,28,0.7107848871213007,12153,12326,16925,1,0,2.133198662647968,0.3731137433068311
BA-TOS-LS-AUTO,EFRGP01_00,crop05,13471,33,0.8399384916474453,12017,12343,13981,1,1,0.14254426050617275,0.13270679737503038
BA-TOS-LS-AUTO,EFRGP01_00,crop05,13478,32,0.8428502046763339,12148,12325,14236,1,1,0.21939941609002422,0.15505070993914807
BA-TOS-LS-AUTO,EFRGP01_00,crop05,13490,35,0.5899931526949036,12063,12263,20246,1,0,5.979129028989053,0.6509826306776482
BA-TOS-LS-AUTO,EFRGP01_00,crop05,13491,41,0.6782837415748808,12378,12460,18167,1,0,1.7265906396067583,0.45802568218298556
BA-TOS-LS-AUTO,EFRGP01_00,crop05,13499,37,0.844157646405773,12166,12326,14252,1,1,0.20151187360657158,0.1562550705825085
BA-TOS-LS-AUTO,EFRGP01_00,crop05,13500,38,0.7011749942961442,12293,12531,17294,1,0,2.284468149907122,0.380097358550794
BA-TOS-LS-AUTO,EFRGP01_00,crop05,13504,39,0.8382605116949037,12221,12316,14484,1,1,0.0934823224901017,0.17603117895420592
BA-TOS-LS-AUTO,EFRGP01_00,crop05,13509,40,0.8432015297411732,12347,12540,14450,1,1,0.09462499028761935,0.15231259968102073
BA-TOS-LS-AUTO,EFRGP01_00,crop05,13510,42,0.5569292304895233,12253,12523,21731,1,0,7.41442582421007,0.7352870717879102
BA-TOS-LS-AUTO,EFRGP01_00,crop05,13523,43,0.8454877553781627,12498,12770,14510,1,1,0.09281946218559882,0.13625685199686766
BA-TOS-LS-AUTO,EFRGP01_00,crop05,13527,44,0.8404048807542984,12122,12251,14295,1,1,0.05820593571365914,0.1668435229777161
BA-TOS-LS-AUTO,EFRGP01_00,crop05,13541,46,0.834925434678029,12149,12408,14292,1,1,0.18784621696532938,0.1518375241779497
BA-TOS-LS-AUTO,EFRGP01_00,crop05,13545,47,0.7156794827387137,12397,12513,17206,1,0,1.9171173472342122,0.3750499480540238
BA-TOS-LS-AUTO,EFRGP01_00,crop05,13551,49,0.7137476459510358,12128,12359,16761,1,0,2.213521411161527,0.3561776842786633
BA-TOS-LS-AUTO,EFRGP01_00,crop05,13569,51,0.45915957566443005,12249,12400,26526,0,0,8.40775212512163,1.1391935483870967
BA-TOS-LS-AUTO,EFRGP01_00,crop05,13576,52,0.708454302636163,12201,12396,17027,1,0,2.0102839542810913,0.37358825427557274
BA-TOS-LS-AUTO,EFRGP01_00,crop05,13597,63,0.8368784434060953,12000,12237,14102,1,1,0.07227449358548955,0.15240663561330392
BA-TOS-LS-AUTO,EFRGP01_00,crop05,13598,58,0.6860280858969455,12555,12776,18080,1,0,1.6600738647725517,0.41515341264871636
BA-TOS-LS-AUTO,EFRGP01_00,crop05,13604,56,0.7146285781185975,12208,12392,16899,1,0,2.161436868897628,0.36370238863783083
BA-TOS-LS-AUTO,EFRGP01_00,crop05,13605,53,0.838698487581518,12089,12319,14184,1,1,0.20295179881420997,0.15139215845442
BA-TOS-LS-AUTO,EFRGP01_00,crop05,13614,57,0.8450877312760292,12378,12567,14458,1,1,0.0984284097516956,0.15047346224238084
BA-TOS-LS-AUTO,EFRGP01_00,crop05,13620,60,0.8490860138869208,11984,12132,13966,1,1,0.1395777163611481,0.15117045829212
BA-TOS-LS-AUTO,EFRGP01_00,crop05,13621,61,0.8350180005538632,12061,12330,14175,1,1,0.13128396282826735,0.14963503649635038
BA-TOS-LS-AUTO,EFRGP01_00,crop05,13626,67,0.8526985458612976,12197,12336,14165,1,1,0.039717946374493066,0.14826523994811933
BA-TOS-LS-AUTO,EFRGP01_00,crop05,13628,66,0.8435618902649968,12192,12353,14292,1,1,0.12100285336071148,0.15696591920990852
BA-TOS-LS-AUTO,EFRGP01_00,crop05,13630,65,0.8403332650413167,12305,12526,14422,1,1,0.10284001694758674,0.15136516046623025
BA-TOS-LS-AUTO,EFRGP01_00,crop05,13646,64,0.8399138050882803,12083,12235,14234,1,1,0.13385911297394487,0.16338373518594196
BA-TOS-LS-AUTO,EFRGP01_00,crop05,13647,69,0.7256028241488661,12127,12264,16576,1,0,1.9914847704246783,0.3515981735159817
BA-TOS-LS-AUTO,EFRGP01_00,crop05,13663,73,0.7041406430719408,12176,12500,16968,1,0,2.2823400513093897,0.35744
BA-TOS-LS-AUTO,EFRGP01_00,crop05,13669,72,0.7255064565809738,12248,12490,16640,1,0,2.1086706780403057,0.3322658126501201
BA-TOS-LS-AUTO,EFRGP01_00,crop05,13679,75,0.8485732139137679,12222,12391,14234,1,1,0.17128881481053185,0.148736986522476
BA-TOS-LS-AUTO,EFRGP01_00,crop05,13685,76,0.8239823245848955,12307,12427,14816,1,1,0.5347724243173432,0.19224269735253882
BA-TOS-LS-AUTO,EFRGP01_00,crop05,13689,77,0.7195036700454387,12351,12605,16912,1,0,2.060205490894142,0.3416898056326854
BA-TOS-LS-AUTO,EFRGP01_00,crop05,13705,80,0.7170878247040113,12174,12364,16787,1,0,1.995169253007062,0.3577321255257198
BA-TOS-LS-AUTO,EFRGP01_00,crop05,13708,81,0.8371705963938973,12072,12312,14180,1,1,0.11702519920703677,0.15172189733593242
BA-TOS-LS-AUTO,EFRGP01_00,crop05,13709,79,0.7174445740956826,12297,12471,16966,1,0,2.049853818557012,0.36043621201186754
BA-TOS-LS-AUTO,EFRGP01_00,crop05,13722,84,0.8347443044944594,12128,12266,14391,1,1,0.02686608802813962,0.1732431110386434
BA-TOS-LS-AUTO,EFRGP01_00,crop05,13724,86,0.8348913847602394,12414,12524,14759,1,1,0.17942709191490586,0.17845736186521877
BA-TOS-LS-AUTO,EFRGP01_00,crop05,13725,85,0.7106512691248021,12123,12448,16734,1,0,2.0520272018344543,0.34431233933161953
BA-TOS-LS-AUTO,EFRGP01_00,crop05,20287,115,0.8482651840382855,12053,12244,14018,1,1,0.1793495857692115,0.14488729173472722
BA-TOS-LS-AUTO,EFRGP01_00,crop05,20290,113,0.7052864462040056,12114,12286,17004,1,0,2.1810700677196855,0.38401432524825
BA-TOS-LS-AUTO,EFRGP01_00,crop05,20292,114,0.5311990387091237,12378,12496,23184,1,0,6.020181479948075,0.8553137003841229
BA-TOS-LS-AUTO,EFRGP01_00,crop05,20297,118,0.6824432539901696,12357,12452,18012,1,0,1.717512304976974,0.4465146161259235
BA-TOS-LS-AUTO,EFRGP01_00,crop05,20316,116,0.8338800054667214,12203,12338,14499,1,1,0.189945908354496,0.17514994326471064
BA-TOS-LS-AUTO,EFRGP01_00,crop05,20317,121,0.5789125920332263,12266,12365,21089,1,0,7.7393289559639316,0.7055398301657906
BA-TOS-LS-AUTO,EFRGP01_00,crop05,20318,117,0.8443983402489627,12210,12333,14337,1,1,0.046758866313095344,0.1624908781318414
BA-TOS-LS-AUTO,EFRGP01_00,crop05,20325,124,0.7211150652431791,12158,12377,16641,1,0,1.980861524608512,0.3445099781853438
BA-TOS-LS-AUTO,EFRGP01_00,crop05,20333,125,0.6686591719221278,12193,12400,18028,1,0,2.1466456724475713,0.45387096774193547
BA-TOS-LS-AUTO,EFRGP01_00,crop05,20339,123,0.7115407010597414,12220,12406,16988,1,0,2.165557149568875,0.36933741737868775
BA-TOS-LS-AUTO,EFRGP01_00,crop05,20359,128,0.7221993531314319,12281,12498,16788,1,0,2.1286441689792346,0.34325492078732595
BA-TOS-LS-AUTO,EFRGP01_00,crop05,20362,134,0.6201346358252772,12252,12395,19614,1,0,5.4363468049967105,0.582412263009278
BA-TOS-LS-AUTO,EFRGP01_00,crop05,20364,132,0.8416490341956181,12331,12539,14443,1,1,0.12758996745028853,0.15184623973203604
BA-TOS-LS-AUTO,EFRGP01_00,crop05,20372,129,0.8390852680750192,12035,12139,14239,1,1,0.050605778690782255,0.17299612818189308
BA-TOS-LS-AUTO,EFRGP01_00,crop05,20375,130,0.838036809815951,12294,12591,14373,1,1,0.07596544279348304,0.14152966404574696
BA-TOS-LS-AUTO,EFRGP01_00,crop05,20376,131,0.842956437960223,12249,12341,14439,1,1,0.06225317847118925,0.17000243092131917
BA-TOS-LS-AUTO,EFRGP01_00,crop05,20378,135,0.717229670394005,12251,12445,16887,1,0,2.296546985682376,0.35693049417436723
BA-TOS-LS-AUTO,EFRGP01_00,crop05,20392,136,0.7845725749045492,12124,12264,15313,1,1,1.3701274383555486,0.24861382909328114
BA-TOS-LS-AUTO,EFRGP01_00,crop05,20417,137,0.5895571711830799,12488,12689,20981,1,0,2.844851214971704,0.6534793915990228
BA-TOS-LS-AUTO,EFRGP01_00,crop05,20418,138,0.6925863991081382,12425,12591,17774,1,0,1.8233198654851368,0.41164323723294416
BA-TOS-LS-AUTO,EFRGP01_00,crop05,20420,139,0.8452290471913217,12233,12438,14268,1,1,0.15758069667522132,0.14712976362759286
BA-TOS-LS-AUTO,EFRGP01_00,crop05,20424,140,0.8433335683564831,11961,12258,13886,1,1,0.21531588172345784,0.13281122532223855
BA-TOS-LS-AUTO,EFRGP01_00,crop05,20434,144,0.8395963813500348,12065,12285,14150,1,1,0.1682114990081946,0.15181115181115182
BA-TOS-LS-AUTO,EFRGP01_00,crop05,20442,142,0.7095033650498955,12229,12405,17060,1,0,2.1088316739432513,0.37525191455058443
BA-TOS-LS-AUTO,EFRGP01_00,crop05,20443,146,0.528337639965547,12268,12417,23071,1,0,6.154080504759703,0.8580172344366594
BA-TOS-LS-AUTO,EFRGP01_00,crop05,20446,143,0.8431332095454233,12260,12382,14419,1,1,0.0647412862149429,0.1645130027459215
BA-TOS-LS-AUTO,EFRGP01_00,crop05,20453,147,0.7195959833225674,12254,12486,16797,1,0,2.01483054677192,0.34526669870254684
BA-TOS-LS-AUTO,EFRGP01_00,crop05,20454,145,0.7206510919843082,12308,12500,16887,1,0,2.013916589982787,0.35096
BA-TOS-LS-AUTO,EFRGP01_00,crop05,20463,149,0.5262032085561498,12300,12393,23282,1,0,5.6080714217805445,0.878641168401517
BA-TOS-LS-AUTO,EFRGP01_00,crop05,20473,150,0.8481083344967193,12150,12333,14143,1,1,0.0671467747123773,0.14676072326279088
BA-TOS-LS-AUTO,EFRGP01_00,crop05,20477,153,0.7398916967509025,12297,12350,16567,1,0,1.8346347641005274,0.3414574898785425
BA-TOS-LS-AUTO,EFRGP01_00,crop05,20478,152,0.8398197460057354,12300,12445,14501,1,1,0.09419010270910941,0.16520691040578545
BA-TOS-LS-AUTO,EFRGP01_00,crop05,20483,155,0.7196175021732831,12417,12575,17097,1,0,1.898782157472523,0.3596023856858847
BA-TOS-LS-AUTO,EFRGP01_00,crop05,20489,151,0.8416972381809372,12160,12454,14153,1,1,0.08632895020098154,0.1364220330817408
BA-TOS-LS-AUTO,EFRGP01_00,crop05,20504,154,0.8198076141444248,12102,12272,14592,1,1,0.4786670752255811,0.18904823989569752
BA-TOS-LS-AUTO,EFRGP01_00,crop05,20513,157,0.7701291478712229,12463,12603,16043,1,1,1.515280978109327,0.2729508847099897
BA-TOS-LS-AUTO,EFRGP01_00,crop05,20515,159,0.8098299183072184,12094,12284,14744,1,1,0.7821734583174438,0.20026050146532073
BA-TOS-LS-AUTO,EFRGP01_00,crop05,20516,160,0.8420871243451888,12217,12363,14362,1,1,0.15025341405361406,0.16169214591927525
BA-TOS-LS-AUTO,EFRGP01_00,crop05,20518,158,0.694755143436685,11988,12181,17062,1,0,2.518486771695777,0.4007060175683441
BA-TOS-LS-AUTO,EFRGP01_00,crop05,20527,162,0.7302317247969422,12227,12347,16624,1,0,2.967780160738227,0.34639993520693285
BA-TOS-LS-AUTO,EFRGP01_00,crop05,20529,163,0.6109629033069915,12138,12239,19766,1,0,6.379556798711303,0.615001225590326
BA-TOS-LS-AUTO,EFRGP01_00,crop05,20547,165,0.6968279903093132,12368,12673,17444,1,0,2.349088248526893,0.3764696599068887
BA-TOS-LS-AUTO,EFRGP01_00,crop05,20556,164,0.7871583676525645,12615,12754,15887,1,1,1.273234637167909,0.24564842402383566
BA-TOS-LS-AUTO,EFRGP01_00,crop05,20557,166,0.4298916064480267,12374,12491,28667,0,0,9.253921619494022,1.2950124089344328
BA-TOS-LS-AUTO,EFRGP01_00,crop05,20562,171,0.8436814692982456,12311,12450,14453,1,1,0.12837620420346346,0.16088353413654619
BA-TOS-LS-AUTO,EFRGP01_00,crop05,20563,172,0.6999535801322966,12063,12305,16992,1,0,2.1765474311783257,0.3809020723283218
BA-TOS-LS-AUTO,EFRGP01_00,crop05,20575,168,0.6751415565671145,12162,12394,17782,1,0,2.110428821260826,0.4347264805551073
BA-TOS-LS-AUTO,EFRGP01_00,crop05,20577,174,0.8491494446787572,12080,12257,14049,1,1,0.05200520152765054,0.14620217018846374
BA-TOS-LS-AUTO,EFRGP01_00,crop05,20578,173,0.8356758991318727,12129,12183,14460,1,1,0.14671972678555015,0.18689977837970942
BA-TOS-LS-AUTO,EFRGP01_00,crop05,20603,179,0.5382793296089385,12044,12151,22268,1,0,7.613964546738275,0.8326063698461033
BA-TOS-LS-AUTO,EFRGP01_00,crop05,20607,183,0.8039111700364601,12127,12293,14919,1,1,0.864184083117121,0.21361750589766534
BA-TOS-LS-AUTO,EFRGP01_00,crop05,20611,182,0.5226908477435681,12393,12506,23597,1,0,8.599030890961668,0.886854309931233
BA-TOS-LS-AUTO,EFRGP01_00,crop05,20616,178,0.49034075131897337,12361,12510,25060,0,0,7.2226881571737485,1.003197442046363
BA-TOS-LS-AUTO,EFRGP01_00,crop05,20620,180,0.4970824662341372,12182,12430,24259,0,0,6.592003878800999,0.9516492357200321
BA-TOS-LS-AUTO,EFRGP01_00,crop05,20635,185,0.5802759854942777,12321,12394,21160,1,0,3.2073354101925156,0.7072777150233984
BA-TOS-LS-AUTO,EFRGP01_00,crop05,22165,87,0.8481875739233284,12191,12332,14232,1,1,0.16238927105827353,0.15407071034706454
BA-TOS-LS-AUTO,EFRGP01_00,crop05,22175,92,0.8416031844073846,12263,12378,14456,1,1,0.04044546807107089,0.16787849410243982
BA-TOS-LS-AUTO,EFRGP01_00,crop05,22176,88,0.8439098575971243,12208,12308,14366,1,1,0.15868509077071744,0.1672083197920052
BA-TOS-LS-AUTO,EFRGP01_00,crop05,22186,91,0.7239551969167771,12022,12345,16283,1,0,2.0792657311379688,0.3189955447549615
BA-TOS-LS-AUTO,EFRGP01_00,crop05,22193,89,0.7093138109348672,12208,12349,17070,1,0,3.7422035717234303,0.3822981617944773
BA-TOS-LS-AUTO,EFRGP01_00,crop05,22197,93,0.8390670152745286,12195,12293,14436,1,1,0.1303016474891415,0.17432685268038722
BA-TOS-LS-AUTO,EFRGP01_00,crop05,22201,90,0.5347008697180006,12173,12378,22561,1,0,6.6118642729052,0.8226692518985297
BA-TOS-LS-AUTO,EFRGP01_00,crop05,22215,95,0.7204796503042117,12197,12462,16664,1,0,2.0507740168867628,0.33718504252928905
BA-TOS-LS-AUTO,EFRGP01_00,crop05,22220,96,0.57384025439581,12271,12374,21281,1,0,3.82123872491776,0.7198157426862777
BA-TOS-LS-AUTO,EFRGP01_00,crop05,22228,99,0.8447863247863248,12355,12471,14509,1,1,0.11044965867063493,0.16341913238713815
BA-TOS-LS-AUTO,EFRGP01_00,crop05,22246,101,0.7032750839023261,12154,12269,17167,1,0,2.2888426584482757,0.39921754014182087
BA-TOS-LS-AUTO,EFRGP01_00,crop05,22247,104,0.7610445468509984,12386,12541,16120,1,1,1.8561290061360365,0.28538394067458733
BA-TOS-LS-AUTO,EFRGP01_00,crop05,22270,105,0.7090582231500812,12227,12469,17002,1,0,2.1261875168132445,0.36354158312615287
BA-TOS-LS-AUTO,EFRGP01_00,crop05,22278,107,0.843300687643259,12141,12351,14187,1,1,0.09966196101476661,0.14865193101773136
BA-TOS-LS-AUTO,EFRGP01_00,crop05,22283,106,0.7046121347259712,12008,12163,16887,1,0,2.2827042438490732,0.38839102195182107
BA-TOS-LS-AUTO,EFRGP01_00,crop05,22288,108,0.8422299651567944,12086,12365,14071,1,1,0.08263960273656829,0.13797007682976142
BA-TOS-LS-AUTO,EFRGP01_00,crop05,22289,111,0.8427672955974843,12060,12268,14102,1,1,0.15474165688111655,0.1494946201499837
BA-TOS-LS-AUTO,EFRGP01_00,crop05,22291,109,0.7704815117082051,12273,12420,15782,1,1,1.3957389182604525,0.2706924315619968
BA-TOS-LS-AUTO,EFRGP01_00,crop05,22318,112,0.8329674852517492,12143,12383,14338,1,1,0.09720373990444584,0.15787773560526527
BA-TOS-LS-AUTO,EFRGP01_01,crop05,13363,12,0.6156807131280388,12156,12216,19684,1,0,2.720510856982611,0.6113294040602488
BA-TOS-LS-AUTO,EFRGP01_01,crop05,13381,11,0.8011857707509882,12162,12372,14970,1,1,0.9133069754941501,0.20999030067895247
BA-TOS-LS-AUTO,EFRGP01_01,crop05,13382,16,0.7813152731185518,12344,12416,15727,1,1,1.8483558972533298,0.26667203608247425
BA-TOS-LS-AUTO,EFRGP01_01,crop05,13385,17,0.4973968925404702,12229,12322,24493,0,0,6.842196781245952,0.9877454958610615
BA-TOS-LS-AUTO,EFRGP01_01,crop05,13386,15,0.6178607983623337,12073,12309,19304,1,0,4.138451672962361,0.5682833698919489
BA-TOS-LS-AUTO,EFRGP01_01,crop05,13387,18,0.6683124375901476,12047,12227,17846,1,0,3.575680625799552,0.4595567187372209
BA-TOS-LS-AUTO,EFRGP01_01,crop05,13393,25,0.6944087778685655,11898,12142,16890,1,0,2.515921193868849,0.39103936748476364
BA-TOS-LS-AUTO,EFRGP01_01,crop05,13398,26,0.5204438495747161,12054,12279,22936,1,0,6.805039622383955,0.8679045524879876
BA-TOS-LS-AUTO,EFRGP01_01,crop05,13399,19,0.6730123796423659,12232,12392,18015,1,0,3.9957216689272648,0.453760490639122
BA-TOS-LS-AUTO,EFRGP01_01,crop05,13400,21,0.6046626008262836,12294,12431,20195,1,0,6.68328288860428,0.624567613225002
BA-TOS-LS-AUTO,EFRGP01_01,crop05,13409,20,0.6155449369662465,12109,12279,19502,1,0,5.438158363629077,0.5882400846974509
BA-TOS-LS-AUTO,EFRGP01_01,crop05,13419,27,0.5452584269662921,12132,12431,21951,1,0,6.027927603997136,0.7658273670662055
BA-TOS-LS-AUTO,EFRGP01_01,crop05,13448,30,0.7982232673590698,12220,12508,15021,1,1,1.1688983740576069,0.20091141669331627
BA-TOS-LS-AUTO,EFRGP01_01,crop05,13465,34,0.7220471972894252,12147,12458,16512,1,0,2.119700236330511,0.3254133889869963
BA-TOS-LS-AUTO,EFRGP01_01,crop05,13466,35,0.8467707893626003,12036,12337,13913,1,1,0.1263959424512081,0.1277458053011267
BA-TOS-LS-AUTO,EFRGP01_01,crop05,13469,32,0.7016713417484806,12007,12257,16862,1,0,2.4391597500951776,0.37570367953006445
BA-TOS-LS-AUTO,EFRGP01_01,crop05,13471,37,0.8374810944589578,12182,12436,14292,1,1,0.19812896705700725,0.14924412994532005
BA-TOS-LS-AUTO,EFRGP01_01,crop05,13478,36,0.8443587802023818,12266,12430,14363,1,1,0.05262325846827249,0.15551086082059534
BA-TOS-LS-AUTO,EFRGP01_01,crop05,13490,38,0.5774814394476758,12212,12408,20951,1,0,6.595616852208451,0.6885074145712443
BA-TOS-LS-AUTO,EFRGP01_01,crop05,13491,42,0.6623799536372668,12001,12115,18004,1,0,2.0323148086035725,0.4860916219562526
BA-TOS-LS-AUTO,EFRGP01_01,crop05,13499,40,0.8511159308752536,12165,12422,14036,1,1,0.13774817279883408,0.12993076799227177
BA-TOS-LS-AUTO,EFRGP01_01,crop05,13500,43,0.6853732713605325,11944,12211,17160,1,0,2.6376711362138647,0.4052903120137581
BA-TOS-LS-AUTO,EFRGP01_01,crop05,13504,41,0.8366485013623978,12282,12457,14505,1,1,0.09047128033004623,0.16440555510957694
BA-TOS-LS-AUTO,EFRGP01_01,crop05,13509,44,0.8487658529933179,12448,12696,14418,1,1,0.11740349926531289,0.13563327032136105
BA-TOS-LS-AUTO,EFRGP01_01,crop05,13510,45,0.5658214498601495,12340,12581,21568,1,0,7.108146896365198,0.7143311342500596
BA-TOS-LS-AUTO,EFRGP01_01,crop05,13523,46,0.842059160433933,12497,12813,14525,1,1,0.16858839352079422,0.13361429797861546
BA-TOS-LS-AUTO,EFRGP01_01,crop05,13527,47,0.8481693442735986,12301,12459,14345,1,1,0.13305198533194748,0.15137651496909865
BA-TOS-LS-AUTO,EFRGP01_01,crop05,13541,50,0.8347736625514404,12171,12490,14261,1,1,0.03466832778934367,0.14179343474779824
BA-TOS-LS-AUTO,EFRGP01_01,crop05,13545,51,0.7007449856733524,12228,12393,17285,1,0,2.2366032902890813,0.39473896554506577
BA-TOS-LS-AUTO,EFRGP01_01,crop05,13551,53,0.7039948378013727,12001,12280,16768,1,0,2.3492543884657615,0.36547231270358305
BA-TOS-LS-AUTO,EFRGP01_01,crop05,13569,55,0.48097709447067544,12326,12530,25423,0,0,8.298047924097913,1.0289704708699121
BA-TOS-LS-AUTO,EFRGP01_01,crop05,13576,56,0.6926144244105409,11985,12222,17067,1,0,2.3437539669149317,0.3964162984781541
BA-TOS-LS-AUTO,EFRGP01_01,crop05,13597,66,0.8373389063044235,12020,12332,14043,1,1,0.09229564903747949,0.13874472915990918
BA-TOS-LS-AUTO,EFRGP01_01,crop05,13598,64,0.6596560411874247,12044,12243,18059,1,0,2.1106157130621743,0.47504696561300336
BA-TOS-LS-AUTO,EFRGP01_01,crop05,13604,59,0.7011527544459248,12104,12280,17087,1,0,2.4225081194555873,0.3914495114006515
BA-TOS-LS-AUTO,EFRGP01_01,crop05,13605,57,0.8433474900786744,12113,12362,14114,1,1,0.05760590753040049,0.14172464002588578
BA-TOS-LS-AUTO,EFRGP01_01,crop05,13614,60,0.8412677006068779,12476,12650,14656,1,1,0.1528686973038117,0.15857707509881422
BA-TOS-LS-AUTO,EFRGP01_01,crop05,13620,63,0.8522356281050391,12008,12252,13846,1,1,0.11441503206094959,0.13010120796604635
BA-TOS-LS-AUTO,EFRGP01_01,crop05,13621,67,0.8355069989757596,12236,12454,14427,1,1,0.1600411529667023,0.15842299662758952
BA-TOS-LS-AUTO,EFRGP01_01,crop05,13626,71,0.8564640111809924,12256,12434,14132,1,1,0.046166634998643305,0.13656104230336175
BA-TOS-LS-AUTO,EFRGP01_01,crop05,13628,70,0.8404460352422908,12210,12433,14305,1,1,0.14690089006429158,0.15056703933081317
BA-TOS-LS-AUTO,EFRGP01_01,crop05,13630,69,0.839840043378067,12391,12564,14581,1,1,0.07852011759308648,0.16053804520853232
BA-TOS-LS-AUTO,EFRGP01_01,crop05,13646,68,0.8435529688907365,12175,12353,14255,1,1,0.09488890140228647,0.15397069537764105
BA-TOS-LS-AUTO,EFRGP01_01,crop05,13647,73,0.7200096257971363,11968,12165,16425,1,0,2.2964052565038484,0.35018495684340323
BA-TOS-LS-AUTO,EFRGP01_01,crop05,13663,77,0.6958870686650401,11979,12279,16914,1,0,2.449998587895137,0.3774737356462253
BA-TOS-LS-AUTO,EFRGP01_01,crop05,13669,76,0.714571798798445,12132,12400,16710,1,0,2.298040079587671,0.34758064516129034
BA-TOS-LS-AUTO,EFRGP01_01,crop05,13679,80,0.8543824285813582,12292,12490,14189,1,1,0.09726525624842484,0.13602882305844677
BA-TOS-LS-AUTO,EFRGP01_01,crop05,13685,79,0.8188463583200425,12322,12476,14894,1,1,0.7992862704922213,0.19381211926899647
BA-TOS-LS-AUTO,EFRGP01_01,crop05,13689,81,0.7120744835612453,12237,12493,16929,1,0,2.2116023243579295,0.3550788441527255
BA-TOS-LS-AUTO,EFRGP01_01,crop05,13705,84,0.7069718060634659,11986,12274,16666,1,0,2.295868349340922,0.35782955841616426
BA-TOS-LS-AUTO,EFRGP01_01,crop05,13708,85,0.8325865580448065,12264,12491,14503,1,1,0.08874898325336848,0.16107597470178528
BA-TOS-LS-AUTO,EFRGP01_01,crop05,13709,83,0.7072230014025246,12102,12402,16812,1,0,2.414495627474887,0.3555878084179971
BA-TOS-LS-AUTO,EFRGP01_01,crop05,13722,89,0.8395019262520639,12203,12364,14375,1,1,0.05611647634752676,0.16264962795211907
BA-TOS-LS-AUTO,EFRGP01_01,crop05,13724,90,0.8412226129294023,12440,12620,14608,1,1,0.15740516941034116,0.15752773375594295
BA-TOS-LS-AUTO,EFRGP01_01,crop05,13725,88,0.7036602534021587,11996,12406,16638,1,0,2.3321567231928086,0.3411252619700145
BA-TOS-LS-AUTO,EFRGP01_01,crop05,20287,122,0.847232884360388,12140,12378,14091,1,1,0.211395645282424,0.13839069316529326
BA-TOS-LS-AUTO,EFRGP01_01,crop05,20290,120,0.6952739924615831,11990,12184,17051,1,0,2.389755355887037,0.3994583059750492
BA-TOS-LS-AUTO,EFRGP01_01,crop05,20292,121,0.5173228678735705,12259,12429,23527,1,0,6.46189131600739,0.8929117386756779
BA-TOS-LS-AUTO,EFRGP01_01,crop05,20297,124,0.6633379310344828,12023,12150,17998,1,0,2.077091686767973,0.48131687242798354
BA-TOS-LS-AUTO,EFRGP01_01,crop05,20316,123,0.8453757225433526,12285,12408,14409,1,1,0.17498649197598637,0.1612669245647969
BA-TOS-LS-AUTO,EFRGP01_01,crop05,20317,128,0.5902150950643364,12293,12429,20692,1,0,7.474277015466227,0.6648161557647437
BA-TOS-LS-AUTO,EFRGP01_01,crop05,20318,125,0.8438358045030203,12293,12484,14377,1,1,0.1245660345879455,0.15163409163729574
BA-TOS-LS-AUTO,EFRGP01_01,crop05,20325,130,0.7123718062718596,12017,12274,16612,1,0,2.221170456552752,0.35343001466514584
BA-TOS-LS-AUTO,EFRGP01_01,crop05,20333,132,0.6552379917409259,12059,12278,18185,1,0,2.3705029214264886,0.4811044143997394
BA-TOS-LS-AUTO,EFRGP01_01,crop05,20339,131,0.707392859236677,12066,12332,16791,1,0,2.4253971515588626,0.36157963023029516
BA-TOS-LS-AUTO,EFRGP01_01,crop05,20359,135,0.7210025827659075,12283,12462,16857,1,0,2.2547631171461444,0.35267212325469427
BA-TOS-LS-AUTO,EFRGP01_01,crop05,20362,139,0.611457657567743,12253,12497,19795,1,0,5.959855082128321,0.583980155237257
BA-TOS-LS-AUTO,EFRGP01_01,crop05,20364,140,0.8474714518760196,12468,12702,14478,1,1,0.03700777622210182,0.13982050070854984
BA-TOS-LS-AUTO,EFRGP01_01,crop05,20372,136,0.8521648044692738,12203,12329,14194,1,1,0.16107773163711417,0.1512693649119961
BA-TOS-LS-AUTO,EFRGP01_01,crop05,20375,137,0.8389715832205683,12400,12676,14504,1,1,0.051221522694704674,0.14420952982013252
BA-TOS-LS-AUTO,EFRGP01_01,crop05,20376,138,0.8492733564013841,12272,12456,14266,1,1,0.06657457273676394,0.14531149646756583
BA-TOS-LS-AUTO,EFRGP01_01,crop05,20378,141,0.7119128103508567,12215,12379,16994,1,0,2.477407481479907,0.37280878907827775
BA-TOS-LS-AUTO,EFRGP01_01,crop05,20392,143,0.7916774695359088,12214,12385,15257,1,1,1.3835228870695793,0.231893419459023
BA-TOS-LS-AUTO,EFRGP01_01,crop05,20417,144,0.5560873330598478,12200,12346,21793,1,0,3.149450048514231,0.7651871051352664
BA-TOS-LS-AUTO,EFRGP01_01,crop05,20418,145,0.6753116091889777,12082,12293,17680,1,0,2.1051965683078944,0.4382168713902221
BA-TOS-LS-AUTO,EFRGP01_01,crop05,20420,146,0.8475571833321816,12265,12521,14215,1,1,0.10290359491853526,0.13529270825013975
BA-TOS-LS-AUTO,EFRGP01_01,crop05,20424,147,0.8463153474700819,12093,12388,13994,1,1,0.09717838170355649,0.12964158863416209
BA-TOS-LS-AUTO,EFRGP01_01,crop05,20434,151,0.8437673900946021,12130,12374,14132,1,1,0.12270514037895353,0.1420720866332633
BA-TOS-LS-AUTO,EFRGP01_01,crop05,20442,150,0.7010920074349443,12070,12283,17003,1,0,2.3452795293499196,0.3842709435805585
BA-TOS-LS-AUTO,EFRGP01_01,crop05,20443,153,0.5445169252468265,12354,12540,22502,1,0,5.9891376879327005,0.7944178628389155
BA-TOS-LS-AUTO,EFRGP01_01,crop05,20446,149,0.8477782363461274,12325,12523,14340,1,1,0.08535215220190591,0.1450930288269584
BA-TOS-LS-AUTO,EFRGP01_01,crop05,20453,154,0.7137794577993031,12085,12409,16607,1,0,2.175286276747958,0.3383028447094851
BA-TOS-LS-AUTO,EFRGP01_01,crop05,20454,152,0.7117571959145775,12265,12449,17048,1,0,2.2575430556307117,0.3694272632339947
BA-TOS-LS-AUTO,EFRGP01_01,crop05,20463,156,0.5046111156451482,12366,12491,24381,1,0,6.205113212615168,0.9518853574573694
BA-TOS-LS-AUTO,EFRGP01_01,crop05,20473,157,0.8481047744439055,12239,12454,14216,1,1,0.1676067067299915,0.14148064878753813
BA-TOS-LS-AUTO,EFRGP01_01,crop05,20477,160,0.7451027665601833,12362,12459,16494,1,0,1.785988683392563,0.3238622682398266
BA-TOS-LS-AUTO,EFRGP01_01,crop05,20478,159,0.8395370871683812,12405,12578,14603,1,1,0.10244872085812888,0.16099538877404992
BA-TOS-LS-AUTO,EFRGP01_01,crop05,20483,162,0.7077989601386482,12252,12416,17146,1,0,2.25685623816063,0.38096005154639173
BA-TOS-LS-AUTO,EFRGP01_01,crop05,20489,158,0.8400466616345296,12242,12536,14279,1,1,0.0767142286543798,0.13903956604977663
BA-TOS-LS-AUTO,EFRGP01_01,crop05,20504,161,0.8175374645605509,12111,12357,14568,1,1,0.6841632514654674,0.1789269240106822
BA-TOS-LS-AUTO,EFRGP01_01,crop05,20515,165,0.8015520328977913,12085,12318,14844,1,1,1.031123667651212,0.20506575742815392
BA-TOS-LS-AUTO,EFRGP01_01,crop05,20516,166,0.8501732501732502,12268,12452,14246,1,1,0.11492961870526447,0.14407324124638612
BA-TOS-LS-AUTO,EFRGP01_01,crop05,20518,164,0.6912954876273654,11873,12122,16926,1,0,2.7007168164215485,0.39630424022438543
BA-TOS-LS-AUTO,EFRGP01_01,crop05,20527,168,0.7289231681993473,12286,12495,16646,1,0,3.185215689854352,0.3322128851540616
BA-TOS-LS-AUTO,EFRGP01_01,crop05,20529,169,0.5734154019640089,12204,12355,21132,1,0,7.6631062583282725,0.7104006475111291
BA-TOS-LS-AUTO,EFRGP01_01,crop05,20547,171,0.6870086533567106,12147,12439,17389,1,0,2.5455534080280495,0.3979419567489348
BA-TOS-LS-AUTO,EFRGP01_01,crop05,20556,170,0.7844311377245509,12576,12818,15790,1,1,1.4581215403208103,0.23186144484318927
BA-TOS-LS-AUTO,EFRGP01_01,crop05,20557,172,0.4470261581177846,12236,12391,27217,0,0,8.266533707136126,1.1965135985796143
BA-TOS-LS-AUTO,EFRGP01_01,crop05,20562,175,0.5438642989663398,12312,12586,22364,1,0,9.552007922154084,0.7768949626569204
BA-TOS-LS-AUTO,EFRGP01_01,crop05,20563,176,0.4864711140001625,11974,12230,24358,0,0,7.468913956973106,0.9916598528209322
BA-TOS-LS-AUTO,EFRGP01_01,crop05,20575,174,0.4513422818791946,12105,12286,26639,0,0,7.85349119889558,1.168240273482012
BA-TOS-LS-AUTO,EFRGP01_01,crop05,20577,178,0.84858662188637,12128,12344,14076,1,1,0.11355773517997984,0.14031108230719377
BA-TOS-LS-AUTO,EFRGP01_01,crop05,20578,177,0.8446077072359301,12186,12287,14327,1,1,0.23551952964410888,0.1660291364857166
BA-TOS-LS-AUTO,EFRGP01_01,crop05,20603,183,0.5758828841674984,12116,12267,20888,1,0,6.615551885245352,0.7027798157658759
BA-TOS-LS-AUTO,EFRGP01_01,crop05,20607,186,0.8304002174356186,12221,12389,14549,1,1,0.37525357893841815,0.1743482121236581
BA-TOS-LS-AUTO,EFRGP01_01,crop05,20611,185,0.5530552343680513,12436,12592,22330,1,0,7.483906130632287,0.7733481575603558
BA-TOS-LS-AUTO,EFRGP01_01,crop05,20616,182,0.5433914226767921,12379,12575,22585,1,0,5.73260272207877,0.7960238568588469
BA-TOS-LS-AUTO,EFRGP01_01,crop05,20620,184,0.531681541672217,11974,12283,22212,1,0,5.609077857195858,0.8083530082227469
BA-TOS-LS-AUTO,EFRGP01_01,crop05,20635,188,0.4600097674593336,12245,12372,26492,0,0,7.204540913679921,1.1412867765923052
BA-TOS-LS-AUTO,EFRGP01_01,crop05,22165,91,0.8498260264439805,12212,12436,14146,1,1,0.11831345138378035,0.13750402058539724
BA-TOS-LS-AUTO,EFRGP01_01,crop05,22175,96,0.8471636841014303,12261,12428,14306,1,1,0.21985281956825703,0.15111039588027037
BA-TOS-LS-AUTO,EFRGP01_01,crop05,22176,92,0.8493761762040845,12186,12410,14123,1,1,0.17180803188245203,0.1380338436744561
BA-TOS-LS-AUTO,EFRGP01_01,crop05,22186,95,0.7169777777777778,12099,12313,16661,1,0,2.3036524292115006,0.35312271582879884
BA-TOS-LS-AUTO,EFRGP01_01,crop05,22193,93,0.8181084896148417,12171,12437,14611,1,1,0.5150760562652242,0.17480099702500604
BA-TOS-LS-AUTO,EFRGP01_01,crop05,22197,97,0.8454009024644221,12178,12372,14211,1,1,0.11493244492237775,0.14864209505334627
BA-TOS-LS-AUTO,EFRGP01_01,crop05,22201,94,0.5317428760768721,12036,12266,22405,1,0,7.1027767991736,0.8265938366215555
BA-TOS-LS-AUTO,EFRGP01_01,crop05,22215,99,0.7154548130703562,12152,12408,16729,1,0,2.261649176063046,0.3482430689877498
BA-TOS-LS-AUTO,EFRGP01_01,crop05,22220,100,0.5713547781169288,12167,12293,21169,1,0,3.900760767544583,0.722036931587082
BA-TOS-LS-AUTO,EFRGP01_01,crop05,22228,106,0.8475305690279391,12407,12572,14474,1,1,0.12043681204698553,0.15128857779191854
BA-TOS-LS-AUTO,EFRGP01_01,crop05,22246,108,0.6955441252961914,12035,12169,17169,1,0,2.4180354763540355,0.41088010518530693
BA-TOS-LS-AUTO,EFRGP01_01,crop05,22247,111,0.7563489142436511,12330,12613,16019,1,1,2.3180892992782702,0.27003884880678664
BA-TOS-LS-AUTO,EFRGP01_01,crop05,22270,112,0.7009329647546648,12171,12446,17089,1,0,2.4114040841632325,0.37305158283785955
BA-TOS-LS-AUTO,EFRGP01_01,crop05,22278,114,0.8383636988655896,12194,12427,14312,1,1,0.11468992380339535,0.1516858453367667
BA-TOS-LS-AUTO,EFRGP01_01,crop05,22283,113,0.6976186296881399,11923,12097,16917,1,0,2.561859951607886,0.39844589567661404
BA-TOS-LS-AUTO,EFRGP01_01,crop05,22288,115,0.845632946379215,12238,12450,14260,1,1,0.10821189994416616,0.14538152610441768
BA-TOS-LS-AUTO,EFRGP01_01,crop05,22289,118,0.8481522645179217,12210,12427,14179,1,1,0.1487464313817344,0.14098334272149352
BA-TOS-LS-AUTO,EFRGP01_01,crop05,22291,116,0.7787236725942742,12349,12531,15676,1,1,1.124263126228037,0.2509775756124811
BA-TOS-LS-AUTO,EFRGP01_01,crop05,22318,119,0.8381745594713657,12177,12442,14263,1,1,0.05599382292130414,0.146359106253014
BA-TOS-LS-AUTO,EFRGP01_00,crop06,6415,36,0.9214552096811021,12107,12363,12883,1,1,0.11786102340048624,0.04206098843322818
BA-TOS-LS-AUTO,EFRGP01_00,crop06,6418,45,0.5233486676503776,12059,12180,22921,1,0,7.6420145330263844,0.881855500821018
BA-TOS-LS-AUTO,EFRGP01_00,crop06,6456,58,0.8164683865793343,12216,12306,14872,1,1,2.437466244921387,0.20851617097350886
BA-TOS-LS-AUTO,EFRGP01_00,crop06,6460,55,0.9376810459563141,11977,12088,12662,1,1,0.025094611691855413,0.04748510919920582
BA-TOS-LS-AUTO,EFRGP01_00,crop06,6487,73,0.9269611576542269,12171,12312,12989,1,1,0.13109853630205645,0.054987004548408054
BA-TOS-LS-AUTO,EFRGP01_00,crop06,6545,98,0.9288868585350998,12200,12319,13015,1,1,0.11908300354528087,0.056498092377628054
BA-TOS-LS-AUTO,EFRGP01_00,crop06,6552,99,0.8102714209686003,12180,12288,14924,1,1,3.111239383697249,0.21451822916666666
BA-TOS-LS-AUTO,EFRGP01_00,crop06,6600,118,0.9284892196731375,12101,12231,12903,1,1,0.14139214262091326,0.054942359578121165
BA-TOS-LS-AUTO,EFRGP01_00,crop06,6613,128,0.6731537206817031,11968,12084,17663,1,0,5.417734455790048,0.4616848725587554
BA-TOS-LS-AUTO,EFRGP01_00,crop06,6643,136,0.6951711420998041,12064,12161,17257,1,0,5.993246779138099,0.4190444864731519
BA-TOS-LS-AUTO,EFRGP01_00,crop06,6650,139,0.8711222301644032,12187,12332,13845,1,1,1.4446590732485456,0.12268893934479404
BA-TOS-LS-AUTO,EFRGP01_00,crop06,6671,147,0.5778934911242604,12208,12273,21060,1,0,6.994767852018773,0.7159618675140552
BA-TOS-LS-AUTO,EFRGP01_00,crop06,6678,154,0.9204197303921569,12017,12199,12874,1,1,0.05070038862656575,0.055332404295434054
BA-TOS-LS-AUTO,EFRGP01_00,crop06,6684,158,0.8088039424613745,12145,12213,14948,1,1,1.8338169583610429,0.22394170146565134
BA-TOS-LS-AUTO,EFRGP01_00,crop06,6720,173,0.9313298157069664,12179,12279,12977,1,1,0.0778543226103497,0.056845019952764884
BA-TOS-LS-AUTO,EFRGP01_00,crop06,6752,185,0.9386019177234767,12138,12226,12844,1,1,0.09016573548067947,0.050548012432520856
BA-TOS-LS-AUTO,EFRGP01_00,crop06,6769,194,0.9255099702039881,12114,12272,12931,1,1,0.10054343413676094,0.05369947848761408
BA-TOS-LS-AUTO,EFRGP01_00,crop06,6815,220,0.9331108751706355,12304,12407,13083,1,1,0.04575421034685292,0.05448537116144112
BA-TOS-LS-AUTO,EFRGP01_00,crop06,6833,227,0.6587275869518254,12197,12274,18439,1,0,6.142048378161037,0.5022812449079355
BA-TOS-LS-AUTO,EFRGP01_00,crop06,6858,238,0.9336102777136703,12136,12253,12882,1,1,0.07975092634677905,0.051334367093772953
BA-TOS-LS-AUTO,EFRGP01_00,crop06,6878,246,0.940641752777562,12107,12292,12686,1,1,0.06988976634285911,0.032053368044256424
BA-TOS-LS-AUTO,EFRGP01_00,crop06,6928,269,0.9304862124587142,12114,12268,12865,1,1,0.10652331656403198,0.048663188783827846
BA-TOS-LS-AUTO,EFRGP01_00,crop06,6950,277,0.5507097580573163,12337,12362,22377,1,0,7.496893777710347,0.8101439896456883
BA-TOS-LS-AUTO,EFRGP01_00,crop06,6954,278,0.9342236549236319,12172,12259,12942,1,1,0.08941976140219181,0.0557141691818256
BA-TOS-LS-AUTO,EFRGP01_00,crop06,6960,281,0.9328283987453141,12193,12248,13016,1,1,0.05205725084139133,0.06270411495754409
BA-TOS-LS-AUTO,EFRGP01_00,crop06,6991,297,0.5802640390318569,12131,12241,20796,1,0,9.211818950368393,0.6988808103913079
BA-TOS-LS-AUTO,EFRGP01_00,crop06,7009,311,0.938069498069498,12148,12291,12807,1,1,0.10517056237699147,0.04198193800341713
BA-TOS-LS-AUTO,EFRGP01_00,crop06,7023,315,0.5973849219851262,12290,12362,20501,1,0,5.758801036095186,0.6583886102572399
BA-TOS-LS-AUTO,EFRGP01_00,crop06,7025,312,0.6591629506259066,12269,12385,18497,1,0,7.747709501673366,0.4935002018570852
BA-TOS-LS-AUTO,EFRGP01_00,crop06,7038,317,0.7929863514660745,12143,12228,15228,1,1,2.011040127548017,0.24533856722276742
BA-TOS-LS-AUTO,EFRGP01_00,crop06,7042,323,0.9212250495200366,12092,12296,12922,1,1,0.04091275165464313,0.05091086532205595
BA-TOS-LS-AUTO,EFRGP01_00,crop06,7095,340,0.5353762162638137,12160,12247,22626,1,0,8.914605432702748,0.8474728504939986
BA-TOS-LS-AUTO,EFRGP01_00,crop06,7099,342,0.938182095703274,12293,12383,13013,1,1,0.0816858623528487,0.05087620124364047
BA-TOS-LS-AUTO,EFRGP01_00,crop06,7129,358,0.6803841643866213,12185,12299,17795,1,0,3.4008374920422764,0.4468655988291731
BA-TOS-LS-AUTO,EFRGP01_00,crop06,7134,362,0.7790154279495551,12169,12211,15579,1,1,2.1730692795587725,0.27581688641388913
BA-TOS-LS-AUTO,EFRGP01_00,crop06,7694,72,0.9360243123198005,12012,12165,12680,1,1,0.03800377544525771,0.04233456637895602
BA-TOS-LS-AUTO,EFRGP01_00,crop06,10224,19,0.6715184678522572,12272,12343,18204,1,0,2.6373621199182455,0.4748440411569311
BA-TOS-LS-AUTO,EFRGP01_00,crop06,10230,23,0.5267926818694182,12151,12261,22956,1,0,7.428831323868509,0.8722779544898459
BA-TOS-LS-AUTO,EFRGP01_00,crop06,10241,40,0.7076528231451237,12132,12253,17023,1,0,3.8608516745009496,0.38929241818330207
BA-TOS-LS-AUTO,EFRGP01_00,crop06,10242,29,0.7077564733823785,12218,12337,17144,1,0,2.1482759585445685,0.3896409175650482
BA-TOS-LS-AUTO,EFRGP01_00,crop06,10243,31,0.8668946843380362,12166,12279,13921,1,1,1.436978752918477,0.13372424464532942
BA-TOS-LS-AUTO,EFRGP01_00,crop06,10248,35,0.8837761935623245,12273,12330,13830,1,1,1.2375903888888036,0.12165450121654502
BA-TOS-LS-AUTO,EFRGP01_00,crop06,10250,28,0.7095637879410556,12086,12243,16876,1,0,3.3509667457433028,0.3784203218165482
BA-TOS-LS-AUTO,EFRGP01_00,crop06,10255,43,0.8413190141814677,12221,12389,14358,1,1,2.009105952603583,0.15893131003309388
BA-TOS-LS-AUTO,EFRGP01_00,crop06,10256,34,0.634103569218073,12294,12365,19317,1,0,3.3053194232852654,0.5622321067529317
BA-TOS-LS-AUTO,EFRGP01_00,crop06,10268,42,0.6076869112046502,12127,12220,19863,1,0,7.850090512535821,0.6254500818330606
BA-TOS-LS-AUTO,EFRGP01_00,crop06,10270,44,0.7478207489257213,12182,12274,16198,1,0,4.082194125370462,0.31970017924067134
BA-TOS-LS-AUTO,EFRGP01_00,crop06,10271,47,0.6912144702842378,12305,12398,17709,1,0,5.263024657549174,0.428375544442652
BA-TOS-LS-AUTO,EFRGP01_00,crop06,10280,48,0.6823338735818476,12209,12351,17751,1,0,5.481888975177939,0.43721156181685694
BA-TOS-LS-AUTO,EFRGP01_00,crop06,10283,46,0.7403570775699226,12150,12223,16338,1,0,4.2245781687773585,0.3366603943385421
BA-TOS-LS-AUTO,EFRGP01_00,crop06,10289,51,0.9275674014901298,12076,12184,12911,1,1,0.1495791951491973,0.05966841759684833
BA-TOS-LS-AUTO,EFRGP01_00,crop06,10296,53,0.9234893160756682,12058,12231,12884,1,1,0.0785336948506364,0.05338892976862072
BA-TOS-LS-AUTO,EFRGP01_00,crop06,10297,57,0.7994082840236686,12159,12276,15093,1,1,1.82153127647956,0.22947214076246333
BA-TOS-LS-AUTO,EFRGP01_00,crop06,10299,54,0.9307059998463547,12115,12217,12915,1,1,0.0410391335475413,0.05713350249652124
BA-TOS-LS-AUTO,EFRGP01_00,crop06,10313,59,0.9285439285439285,12059,12237,12809,1,1,0.05791029429864077,0.0467434828797908
BA-TOS-LS-AUTO,EFRGP01_00,crop06,10317,60,0.9322124980807616,12143,12281,12888,1,1,0.02476826757206896,0.049425942512824686
BA-TOS-LS-AUTO,EFRGP01_00,crop06,10318,66,0.930506926472827,12225,12345,13018,1,1,0.07899296752847854,0.0545159983799109
BA-TOS-LS-AUTO,EFRGP01_00,crop06,10319,63,0.9295289161240904,12135,12261,12929,1,1,0.02362857928361236,0.05448168991110024
BA-TOS-LS-AUTO,EFRGP01_00,crop06,10323,62,0.9307750759878419,12249,12335,13074,1,1,0.06509286107564499,0.05991082286177544
BA-TOS-LS-AUTO,EFRGP01_00,crop06,10324,61,0.7925324675324675,12205,12289,15316,1,1,1.9297152487107283,0.24631784522743919
BA-TOS-LS-AUTO,EFRGP01_00,crop06,10326,68,0.6628602208456773,12306,12429,18442,1,0,3.6610321782026944,0.4837879153592405
BA-TOS-LS-AUTO,EFRGP01_00,crop06,10333,67,0.9324313995261025,12199,12245,13037,1,1,0.10259080167814204,0.06467946100449162
BA-TOS-LS-AUTO,EFRGP01_00,crop06,10343,74,0.9233152009670595,12221,12293,13164,1,1,0.02696842442166237,0.07085333116407712
BA-TOS-LS-AUTO,EFRGP01_00,crop06,10346,76,0.8081746400371574,12180,12376,14875,1,1,1.8861371904256288,0.20192307692307693
BA-TOS-LS-AUTO,EFRGP01_00,crop06,10350,79,0.9339586376566464,12148,12222,12933,1,1,0.05955814736610378,0.05817378497790869
BA-TOS-LS-AUTO,EFRGP01_00,crop06,10351,80,0.93165550681136,12105,12238,12860,1,1,0.07475777247807608,0.05082529825134826
BA-TOS-LS-AUTO,EFRGP01_00,crop06,10353,81,0.9334205665024631,12127,12322,12797,1,1,0.04110095937426488,0.038548936860899205
BA-TOS-LS-AUTO,EFRGP01_00,crop06,10367,84,0.934760147601476,12666,12778,13438,1,1,0.042539976148399106,0.051651275629989044
BA-TOS-LS-AUTO,EFRGP01_00,crop06,10369,88,0.9338184603600154,12191,12271,12975,1,1,0.09765187707260072,0.05737103740526445
BA-TOS-LS-AUTO,EFRGP01_00,crop06,10371,86,0.6743647687813482,12235,12365,18013,1,0,5.210565033631387,0.45677315002021834
BA-TOS-LS-AUTO,EFRGP01_00,crop06,10378,85,0.940365551425031,12142,12204,12850,1,1,0.05568702949522705,0.05293346443788922
BA-TOS-LS-AUTO,EFRGP01_00,crop06,10382,87,0.9349030470914127,12150,12241,12905,1,1,0.0585797535401575,0.05424393431909158
BA-TOS-LS-AUTO,EFRGP01_00,crop06,10384,90,0.934359053657028,12085,12191,12828,1,1,0.09665645497537668,0.05225166106143877
BA-TOS-LS-AUTO,EFRGP01_00,crop06,10388,92,0.9369640787949015,12129,12219,12855,1,1,0.10797660940976264,0.05205008593174564
BA-TOS-LS-AUTO,EFRGP01_00,crop06,10393,95,0.9194625835022142,12250,12439,13134,1,1,0.03905752346831034,0.05587265857384034
BA-TOS-LS-AUTO,EFRGP01_00,crop06,10394,89,0.9206519244012549,12032,12271,12830,1,1,0.1045441153891819,0.0455545595306006
BA-TOS-LS-AUTO,EFRGP01_00,crop06,10397,94,0.9409302325581396,12138,12259,12779,1,1,0.04442315513512718,0.042417815482502653
BA-TOS-LS-AUTO,EFRGP01_00,crop06,10399,101,0.9330435445740868,12235,12339,13009,1,1,0.08461882546205987,0.05429937596239565
BA-TOS-LS-AUTO,EFRGP01_00,crop06,10409,102,0.9273904761904762,12172,12273,13024,1,1,0.10700027855004195,0.06119123278741954
BA-TOS-LS-AUTO,EFRGP01_00,crop06,10410,96,0.9217689668318719,12089,12280,12924,1,1,0.17754574366828596,0.05244299674267101
BA-TOS-LS-AUTO,EFRGP01_00,crop06,10416,106,0.8389772881816946,12338,12445,14599,1,1,2.0255030449353537,0.17308155885897952
BA-TOS-LS-AUTO,EFRGP01_00,crop06,10427,109,0.9246196403872753,12033,12197,12850,1,1,0.10866765833061105,0.053537755185701405
BA-TOS-LS-AUTO,EFRGP01_00,crop06,10436,110,0.9406350667280258,12264,12351,12951,1,1,0.09141540239196441,0.048579062424095217
BA-TOS-LS-AUTO,EFRGP01_00,crop06,10438,111,0.7916639699695812,12232,12308,15375,1,1,2.0385254481642927,0.2491875203119922
BA-TOS-LS-AUTO,EFRGP01_00,crop06,10439,121,0.9203949867071781,12117,12261,13021,1,1,0.07139157739815911,0.061985156186281705
BA-TOS-LS-AUTO,EFRGP01_00,crop06,10443,113,0.7916774695359088,12214,12294,15348,1,1,1.9169172614765058,0.24841386041971694
BA-TOS-LS-AUTO,EFRGP01_00,crop06,10444,114,0.931018833673701,12309,12421,13109,1,1,0.08177801509046718,0.05539006521214073
BA-TOS-LS-AUTO,EFRGP01_00,crop06,10450,124,0.9338167938931298,12233,12304,13029,1,1,0.056572535306014415,0.058923927178153444
BA-TOS-LS-AUTO,EFRGP01_00,crop06,10451,115,0.6342057212416312,12504,12644,19576,1,0,4.611362781916735,0.5482442265105979
BA-TOS-LS-AUTO,EFRGP01_00,crop06,10454,117,0.9309090909090909,12288,12377,13111,1,1,0.03189208206326729,0.059303546901510865
BA-TOS-LS-AUTO,EFRGP01_00,crop06,10459,125,0.9268996960486322,12198,12335,13023,1,1,0.10263453856778722,0.055776246453182
BA-TOS-LS-AUTO,EFRGP01_00,crop06,10464,130,0.9399595582516721,12086,12192,12752,1,1,0.06913754481311092,0.045931758530183726
BA-TOS-LS-AUTO,EFRGP01_00,crop06,10469,127,0.9285442508180504,12202,12316,13027,1,1,0.038384277304242945,0.057729782396882104
BA-TOS-LS-AUTO,EFRGP01_00,crop06,10470,126,0.9358706583120601,12098,12196,12829,1,1,0.08226655671611459,0.05190226303706133
BA-TOS-LS-AUTO,EFRGP01_00,crop06,10478,134,0.59781346749226,12358,12415,20615,1,0,6.013961075076791,0.6604913411196134
BA-TOS-LS-AUTO,EFRGP01_00,crop06,10481,129,0.933988332821615,12168,12297,12899,1,1,0.05611194429122948,0.04895502968203627
BA-TOS-LS-AUTO,EFRGP01_00,crop06,10491,133,0.9326930406280967,12236,12342,13013,1,1,0.03611404720602648,0.054367201426024955
BA-TOS-LS-AUTO,EFRGP01_00,crop06,10499,135,0.9274181379206278,12292,12394,13152,1,1,0.033301008888769766,0.061158625141197354
BA-TOS-LS-AUTO,EFRGP01_00,crop06,10501,138,0.9294539353264185,12187,12357,12942,1,1,0.06531725228621388,0.04734158776402039
BA-TOS-LS-AUTO,EFRGP01_00,crop06,10510,143,0.7650823237030133,12314,12369,16040,1,1,2.359597471777489,0.2967903630042849
BA-TOS-LS-AUTO,EFRGP01_00,crop06,10512,140,0.9385388480865868,12140,12259,12816,1,1,0.06438818353453085,0.045436006199526875
BA-TOS-LS-AUTO,EFRGP01_00,crop06,10519,142,0.9343199328705469,12248,12344,13013,1,1,0.060566957416296176,0.05419637070641607
BA-TOS-LS-AUTO,EFRGP01_00,crop06,10525,145,0.9335282351130944,12134,12217,12915,1,1,0.02941741233736005,0.05713350249652124
BA-TOS-LS-AUTO,EFRGP01_00,crop06,10527,175,0.45362392295995946,6265,12328,7748,0,0,6.230597213608634,0.3715120051914341
BA-TOS-LS-AUTO,EFRGP01_00,crop06,10531,150,0.9313282074476105,12355,12449,13172,1,1,0.05866497291235371,0.0580769539722066
BA-TOS-LS-AUTO,EFRGP01_00,crop06,10533,152,0.9324126224828331,12085,12271,12775,1,1,0.10398922526279819,0.04107244723331432
BA-TOS-LS-AUTO,EFRGP01_00,crop06,10534,153,0.9336474586744941,12087,12183,12850,1,1,0.028856259477092007,0.05474841992940983
BA-TOS-LS-AUTO,EFRGP01_00,crop06,10535,148,0.9242549981139193,12251,12424,13082,1,1,0.06211710354295253,0.052962009014810046
BA-TOS-LS-AUTO,EFRGP01_00,crop06,10536,149,0.8023049061573921,12183,12322,15046,1,1,1.9430081028042294,0.22106800844018829
BA-TOS-LS-AUTO,EFRGP01_00,crop06,10543,163,0.9381908765374436,12052,12157,12741,1,1,0.07584938155585466,0.04803816731101423
BA-TOS-LS-AUTO,EFRGP01_00,crop06,10545,159,0.8456000559166842,12098,12288,14117,1,1,1.693776798065193,0.14884440104166666
BA-TOS-LS-AUTO,EFRGP01_00,crop06,10552,161,0.9351446772584235,12184,12243,12970,1,1,0.08838324833046927,0.05938087070162542
BA-TOS-LS-AUTO,EFRGP01_00,crop06,10553,157,0.9378838529114515,12064,12161,12766,1,1,0.1346128450670238,0.04974919825672231
BA-TOS-LS-AUTO,EFRGP01_00,crop06,10559,162,0.9328956408886174,12220,12344,12975,1,1,0.09506408433600727,0.05111795204147764
BA-TOS-LS-AUTO,EFRGP01_00,crop06,10562,164,0.6619123374842284,12066,12123,18172,1,0,5.772280194559403,0.49896890208694217
BA-TOS-LS-AUTO,EFRGP01_00,crop06,10567,170,0.9234344049977145,12121,12273,12974,1,1,0.13750675098242746,0.05711724924631305
BA-TOS-LS-AUTO,EFRGP01_00,crop06,10572,169,0.9329409942697847,12048,12177,12785,1,1,0.05218510181378133,0.049930196271659684
BA-TOS-LS-AUTO,EFRGP01_00,crop06,10576,171,0.846175032706741,12289,12396,14416,1,1,1.181976428855458,0.16295579219102937
BA-TOS-LS-AUTO,EFRGP01_00,crop06,10580,172,0.9356716070458602,12058,12164,12781,1,1,0.023455502109954365,0.050723446234791185
BA-TOS-LS-AUTO,EFRGP01_00,crop06,10584,178,0.9298580369409251,12183,12343,12942,1,1,0.06469559078425827,0.04852953090820708
BA-TOS-LS-AUTO,EFRGP01_00,crop06,10589,180,0.9294426431990119,12040,12156,12838,1,1,0.050424050706341574,0.05610398157288582
BA-TOS-LS-AUTO,EFRGP01_00,crop06,10592,174,0.820855614973262,12280,12386,14854,1,1,1.7121671872373174,0.19925722590020992
BA-TOS-LS-AUTO,EFRGP01_00,crop06,10601,183,0.9289013401983797,12268,12438,13037,1,1,0.051941038040588,0.048158867985206626
BA-TOS-LS-AUTO,EFRGP01_00,crop06,10608,181,0.9397018970189702,12483,12604,13163,1,1,0.01855274424916747,0.04435099968264043
BA-TOS-LS-AUTO,EFRGP01_00,crop06,10613,189,0.9204579692678517,12220,12387,13109,1,1,0.07384290697092183,0.058286913699846614
BA-TOS-LS-AUTO,EFRGP01_00,crop06,10616,186,0.9263182132166705,12069,12249,12849,1,1,0.11632655713629379,0.04898359049718344
BA-TOS-LS-AUTO,EFRGP01_00,crop06,10617,187,0.9302148407740363,12210,12398,12938,1,1,0.023874822561383888,0.043555412163252136
BA-TOS-LS-AUTO,EFRGP01_00,crop06,10621,184,0.9334003712871287,12067,12154,12841,1,1,0.07834857827135927,0.056524600954418296
BA-TOS-LS-AUTO,EFRGP01_00,crop06,10625,188,0.6172100806247147,12172,12324,19569,1,0,8.235005539633137,0.5878773125608568
BA-TOS-LS-AUTO,EFRGP01_00,crop06,10630,195,0.933225383607063,12103,12244,12828,1,1,0.012620787616657221,0.047696831100947405
BA-TOS-LS-AUTO,EFRGP01_00,crop06,10631,201,0.7207008586679043,12422,12533,17125,1,0,1.7783563006553857,0.3663927232107237
BA-TOS-LS-AUTO,EFRGP01_00,crop06,10632,192,0.7983414505725944,12130,12250,15074,1,1,1.9731196566657978,0.23053061224489796
BA-TOS-LS-AUTO,EFRGP01_00,crop06,10636,200,0.9389301175015461,12146,12227,12855,1,1,0.06489285942993235,0.05136174041056678
BA-TOS-LS-AUTO,EFRGP01_00,crop06,10637,197,0.9257474207395135,12293,12418,13154,1,1,0.04547735095418435,0.05926880334997584
BA-TOS-LS-AUTO,EFRGP01_00,crop06,10646,203,0.6999016829564514,12102,12163,17230,1,0,5.87427242605504,0.4165913014881197
BA-TOS-LS-AUTO,EFRGP01_00,crop06,10653,204,0.9368461836497481,12090,12195,12800,1,1,0.032764914028852135,0.04961049610496105
BA-TOS-LS-AUTO,EFRGP01_00,crop06,10658,211,0.9258559443730633,12250,12413,13068,1,1,0.024341529239334237,0.05276726013050834
BA-TOS-LS-AUTO,EFRGP01_00,crop06,10674,212,0.9286645700698013,12107,12256,12888,1,1,0.016239995499665795,0.05156657963446475
BA-TOS-LS-AUTO,EFRGP01_00,crop06,10675,216,0.6301465110504098,12688,12797,20026,1,0,3.9138998851119777,0.5648980229741346
BA-TOS-LS-AUTO,EFRGP01_00,crop06,10681,219,0.9279471004028274,12209,12390,12976,1,1,0.06727384624179288,0.047296206618240515
BA-TOS-LS-AUTO,EFRGP01_00,crop06,10688,215,0.9394453004622496,12194,12265,12909,1,1,0.039311735506074974,0.052507134121483896
BA-TOS-LS-AUTO,EFRGP01_00,crop06,10693,222,0.9261001517450683,12206,12337,13049,1,1,0.08025813324014165,0.057712571938072464
BA-TOS-LS-AUTO,EFRGP01_00,crop06,10694,218,0.9303672101173244,12212,12331,13007,1,1,0.09878442136320272,0.05482118238585679
BA-TOS-LS-AUTO,EFRGP01_00,crop06,10695,230,0.9316854954886647,12288,12477,13000,1,1,0.0856013975585941,0.041917127514626916
BA-TOS-LS-AUTO,EFRGP01_00,crop06,10698,223,0.9250380517503806,12155,12286,13009,1,1,0.15962649843851623,0.058847468663519455
BA-TOS-LS-AUTO,EFRGP01_00,crop06,10700,225,0.8499171956941761,12317,12365,14444,1,1,1.4410277965706628,0.16813586736756975
BA-TOS-LS-AUTO,EFRGP01_00,crop06,10708,239,0.7639317929074508,12365,12433,16118,1,1,2.017645489604365,0.29638864312716157
BA-TOS-LS-AUTO,EFRGP01_00,crop06,10710,224,0.9315467075038285,12166,12292,12934,1,1,0.05239946685242401,0.052229092092417835
BA-TOS-LS-AUTO,EFRGP01_00,crop06,10711,228,0.9248706663578102,11978,12159,12770,1,1,0.08610603230116641,0.050250842996956986
BA-TOS-LS-AUTO,EFRGP01_00,crop06,10715,235,0.9328735632183908,12174,12277,12947,1,1,0.07653625375459616,0.05457359289728761
BA-TOS-LS-AUTO,EFRGP01_00,crop06,10716,229,0.8087341437632135,12241,12326,15051,1,1,1.8919860088750104,0.22107739737141002
BA-TOS-LS-AUTO,EFRGP01_00,crop06,10721,236,0.9397581020313227,12121,12194,12825,1,1,0.06217643440283388,0.051746760701984584
BA-TOS-LS-AUTO,EFRGP01_00,crop06,10724,241,0.779965915546298,12357,12403,15797,1,1,1.6704313876071106,0.273643473353221
BA-TOS-LS-AUTO,EFRGP01_00,crop06,10732,237,0.9324025329976349,12221,12347,12981,1,1,0.049219496860125035,0.05134850570988904
BA-TOS-LS-AUTO,EFRGP01_00,crop06,10735,243,0.9231060606060606,12185,12390,12995,1,1,0.08698485517837973,0.048829701372074256
BA-TOS-LS-AUTO,EFRGP01_00,crop06,10740,242,0.9214639725505147,12085,12277,12923,1,1,0.10088856452602711,0.052618717927832535
BA-TOS-LS-AUTO,EFRGP01_00,crop06,10747,244,0.9323406881654066,12085,12161,12886,1,1,0.04434455200279464,0.05961680782830359
BA-TOS-LS-AUTO,EFRGP01_00,crop06,10762,249,0.9321600248100481,12023,12158,12763,1,1,0.06315058982904045,0.04976147392663267
BA-TOS-LS-AUTO,EFRGP01_00,crop06,10769,247,0.6422363540010598,12119,12205,18784,1,0,5.5683009699872015,0.5390413764850471
BA-TOS-LS-AUTO,EFRGP01_00,crop06,10775,250,0.8045961917268549,12254,12302,15182,1,1,1.952129226629121,0.2341082750772232
BA-TOS-LS-AUTO,EFRGP01_00,crop06,10780,252,0.9272079987880624,12241,12380,13063,1,1,0.06277328430374166,0.055169628432956384
BA-TOS-LS-AUTO,EFRGP01_00,crop06,10782,251,0.9330353761078706,12317,12439,13079,1,1,0.06373390199357487,0.05145108127662995
BA-TOS-LS-AUTO,EFRGP01_00,crop06,10785,254,0.9322657267642326,12167,12308,12910,1,1,0.07549500174504967,0.04891127721806955
BA-TOS-LS-AUTO,EFRGP01_00,crop06,10787,261,0.9325200152497141,12230,12330,13015,1,1,0.12082209996183489,0.05555555555555555
BA-TOS-LS-AUTO,EFRGP01_00,crop06,10788,256,0.5828961175236097,12221,12336,20851,1,0,8.288551053951238,0.6902561608300908
BA-TOS-LS-AUTO,EFRGP01_00,crop06,10793,257,0.9284204167925099,12296,12490,13050,1,1,0.04441671428372589,0.04483586869495596
BA-TOS-LS-AUTO,EFRGP01_00,crop06,10795,255,0.9234586466165413,12282,12358,13224,1,1,0.40088761173853255,0.07007606408804014
BA-TOS-LS-AUTO,EFRGP01_00,crop06,10799,258,0.9174208990949211,12265,12447,13187,1,1,0.10532151079174906,0.05945207680565598
BA-TOS-LS-AUTO,EFRGP01_00,crop06,10804,264,0.9284631706577751,12252,12362,13086,1,1,0.10094127778953235,0.05856657498786604
BA-TOS-LS-AUTO,EFRGP01_00,crop06,10810,265,0.9325414953555657,12248,12383,12999,1,1,0.04992688199213764,0.0497456189937818
BA-TOS-LS-AUTO,EFRGP01_00,crop06,10813,274,0.9287354562155542,12133,12279,12918,1,1,0.0791557569442596,0.0520400684094796
BA-TOS-LS-AUTO,EFRGP01_00,crop06,10814,266,0.9294478527607362,12120,12234,12926,1,1,0.05518977602770023,0.05656367500408697
BA-TOS-LS-AUTO,EFRGP01_00,crop06,10815,262,0.9360438556418456,12294,12364,13064,1,1,0.08614374134332596,0.056615981882885795
BA-TOS-LS-AUTO,EFRGP01_00,crop06,10819,271,0.7703680981595092,12557,12657,16200,1,1,1.8284950199332366,0.27992415264280635
BA-TOS-LS-AUTO,EFRGP01_00,crop06,10826,275,0.7874474888707756,12559,12645,15863,1,1,1.8500633204922126,0.25448793989719254
BA-TOS-LS-AUTO,EFRGP01_00,crop06,10827,276,0.8959421154706848,12011,12187,13230,1,1,0.7108807467744834,0.08558299827685238
BA-TOS-LS-AUTO,EFRGP01_00,crop06,10840,285,0.9238052299368801,12294,12460,13142,1,1,0.1058433273728754,0.05473515248796148
BA-TOS-LS-AUTO,EFRGP01_00,crop06,10841,283,0.9195333082423787,12216,12361,13140,1,1,0.14423290127560404,0.06302079119812314
BA-TOS-LS-AUTO,EFRGP01_00,crop06,10842,286,0.93484507261008,12038,12150,12765,1,1,0.08565371985251294,0.050617283950617285
BA-TOS-LS-AUTO,EFRGP01_00,crop06,10846,287,0.6023766905330151,12115,12274,19953,1,0,6.3583559587215115,0.6256314160013036
BA-TOS-LS-AUTO,EFRGP01_00,crop06,10860,289,0.6159583521049207,12305,12411,19871,1,0,6.171009880360733,0.6010796873741037
BA-TOS-LS-AUTO,EFRGP01_00,crop06,10871,291,0.9272807404142794,12624,12731,13507,1,1,0.09435582553512036,0.06095357788076349
BA-TOS-LS-AUTO,EFRGP01_00,crop06,10872,288,0.9282527881040892,12485,12593,13342,1,1,0.06025510309976367,0.05947748749305169
BA-TOS-LS-AUTO,EFRGP01_00,crop06,10873,295,0.933373758811491,12314,12410,13097,1,1,0.08832864013797331,0.05535858178887994
BA-TOS-LS-AUTO,EFRGP01_00,crop06,10874,305,0.935113031401898,12120,12210,12871,1,1,0.037041956892548446,0.05413595413595414
BA-TOS-LS-AUTO,EFRGP01_00,crop06,10883,292,0.9311643319777075,12364,12467,13175,1,1,0.11590421494448774,0.05678992540306409
BA-TOS-LS-AUTO,EFRGP01_00,crop06,10884,296,0.9377632194665418,12024,12208,12638,1,1,0.05797739808929008,0.035222804718217565
BA-TOS-LS-AUTO,EFRGP01_00,crop06,10886,307,0.9265793528505393,12027,12206,12801,1,1,0.10449635329922162,0.04874651810584958
BA-TOS-LS-AUTO,EFRGP01_00,crop06,10891,294,0.9308224442736357,12110,12214,12906,1,1,0.05403009722937748,0.05665629605370886
BA-TOS-LS-AUTO,EFRGP01_00,crop06,10892,300,0.8165070497472732,12277,12368,14945,1,1,1.8144602987710923,0.20836028460543338
BA-TOS-LS-AUTO,EFRGP01_00,crop06,10893,299,0.9343783617642539,12160,12327,12847,1,1,0.0710065410717686,0.04218382412590249
BA-TOS-LS-AUTO,EFRGP01_00,crop06,10894,304,0.9261744966442953,12144,12283,12973,1,1,0.056347201287728514,0.056175201498005374
BA-TOS-LS-AUTO,EFRGP01_00,crop06,10895,301,0.8054531085353003,12230,12337,15077,1,1,1.8822489539864404,0.22209613358190808
BA-TOS-LS-AUTO,EFRGP01_00,crop06,10900,309,0.9326658514215836,12203,12295,12992,1,1,0.10843441595569042,0.05668971126474177
BA-TOS-LS-AUTO,EFRGP01_00,crop06,10903,313,0.8803785948307244,12092,12226,13601,1,1,1.0740628330676965,0.1124652380173401
BA-TOS-LS-AUTO,EFRGP01_00,crop06,10904,302,0.931296549627603,12254,12353,13059,1,1,0.04826294070089676,0.057152108799481904
BA-TOS-LS-AUTO,EFRGP01_00,crop06,10905,306,0.784323737792813,12288,12408,15547,1,1,3.5611294567041014,0.2529819471308833
BA-TOS-LS-AUTO,EFRGP01_00,crop06,10910,308,0.9242957746478874,12075,12214,12925,1,1,0.07532960656694095,0.05821188799738006
BA-TOS-LS-AUTO,EFRGP01_00,crop06,10919,318,0.7461965276534813,12507,12560,16708,1,0,1.411508782046607,0.3302547770700637
BA-TOS-LS-AUTO,EFRGP01_00,crop06,10926,320,0.9365509761388287,12089,12181,12816,1,1,0.11129963978278123,0.052130366964945406
BA-TOS-LS-AUTO,EFRGP01_00,crop06,10938,319,0.9243058197033093,12150,12276,13019,1,1,0.044263654245642804,0.06052460084718149
BA-TOS-LS-AUTO,EFRGP01_00,crop06,10960,327,0.7715509098923241,12253,12327,15807,1,1,1.8489531609627397,0.28230713068873203
BA-TOS-LS-AUTO,EFRGP01_00,crop06,10962,326,0.9376212274032121,12085,12244,12730,1,1,0.05376231103409863,0.03969291081345965
BA-TOS-LS-AUTO,EFRGP01_00,crop06,10963,328,0.922906985602194,12115,12278,12964,1,1,0.05730150124998441,0.055872291904218926
BA-TOS-LS-AUTO,EFRGP01_00,crop06,10964,335,0.9380524112265467,12099,12229,12768,1,1,0.0950621037193304,0.044075558099599316
BA-TOS-LS-AUTO,EFRGP01_00,crop06,10967,329,0.9322837052889025,12198,12326,12956,1,1,0.10833693018999066,0.05111147168586727
BA-TOS-LS-AUTO,EFRGP01_00,crop06,10968,330,0.9245914101102243,12163,12276,13042,1,1,0.13303151922144688,0.062398175301401106
BA-TOS-LS-AUTO,EFRGP01_00,crop06,10975,333,0.9296428843371659,12209,12393,12949,1,1,0.042077972705598245,0.0448640361494392
BA-TOS-LS-AUTO,EFRGP01_00,crop06,10986,332,0.9417707851303408,12211,12284,12893,1,1,0.07285748738835092,0.04957668511885379
BA-TOS-LS-AUTO,EFRGP01_00,crop06,10988,339,0.5699890679214792,11992,12131,20900,1,0,7.750351838644331,0.7228587915258429
BA-TOS-LS-AUTO,EFRGP01_00,crop06,10989,351,0.7925896882964125,12129,12209,15223,1,1,3.2373324751538877,0.2468670652797117
BA-TOS-LS-AUTO,EFRGP01_00,crop06,10990,337,0.9300121322414316,12265,12399,13054,1,1,0.10201182061649458,0.05282684087426406
BA-TOS-LS-AUTO,EFRGP01_00,crop06,10994,338,0.7569327073552425,12092,12245,15822,1,1,3.730462786931584,0.29211923233973053
BA-TOS-LS-AUTO,EFRGP01_00,crop06,10995,341,0.9370316000927142,12128,12256,12815,1,1,0.034420453882105274,0.045610313315926895
BA-TOS-LS-AUTO,EFRGP01_00,crop06,10996,343,0.8018811684440618,12106,12236,14967,1,1,1.861781490257251,0.2231938542007192
BA-TOS-LS-AUTO,EFRGP01_00,crop06,11009,350,0.6818332230311053,12363,12464,18031,1,0,3.4191740233853714,0.44664634146341464
BA-TOS-LS-AUTO,EFRGP01_00,crop06,11014,356,0.5957667258732978,12075,12190,20153,1,0,7.322781733429336,0.6532403609515997
BA-TOS-LS-AUTO,EFRGP01_00,crop06,11015,361,0.9082071831403977,12239,12382,13333,1,1,0.5084330073576282,0.07680503957357454
BA-TOS-LS-AUTO,EFRGP01_00,crop06,11021,355,0.6293934601846656,12338,12412,19529,1,0,7.380095517124825,0.573396712858524
BA-TOS-LS-AUTO,EFRGP01_00,crop06,11030,363,0.8180286436394272,12623,12704,15350,1,1,1.4356177271420631,0.20828085642317382
BA-TOS-LS-AUTO,EFRGP01_00,crop06,11702,22,0.7364725820118629,12168,12227,16463,1,0,1.7358704393291475,0.3464463891387912
BA-TOS-LS-AUTO,EFRGP01_00,crop06,11704,30,0.6016288597981413,12041,12107,19948,1,0,7.074270314445374,0.6476418600809449
BA-TOS-LS-AUTO,EFRGP01_00,crop06,11705,32,0.7699728860583895,12211,12287,15783,1,1,4.106355302002794,0.2845283633108163
BA-TOS-LS-AUTO,EFRGP01_00,crop06,11706,49,0.473241738995057,12159,12206,25646,0,0,8.25280011338109,1.1010978207438964
BA-TOS-LS-AUTO,EFRGP01_00,crop06,11707,56,0.9264828738512949,12199,12298,13068,1,1,0.08640749135616146,0.0626118067978533
BA-TOS-LS-AUTO,EFRGP01_00,crop06,11710,65,0.9292049047582325,12049,12229,12787,1,1,0.05797609729703484,0.045629241965818954
BA-TOS-LS-AUTO,EFRGP01_00,crop06,11711,77,0.9285282562707766,12290,12409,13117,1,1,0.10276073333035553,0.057055363042952695
BA-TOS-LS-AUTO,EFRGP01_00,crop06,11712,78,0.8065271096086335,12406,12489,15299,1,1,1.9653475097614321,0.22499799823844985
BA-TOS-LS-AUTO,EFRGP01_00,crop06,11715,83,0.9295140506132588,11974,12110,12746,1,1,0.028875200760263856,0.052518579686209745
BA-TOS-LS-AUTO,EFRGP01_00,crop06,11716,104,0.7469303816609206,12349,12402,16480,1,0,1.6403969929057158,0.3288179325915175
BA-TOS-LS-AUTO,EFRGP01_00,crop06,11717,100,0.6419179384274172,12156,12267,18826,1,0,7.225504551729431,0.5346865574305046
BA-TOS-LS-AUTO,EFRGP01_00,crop06,11718,105,0.9387041640770665,12083,12161,12794,1,1,0.09654656630255742,0.052051640490091276
BA-TOS-LS-AUTO,EFRGP01_00,crop06,11722,112,0.9336664104534973,12147,12207,12950,1,1,0.08513449504566847,0.060866715818792494
BA-TOS-LS-AUTO,EFRGP01_00,crop06,11723,123,0.9339142504626774,12111,12234,12845,1,1,0.04838246282206398,0.04994278240967795
BA-TOS-LS-AUTO,EFRGP01_00,crop06,11725,116,0.9299691833590139,12071,12276,12775,1,1,0.07768483585472834,0.04064841968067775
BA-TOS-LS-AUTO,EFRGP01_00,crop06,11726,132,0.9205253283302064,12266,12443,13148,1,1,0.06859572487907713,0.056658362131318814
BA-TOS-LS-AUTO,EFRGP01_00,crop06,11731,144,0.7529752914879478,12464,12565,16452,1,1,1.5480376151862811,0.3093513728611222
BA-TOS-LS-AUTO,EFRGP01_00,crop06,11733,155,0.9374660141381186,12068,12218,12723,1,1,0.05850334804633641,0.04133246030446882
BA-TOS-LS-AUTO,EFRGP01_00,crop06,11734,151,0.9297326040717108,12239,12397,13006,1,1,0.10550515795991328,0.04912478825522304
BA-TOS-LS-AUTO,EFRGP01_00,crop06,11736,156,0.9282242138842473,12221,12340,13047,1,1,0.13089491992395105,0.05729335494327391
BA-TOS-LS-AUTO,EFRGP01_00,crop06,11738,160,0.9206063334834159,12268,12463,13131,1,1,0.09533153758907456,0.05359865200994945
BA-TOS-LS-AUTO,EFRGP01_00,crop06,11739,168,0.9320232451445175,12189,12263,13004,1,1,0.07499450819078035,0.06042567071679034
BA-TOS-LS-AUTO,EFRGP01_00,crop06,11740,179,0.9349167180752622,12124,12221,12871,1,1,0.03643248759587735,0.05318713689550773
BA-TOS-LS-AUTO,EFRGP01_00,crop06,11741,177,0.9324926956789175,12128,12249,12885,1,1,0.06406430636508574,0.05192260592701445
BA-TOS-LS-AUTO,EFRGP01_00,crop06,11744,190,0.92804942364198,12318,12409,13182,1,1,0.08574684427439463,0.062293496655653154
BA-TOS-LS-AUTO,EFRGP01_00,crop06,11745,191,0.927000680117887,12267,12437,13063,1,1,0.1525789075920587,0.05033368175605049
BA-TOS-LS-AUTO,EFRGP01_00,crop06,11747,199,0.7970748343936512,12153,12241,15159,1,1,1.9357881447343015,0.23837921738420065
BA-TOS-LS-AUTO,EFRGP01_00,crop06,11748,208,0.9342054930762758,12211,12303,12979,1,1,0.03050074900722769,0.05494594814272941
BA-TOS-LS-AUTO,EFRGP01_00,crop06,11749,202,0.928886187509497,12226,12398,12990,1,1,0.04754102976344844,0.04774963703823197
BA-TOS-LS-AUTO,EFRGP01_00,crop06,11753,221,0.930713626576438,12103,12277,12830,1,1,0.06652891420011577,0.0450435774211941
BA-TOS-LS-AUTO,EFRGP01_00,crop06,11754,217,0.9348521792136544,12269,12367,13026,1,1,0.10618017780010214,0.05328697339694348
BA-TOS-LS-AUTO,EFRGP01_00,crop06,11755,232,0.9298367221195317,12073,12174,12883,1,1,0.04823315252843216,0.05823886972235912
BA-TOS-LS-AUTO,EFRGP01_00,crop06,11756,233,0.9386865857454093,12064,12138,12778,1,1,0.06377086749391805,0.052726973142198055
BA-TOS-LS-AUTO,EFRGP01_00,crop06,11758,240,0.7994080894442618,12155,12347,15013,1,1,1.955534384023732,0.21592289625010125
BA-TOS-LS-AUTO,EFRGP01_00,crop06,11762,248,0.9267003676470589,12099,12172,12983,1,1,0.07364805376937963,0.06662832730857707
BA-TOS-LS-AUTO,EFRGP01_00,crop06,11763,253,0.9313448775650317,12209,12391,12927,1,1,0.08508132729534036,0.04325720280849003
BA-TOS-LS-AUTO,EFRGP01_00,crop06,11764,260,0.9235908462601751,12027,12213,12836,1,1,0.05846317302262124,0.05101121755506428
BA-TOS-LS-AUTO,EFRGP01_00,crop06,11766,270,0.924512987012987,12529,12693,13388,1,1,0.05241180594099544,0.05475458914362247
BA-TOS-LS-AUTO,EFRGP01_00,crop06,11767,263,0.9386267740698121,12235,12369,12901,1,1,0.06308685497795806,0.043010752688172046
BA-TOS-LS-AUTO,EFRGP01_00,crop06,11768,272,0.7670702783672451,12290,12381,15931,1,1,1.5180081376472467,0.28672966642435993
BA-TOS-LS-AUTO,EFRGP01_00,crop06,11769,273,0.9311497834181929,12253,12372,13040,1,1,0.06474802342211133,0.05399288716456515
BA-TOS-LS-AUTO,EFRGP01_00,crop06,11774,290,0.9332923927228065,12158,12285,12900,1,1,0.04732594458402649,0.050061050061050064
BA-TOS-LS-AUTO,EFRGP01_00,crop06,11776,293,0.930436106248573,12225,12344,13020,1,1,0.09205632688034565,0.05476344782890473
BA-TOS-LS-AUTO,EFRGP01_00,crop06,11777,303,0.9261295180722892,12299,12464,13115,1,1,0.06658728400453147,0.052230423620025675
BA-TOS-LS-AUTO,EFRGP01_00,crop06,11782,324,0.9311500380807312,12226,12356,13000,1,1,0.09045429973418968,0.05212042732275817
BA-TOS-LS-AUTO,EFRGP01_00,crop06,11783,325,0.9276696075448737,12197,12314,13031,1,1,0.07264566005598527,0.05822640896540523
BA-TOS-LS-AUTO,EFRGP01_00,crop06,11784,334,0.9332367959759165,12245,12374,12992,1,1,0.08481537388930206,0.049943429772102796
BA-TOS-LS-AUTO,EFRGP01_00,crop06,11787,349,0.8676658616280721,12215,12278,14015,1,1,1.6800919604417446,0.14147255253298582
BA-TOS-LS-AUTO,EFRGP01_00,crop06,11788,353,0.782111848825332,12251,12308,15607,1,1,3.2522476845299892,0.2680370490737732
BA-TOS-LS-AUTO,EFRGP01_00,crop06,11790,360,0.5476168942751198,12110,12159,22065,1,0,6.9894076198664346,0.8147051566740686
BA-TOS-LS-AUTO,EFRGP01_00,crop06,11791,348,0.7392955589586524,12069,12199,16195,1,0,4.521291499011941,0.3275678334289696
BA-TOS-LS-AUTO,EFRGP01_01,crop06,6415,49,0.5923311251873701,12250,12448,20483,1,0,8.117127021895199,0.6454852185089974
BA-TOS-LS-AUTO,EFRGP01_01,crop06,6418,54,0.846964586846543,12054,12321,13965,1,1,1.6671526914715695,0.13343072802532263
BA-TOS-LS-AUTO,EFRGP01_01,crop06,6456,70,0.7841648590021691,12291,12440,15525,1,1,3.509131430247491,0.2479903536977492
BA-TOS-LS-AUTO,EFRGP01_01,crop06,6460,67,0.9469673161533627,12053,12173,12608,1,1,0.03176381354006578,0.03573482296886552
BA-TOS-LS-AUTO,EFRGP01_01,crop06,6487,82,0.9373280342402935,12264,12457,12891,1,1,0.10905786291844709,0.034839849080838085
BA-TOS-LS-AUTO,EFRGP01_01,crop06,6545,110,0.9393731411576298,12318,12426,13005,1,1,0.10248399504685717,0.04659584741670691
BA-TOS-LS-AUTO,EFRGP01_01,crop06,6552,105,0.936676875957121,12233,12366,12927,1,1,0.06629277854351869,0.04536632702571567
BA-TOS-LS-AUTO,EFRGP01_01,crop06,6600,130,0.9360576554473664,12209,12355,12897,1,1,0.0842909131144989,0.04386887899635775
BA-TOS-LS-AUTO,EFRGP01_01,crop06,6613,141,0.6624263450630541,12029,12188,18000,1,0,5.8155490033106885,0.4768624876928126
BA-TOS-LS-AUTO,EFRGP01_01,crop06,6643,149,0.6887660102691417,12207,12347,17583,1,0,6.4404810416176375,0.42407062444318455
BA-TOS-LS-AUTO,EFRGP01_01,crop06,6650,153,0.9321401370906321,12239,12426,12943,1,1,0.11037525091011058,0.04160630935136005
BA-TOS-LS-AUTO,EFRGP01_01,crop06,6671,160,0.8316858681573386,12200,12359,14510,1,1,1.0429797452949838,0.1740432073792378
BA-TOS-LS-AUTO,EFRGP01_01,crop06,6678,167,0.9271391397520282,12114,12333,12847,1,1,0.10070292534330998,0.041676802075731774
BA-TOS-LS-AUTO,EFRGP01_01,crop06,6684,171,0.8122579783682735,12166,12239,14905,1,1,2.0314409641856868,0.21782825394231556
BA-TOS-LS-AUTO,EFRGP01_01,crop06,6720,183,0.9395823737141102,12239,12352,12913,1,1,0.06802831710249427,0.04541774611398964
BA-TOS-LS-AUTO,EFRGP01_01,crop06,6752,194,0.9478892840575228,12260,12344,12850,1,1,0.05073796306531611,0.04099157485418017
BA-TOS-LS-AUTO,EFRGP01_01,crop06,6769,204,0.9299946560806168,12182,12375,12906,1,1,0.042416229348531134,0.04290909090909091
BA-TOS-LS-AUTO,EFRGP01_01,crop06,6815,230,0.9403052742934864,12444,12568,13110,1,1,0.08015026724176812,0.04312539783577339
BA-TOS-LS-AUTO,EFRGP01_01,crop06,6833,237,0.6539851222104145,12308,12388,18740,1,0,6.525559405836866,0.5127542783338714
BA-TOS-LS-AUTO,EFRGP01_01,crop06,6858,249,0.9387913023291805,12132,12328,12727,1,1,0.09459770337097749,0.03236534717715769
BA-TOS-LS-AUTO,EFRGP01_01,crop06,6878,256,0.9457280198480384,12198,12342,12754,1,1,0.08934066434785382,0.033381947820450494
BA-TOS-LS-AUTO,EFRGP01_01,crop06,6928,280,0.9351915841204024,12179,12359,12843,1,1,0.08840557493285647,0.03916174447770855
BA-TOS-LS-AUTO,EFRGP01_01,crop06,6950,288,0.6454450261780105,12328,12398,19030,1,0,6.257760360092248,0.5349249879012744
BA-TOS-LS-AUTO,EFRGP01_01,crop06,6954,289,0.6010286554004408,12270,12367,20318,1,0,8.578876949492974,0.6429206759925609
BA-TOS-LS-AUTO,EFRGP01_01,crop06,6960,290,0.9494187389329433,12332,12445,12876,1,1,0.04248926749546161,0.03463238248292487
BA-TOS-LS-AUTO,EFRGP01_01,crop06,6991,304,0.5640823152320342,12143,12304,21366,1,0,9.725553362301627,0.7365084525357607
BA-TOS-LS-AUTO,EFRGP01_01,crop06,7009,317,0.9400401792613198,12166,12358,12750,1,1,0.08695972221331641,0.03172034309758861
BA-TOS-LS-AUTO,EFRGP01_01,crop06,7023,323,0.9420490354315579,12257,12422,12846,1,1,0.0516354452593615,0.03413298985670585
BA-TOS-LS-AUTO,EFRGP01_01,crop06,7025,322,0.9059941520467836,12394,12509,13565,1,1,0.7374570119151705,0.0844192181629227
BA-TOS-LS-AUTO,EFRGP01_01,crop06,7038,326,0.7692905230450544,11884,12087,15245,1,1,2.416798050638118,0.2612724414660379
BA-TOS-LS-AUTO,EFRGP01_01,crop06,7042,332,0.7802957557134627,12189,12418,15392,1,1,3.13466679720905,0.23949106136253825
BA-TOS-LS-AUTO,EFRGP01_01,crop06,7095,354,0.6254020113328909,12251,12399,19441,1,0,6.4805815743231,0.5679490281474312
BA-TOS-LS-AUTO,EFRGP01_01,crop06,7694,85,0.9382648686569491,12037,12197,12669,1,1,0.07164699773070833,0.03869804050176273
BA-TOS-LS-AUTO,EFRGP01_01,crop06,10208,21,0.8372108797395375,12343,12471,14615,1,1,1.5681258959489623,0.17191885173602758
BA-TOS-LS-AUTO,EFRGP01_01,crop06,10210,20,0.5825118483412323,12291,12413,20978,1,0,6.847321514082931,0.6900024168210747
BA-TOS-LS-AUTO,EFRGP01_01,crop06,10211,29,0.6022254475084664,12448,12537,20581,1,0,7.875341775982172,0.6416208024248226
BA-TOS-LS-AUTO,EFRGP01_01,crop06,10216,36,0.44407522624434387,6281,12105,8320,0,0,6.678114769233288,0.31268071045022716
BA-TOS-LS-AUTO,EFRGP01_01,crop06,10217,38,0.7239443209732133,12378,12481,16995,1,0,4.220009762448017,0.36166973800176266
BA-TOS-LS-AUTO,EFRGP01_01,crop06,10224,31,0.7354357246027925,12220,12294,16542,1,0,2.2180039824843023,0.34553440702781846
BA-TOS-LS-AUTO,EFRGP01_01,crop06,10241,51,0.7226467626325455,12199,12334,16746,1,0,5.223607418680102,0.357710394032755
BA-TOS-LS-AUTO,EFRGP01_01,crop06,10242,41,0.6849850019808704,12103,12273,17499,1,0,4.014350216474553,0.4258127597164508
BA-TOS-LS-AUTO,EFRGP01_01,crop06,10243,43,0.7587527014510651,12288,12451,16032,1,1,4.268409369271868,0.28760742109067544
BA-TOS-LS-AUTO,EFRGP01_01,crop06,10248,47,0.875695079890195,12441,12514,14134,1,1,1.6839285800747488,0.12945501038836504
BA-TOS-LS-AUTO,EFRGP01_01,crop06,10250,40,0.7041127408685649,12241,12460,17166,1,0,4.635279049514281,0.3776886035313002
BA-TOS-LS-AUTO,EFRGP01_01,crop06,10255,52,0.9444656342970479,12381,12482,13008,1,1,0.04864476485537651,0.042140682582919406
BA-TOS-LS-AUTO,EFRGP01_01,crop06,10256,48,0.5166179770523731,12202,12328,23493,1,0,6.278166759939707,0.9056619078520441
BA-TOS-LS-AUTO,EFRGP01_01,crop06,10268,50,0.9405963479466831,12208,12379,12808,1,1,0.07223434639867901,0.034655464900234266
BA-TOS-LS-AUTO,EFRGP01_01,crop06,10270,55,0.9454489497576364,12288,12397,12888,1,1,0.06485529365863398,0.03960635637654271
BA-TOS-LS-AUTO,EFRGP01_01,crop06,10271,58,0.9392601613639824,12340,12508,12970,1,1,0.06959234806646983,0.03693636072913335
BA-TOS-LS-AUTO,EFRGP01_01,crop06,10280,57,0.7071273309689967,12362,12511,17333,1,0,5.654393170373402,0.3854208296698905
BA-TOS-LS-AUTO,EFRGP01_01,crop06,10283,56,0.9482053261289077,12284,12388,12851,1,1,0.05401772615319397,0.03737487891507911
BA-TOS-LS-AUTO,EFRGP01_01,crop06,10289,63,0.9378762154653496,12153,12290,12821,1,1,0.03747941743193644,0.04320585842148088
BA-TOS-LS-AUTO,EFRGP01_01,crop06,10296,64,0.9275727710291084,12141,12452,12778,1,1,0.0950738527399465,0.026180533247671056
BA-TOS-LS-AUTO,EFRGP01_01,crop06,10297,69,0.8013743887934452,12128,12266,14996,1,1,2.02157072461087,0.22256644382846894
BA-TOS-LS-AUTO,EFRGP01_01,crop06,10299,66,0.9460481630132757,12257,12355,12858,1,1,0.05894884770841179,0.04071226224200728
BA-TOS-LS-AUTO,EFRGP01_01,crop06,10313,71,0.9337565975675055,12207,12423,12857,1,1,0.0943784035850496,0.034935200837156885
BA-TOS-LS-AUTO,EFRGP01_01,crop06,10317,72,0.942793519158412,12278,12444,12857,1,1,0.06708384419213098,0.03318868531018965
BA-TOS-LS-AUTO,EFRGP01_01,crop06,10318,77,0.937995124923827,12314,12487,12955,1,1,0.08333373280656824,0.03747897813726275
BA-TOS-LS-AUTO,EFRGP01_01,crop06,10319,75,0.9353504404442742,12211,12363,12903,1,1,0.015298388936353558,0.04367871875758311
BA-TOS-LS-AUTO,EFRGP01_01,crop06,10323,73,0.9401975683890578,12373,12523,13010,1,1,0.05821378751782749,0.03888844526072027
BA-TOS-LS-AUTO,EFRGP01_01,crop06,10324,74,0.7898807183117054,12052,12226,15084,1,1,2.189516561662217,0.2337641092753149
BA-TOS-LS-AUTO,EFRGP01_01,crop06,10326,83,0.6808486562942009,12034,12245,17464,1,0,3.1563426343246364,0.42621478154348713
BA-TOS-LS-AUTO,EFRGP01_01,crop06,10333,78,0.9478381289429143,12320,12399,12919,1,1,0.02640264407775403,0.04193886603758368
BA-TOS-LS-AUTO,EFRGP01_01,crop06,10343,86,0.937914728090916,12297,12426,12982,1,1,0.06542292402959701,0.04474488974730404
BA-TOS-LS-AUTO,EFRGP01_01,crop06,10346,87,0.8000524968829976,12192,12356,15075,1,1,2.0827591755737824,0.22005503399158305
BA-TOS-LS-AUTO,EFRGP01_01,crop06,10350,90,0.9421328401910927,12227,12352,12853,1,1,0.06480779017899262,0.04056023316062176
BA-TOS-LS-AUTO,EFRGP01_01,crop06,10351,91,0.9319387833576867,12118,12341,12780,1,1,0.0675739792551547,0.03557248197066688
BA-TOS-LS-AUTO,EFRGP01_01,crop06,10353,92,0.9354370415647921,12243,12378,12953,1,1,0.06515914586007014,0.04645338503797059
BA-TOS-LS-AUTO,EFRGP01_01,crop06,10367,95,0.9454464813719693,12790,12891,13427,1,1,0.031499705175790406,0.04157939647816306
BA-TOS-LS-AUTO,EFRGP01_01,crop06,10369,99,0.9382518653875438,12323,12437,13020,1,1,0.07103911967079417,0.04687625633191284
BA-TOS-LS-AUTO,EFRGP01_01,crop06,10371,97,0.7206290471785384,12464,12557,17203,1,0,4.719861297324653,0.3699928326829657
BA-TOS-LS-AUTO,EFRGP01_01,crop06,10378,96,0.9509055876685935,12338,12403,12910,1,1,0.06610105731796047,0.040877207127307906
BA-TOS-LS-AUTO,EFRGP01_01,crop06,10382,98,0.9400322903052203,12227,12346,12888,1,1,0.09010062445141644,0.043900858577676984
BA-TOS-LS-AUTO,EFRGP01_01,crop06,10384,100,0.9377413873010969,12140,12275,12811,1,1,0.09966942488145812,0.04366598778004073
BA-TOS-LS-AUTO,EFRGP01_01,crop06,10388,103,0.9455656073610145,12229,12343,12819,1,1,0.08237060676201985,0.03856436846795755
BA-TOS-LS-AUTO,EFRGP01_01,crop06,10393,107,0.9227654469106179,12306,12515,13127,1,1,0.14518206554233284,0.04890131841789852
BA-TOS-LS-AUTO,EFRGP01_01,crop06,10394,102,0.9271578626883848,12181,12398,12921,1,1,0.05149194054683922,0.04218422326181642
BA-TOS-LS-AUTO,EFRGP01_01,crop06,10397,106,0.9433628318584071,12259,12397,12857,1,1,0.04602649852624952,0.03710575139146568
BA-TOS-LS-AUTO,EFRGP01_01,crop06,10399,112,0.942992511080544,12340,12472,12954,1,1,0.04190759029633742,0.03864656831302117
BA-TOS-LS-AUTO,EFRGP01_01,crop06,10409,113,0.9344137563722134,12281,12442,12982,1,1,0.11068854349947888,0.04340138241440283
BA-TOS-LS-AUTO,EFRGP01_01,crop06,10410,108,0.9292744335088121,12180,12367,12920,1,1,0.053481729948545866,0.04471577585509825
BA-TOS-LS-AUTO,EFRGP01_01,crop06,10416,117,0.8700861887744377,12417,12600,14088,1,1,1.588435524452443,0.1180952380952381
BA-TOS-LS-AUTO,EFRGP01_01,crop06,10427,122,0.9333178258509731,12037,12285,12649,1,1,0.0513947394616985,0.02962962962962963
BA-TOS-LS-AUTO,EFRGP01_01,crop06,10436,121,0.9413163547100337,12271,12421,12886,1,1,0.08615253625093033,0.037436599307624184
BA-TOS-LS-AUTO,EFRGP01_01,crop06,10438,123,0.7902061855670103,12264,12414,15370,1,1,2.3231683055213486,0.2381182535846625
BA-TOS-LS-AUTO,EFRGP01_01,crop06,10439,133,0.9340516582607367,12223,12422,12887,1,1,0.01168968531300562,0.037433585573981645
BA-TOS-LS-AUTO,EFRGP01_01,crop06,10443,125,0.7694272396398697,12050,12156,15555,1,1,2.484012605218752,0.27961500493583413
BA-TOS-LS-AUTO,EFRGP01_01,crop06,10444,126,0.941033434650456,12384,12499,13045,1,1,0.044739077053693795,0.043683494679574365
BA-TOS-LS-AUTO,EFRGP01_01,crop06,10450,136,0.9382593413310919,12279,12422,12944,1,1,0.025674446369829667,0.042022218644340685
BA-TOS-LS-AUTO,EFRGP01_01,crop06,10451,127,0.5413184772516249,12243,12356,22504,1,0,8.04757867826027,0.8213013920362577
BA-TOS-LS-AUTO,EFRGP01_01,crop06,10454,129,0.9424728322820883,12402,12498,13063,1,1,0.027767424604461275,0.04520723315730517
BA-TOS-LS-AUTO,EFRGP01_01,crop06,10459,137,0.9326491828202205,12269,12491,12933,1,1,0.07849020800205707,0.03538547754383156
BA-TOS-LS-AUTO,EFRGP01_01,crop06,10464,143,0.9506772097392938,12143,12249,12667,1,1,0.09641116028316324,0.0341252347130378
BA-TOS-LS-AUTO,EFRGP01_01,crop06,10469,140,0.9414808614260711,12372,12528,12985,1,1,0.06182102851948509,0.036478288633461045
BA-TOS-LS-AUTO,EFRGP01_01,crop06,10470,139,0.9412582014666152,12194,12327,12822,1,1,0.07194308082620038,0.040155755658311025
BA-TOS-LS-AUTO,EFRGP01_01,crop06,10478,147,0.6391085549964055,12446,12526,19394,1,0,5.2354450327563535,0.5482995369631167
BA-TOS-LS-AUTO,EFRGP01_01,crop06,10481,142,0.9406252400337968,12246,12360,12905,1,1,0.07690744771705675,0.04409385113268608
BA-TOS-LS-AUTO,EFRGP01_01,crop06,10491,146,0.9439883372976291,12303,12484,12852,1,1,0.0853266538851979,0.029477731496315284
BA-TOS-LS-AUTO,EFRGP01_01,crop06,10499,148,0.936144578313253,12432,12564,13148,1,1,0.11953347193080846,0.04648201209805794
BA-TOS-LS-AUTO,EFRGP01_01,crop06,10501,151,0.9355574131772931,12311,12464,13006,1,1,0.037364683998999164,0.04348523748395379
BA-TOS-LS-AUTO,EFRGP01_01,crop06,10510,156,0.7833269304648482,12234,12323,15529,1,1,2.4014618674369634,0.26016392112310316
BA-TOS-LS-AUTO,EFRGP01_01,crop06,10512,154,0.9503612211605686,12234,12331,12776,1,1,0.060182823856345,0.036087908523234125
BA-TOS-LS-AUTO,EFRGP01_01,crop06,10519,155,0.9445761027444385,12356,12484,12953,1,1,0.04258310209831466,0.03756808715155399
BA-TOS-LS-AUTO,EFRGP01_01,crop06,10525,158,0.9389757743023612,12248,12383,12909,1,1,0.13812732410630163,0.0424775902446903
BA-TOS-LS-AUTO,EFRGP01_01,crop06,10527,119,0.4606125678119349,8151,12292,13555,0,0,7.841471173440723,0.102749755938822
BA-TOS-LS-AUTO,EFRGP01_01,crop06,10531,164,0.941459382280003,12528,12586,13249,1,1,0.0583293148596127,0.05267757826156046
BA-TOS-LS-AUTO,EFRGP01_01,crop06,10533,166,0.939466194908084,12214,12383,12832,1,1,0.09584466514411683,0.03625938787046758
BA-TOS-LS-AUTO,EFRGP01_01,crop06,10534,161,0.9380244822542151,12184,12292,12881,1,1,0.035562919673786594,0.047917344614383336
BA-TOS-LS-AUTO,EFRGP01_01,crop06,10535,162,0.9329393043873607,12312,12521,12988,1,1,0.08748679369717931,0.03729734046801374
BA-TOS-LS-AUTO,EFRGP01_01,crop06,10536,163,0.8011910215300045,12243,12396,15128,1,1,2.2139679310237055,0.22039367537915455
BA-TOS-LS-AUTO,EFRGP01_01,crop06,10543,176,0.9432640672425869,12120,12251,12718,1,1,0.056783485161071116,0.03811933719696351
BA-TOS-LS-AUTO,EFRGP01_01,crop06,10545,173,0.8742142857142857,12239,12429,13810,1,1,1.254200633265659,0.1111111111111111
BA-TOS-LS-AUTO,EFRGP01_01,crop06,10552,174,0.942944550669216,12329,12404,13000,1,1,0.07841607075850963,0.048049016446307644
BA-TOS-LS-AUTO,EFRGP01_01,crop06,10553,170,0.9440254994946746,12143,12322,12684,1,1,0.09966703265750827,0.029378347670832656
BA-TOS-LS-AUTO,EFRGP01_01,crop06,10559,175,0.9409506258158642,12254,12370,12907,1,1,0.06906625252073292,0.043411479385610345
BA-TOS-LS-AUTO,EFRGP01_01,crop06,10562,177,0.6270610057708161,12170,12273,19305,1,0,6.335984673761912,0.5729650452212173
BA-TOS-LS-AUTO,EFRGP01_01,crop06,10567,181,0.934338817794028,12266,12463,12931,1,1,0.0533830283170911,0.03755115140816818
BA-TOS-LS-AUTO,EFRGP01_01,crop06,10572,180,0.939922480620155,12125,12298,12727,1,1,0.05575979180168299,0.03488372093023256
BA-TOS-LS-AUTO,EFRGP01_01,crop06,10580,184,0.9501712862036749,12204,12311,12737,1,1,0.04932814420432573,0.034603200389895214
BA-TOS-LS-AUTO,EFRGP01_01,crop06,10584,188,0.9382820296307669,12223,12421,12829,1,1,0.03828441761691179,0.0328475968118509
BA-TOS-LS-AUTO,EFRGP01_01,crop06,10589,190,0.9383280390485783,12111,12291,12727,1,1,0.06093605314836925,0.03547311040598812
BA-TOS-LS-AUTO,EFRGP01_01,crop06,10592,186,0.8170983421000066,12272,12394,14897,1,1,1.9492215028283153,0.20195255768920445
BA-TOS-LS-AUTO,EFRGP01_01,crop06,10601,193,0.9344882366290945,12353,12594,12978,1,1,0.049181732268730245,0.03049070986183897
BA-TOS-LS-AUTO,EFRGP01_01,crop06,10608,191,0.9422961630695443,12574,12740,13178,1,1,0.08913266572190413,0.03437990580847724
BA-TOS-LS-AUTO,EFRGP01_01,crop06,10613,200,0.933050269163697,12306,12503,12992,1,1,0.05690233309414949,0.03911061345277134
BA-TOS-LS-AUTO,EFRGP01_01,crop06,10616,195,0.9348797780517879,12131,12388,12719,1,1,0.08238500135521298,0.026719405876654827
BA-TOS-LS-AUTO,EFRGP01_01,crop06,10617,196,0.9327852629976403,12254,12421,12970,1,1,0.024660127557582484,0.04419933982771113
BA-TOS-LS-AUTO,EFRGP01_01,crop06,10621,197,0.9386522075910148,12118,12245,12783,1,1,0.1149333549239456,0.04393630053082891
BA-TOS-LS-AUTO,EFRGP01_01,crop06,10625,198,0.6490470674949984,12328,12446,18876,1,0,7.452209612020232,0.5166318495902298
BA-TOS-LS-AUTO,EFRGP01_01,crop06,10630,206,0.9398565810779551,12189,12350,12808,1,1,0.10222216352251709,0.03708502024291498
BA-TOS-LS-AUTO,EFRGP01_01,crop06,10631,211,0.6935306700583916,11996,12092,17201,1,0,2.135086582566262,0.42251075090969237
BA-TOS-LS-AUTO,EFRGP01_01,crop06,10632,202,0.8108666666666666,12163,12311,14852,1,1,1.984712460387193,0.2064007797904313
BA-TOS-LS-AUTO,EFRGP01_01,crop06,10636,210,0.9394406348717158,12193,12299,12873,1,1,0.010506228444826385,0.0466704610130905
BA-TOS-LS-AUTO,EFRGP01_01,crop06,10637,208,0.9331520507591208,12354,12511,13082,1,1,0.09015689141916668,0.04563983694348973
BA-TOS-LS-AUTO,EFRGP01_01,crop06,10646,214,0.6868032879180272,12199,12280,17681,1,0,6.495848784603167,0.43982084690553747
BA-TOS-LS-AUTO,EFRGP01_01,crop06,10653,215,0.9444185323383084,12149,12281,12732,1,1,0.042641227622842885,0.03672339386043482
BA-TOS-LS-AUTO,EFRGP01_01,crop06,10658,221,0.9362040260329954,12371,12531,13054,1,1,0.05324906788282672,0.041736493496129595
BA-TOS-LS-AUTO,EFRGP01_01,crop06,10674,223,0.9324550715808712,12245,12427,12950,1,1,0.03725782790964628,0.042085780960811135
BA-TOS-LS-AUTO,EFRGP01_01,crop06,10675,226,0.6311049354124852,12263,12389,19305,1,0,3.442982065365756,0.5582371458551941
BA-TOS-LS-AUTO,EFRGP01_01,crop06,10681,229,0.9324509356458238,12258,12464,12940,1,1,0.12339789078419192,0.03818998716302952
BA-TOS-LS-AUTO,EFRGP01_01,crop06,10688,225,0.9458143309886372,12236,12384,12789,1,1,0.05436950744671867,0.032703488372093026
BA-TOS-LS-AUTO,EFRGP01_01,crop06,10693,232,0.930569316363082,12210,12404,12927,1,1,0.07848032394543286,0.04216381812318607
BA-TOS-LS-AUTO,EFRGP01_01,crop06,10694,228,0.9335207415286431,12287,12436,13013,1,1,0.09349860735700338,0.04639755548407848
BA-TOS-LS-AUTO,EFRGP01_01,crop06,10695,240,0.9299118245534705,12339,12557,13051,1,1,0.07748813697225602,0.03934060683284224
BA-TOS-LS-AUTO,EFRGP01_01,crop06,10698,233,0.9296214487013481,12205,12408,12926,1,1,0.04734718512396676,0.04174725983236621
BA-TOS-LS-AUTO,EFRGP01_01,crop06,10708,246,0.7567062924005726,12158,12244,15981,1,1,2.306772933897893,0.30521071545246653
BA-TOS-LS-AUTO,EFRGP01_01,crop06,10710,234,0.9359798072510326,12237,12433,12878,1,1,0.0407997756682024,0.03579184428536958
BA-TOS-LS-AUTO,EFRGP01_01,crop06,10711,238,0.9311349693251534,12142,12302,12880,1,1,0.0637612635059563,0.046984230206470495
BA-TOS-LS-AUTO,EFRGP01_01,crop06,10715,247,0.9405073020753266,12236,12408,12838,1,1,0.06349430147518186,0.03465506125080593
BA-TOS-LS-AUTO,EFRGP01_01,crop06,10716,239,0.8079883227176221,12178,12348,14902,1,1,2.046577590260565,0.2068351149983803
BA-TOS-LS-AUTO,EFRGP01_01,crop06,10721,248,0.9478981187582256,12244,12350,12811,1,1,0.03236300980059744,0.03732793522267207
BA-TOS-LS-AUTO,EFRGP01_01,crop06,10724,251,0.7742940727550242,12175,12261,15638,1,1,2.006820589316898,0.2754261479487807
BA-TOS-LS-AUTO,EFRGP01_01,crop06,10732,245,0.9306652490886999,12255,12459,12964,1,1,0.029792916057421726,0.04053294806966851
BA-TOS-LS-AUTO,EFRGP01_01,crop06,10735,253,0.9312381673608482,12297,12492,13010,1,1,0.047579194467761154,0.04146653858469421
BA-TOS-LS-AUTO,EFRGP01_01,crop06,10740,252,0.9286258379037172,12191,12434,12885,1,1,0.04454115418328765,0.03627151359176452
BA-TOS-LS-AUTO,EFRGP01_01,crop06,10747,254,0.9349744542498839,12078,12243,12753,1,1,0.1354301592282362,0.04165645675079637
BA-TOS-LS-AUTO,EFRGP01_01,crop06,10762,259,0.9381099922540667,12111,12271,12750,1,1,0.07854592847492627,0.03903512346182055
BA-TOS-LS-AUTO,EFRGP01_01,crop06,10769,257,0.7535855588526211,12190,12327,16039,1,1,3.376523988090794,0.30112760606798084
BA-TOS-LS-AUTO,EFRGP01_01,crop06,10775,263,0.8005940594059406,12129,12260,15019,1,1,2.1333112593542443,0.22504078303425776
BA-TOS-LS-AUTO,EFRGP01_01,crop06,10780,265,0.9296516439696035,12356,12495,13152,1,1,0.06534463510953475,0.05258103241296518
BA-TOS-LS-AUTO,EFRGP01_01,crop06,10782,260,0.9400228050171038,12366,12480,13041,1,1,0.0809341653077044,0.04495192307692308
BA-TOS-LS-AUTO,EFRGP01_01,crop06,10785,262,0.940148670396199,12268,12452,12865,1,1,0.09052114214706201,0.03316736267266303
BA-TOS-LS-AUTO,EFRGP01_01,crop06,10787,269,0.9391710717842642,12259,12435,12877,1,1,0.03029653272850853,0.035544833132287894
BA-TOS-LS-AUTO,EFRGP01_01,crop06,10788,267,0.6028748037676609,12289,12411,20262,1,0,7.734247736974809,0.6325839980662316
BA-TOS-LS-AUTO,EFRGP01_01,crop06,10793,266,0.9286942222886614,12425,12643,13161,1,1,0.073992611089433,0.0409712884600174
BA-TOS-LS-AUTO,EFRGP01_01,crop06,10795,264,0.9139359558110025,12244,12372,13269,1,1,0.600702570723959,0.07250242483026188
BA-TOS-LS-AUTO,EFRGP01_01,crop06,10799,270,0.9239634785211794,12346,12558,13150,1,1,0.057569417126570675,0.04714126453256888
BA-TOS-LS-AUTO,EFRGP01_01,crop06,10804,275,0.9371350572533556,12358,12497,13048,1,1,0.07642837482256244,0.04409058173961751
BA-TOS-LS-AUTO,EFRGP01_01,crop06,10810,276,0.9388964888280894,12354,12527,12985,1,1,0.03983756161173533,0.03656102817913307
BA-TOS-LS-AUTO,EFRGP01_01,crop06,10813,286,0.9340642490224642,12183,12403,12823,1,1,0.11857091507700249,0.03386277513504797
BA-TOS-LS-AUTO,EFRGP01_01,crop06,10814,277,0.9359318652650963,12198,12387,12844,1,1,0.11073709940416883,0.036893517397271335
BA-TOS-LS-AUTO,EFRGP01_01,crop06,10815,273,0.9441069258809235,12432,12511,13089,1,1,0.062065477926299885,0.04619934457677244
BA-TOS-LS-AUTO,EFRGP01_01,crop06,10819,282,0.6844044893628901,12257,12296,17870,1,0,2.91852389148484,0.4533181522446324
BA-TOS-LS-AUTO,EFRGP01_01,crop06,10826,287,0.7723051825825072,12309,12446,15801,1,1,2.196702478030978,0.26956451872087417
BA-TOS-LS-AUTO,EFRGP01_01,crop06,10840,294,0.9326952065119084,12375,12560,13083,1,1,0.04929006381209929,0.04164012738853503
BA-TOS-LS-AUTO,EFRGP01_01,crop06,10841,292,0.9310946027895695,12283,12473,13002,1,1,0.0687801814133094,0.042411609075603304
BA-TOS-LS-AUTO,EFRGP01_01,crop06,10842,295,0.945531914893617,12221,12311,12835,1,1,0.087778395020087,0.042563561042969704
BA-TOS-LS-AUTO,EFRGP01_01,crop06,10846,296,0.6832987610024107,12188,12371,17654,1,0,5.450736100038264,0.4270471263438687
BA-TOS-LS-AUTO,EFRGP01_01,crop06,10860,298,0.7710903117833013,12440,12573,16000,1,1,3.239975492338463,0.27256820170206
BA-TOS-LS-AUTO,EFRGP01_01,crop06,10871,300,0.9337553363756809,12686,12861,13411,1,1,0.05652105921175236,0.04276494829328979
BA-TOS-LS-AUTO,EFRGP01_01,crop06,10872,297,0.9301667659321025,12494,12728,13198,1,1,0.08056669057596309,0.036926461345066
BA-TOS-LS-AUTO,EFRGP01_01,crop06,10873,301,0.9384627058198649,12368,12505,13042,1,1,0.07166735833180458,0.04294282287085166
BA-TOS-LS-AUTO,EFRGP01_01,crop06,10874,314,0.9431616341030196,12213,12340,12822,1,1,0.04774220491153683,0.03905996758508914
BA-TOS-LS-AUTO,EFRGP01_01,crop06,10883,302,0.9342779620138679,12396,12522,13142,1,1,0.1152085082434298,0.049512857371026994
BA-TOS-LS-AUTO,EFRGP01_01,crop06,10884,303,0.9404271844660195,12108,12282,12701,1,1,0.06534913157011878,0.0341149649894154
BA-TOS-LS-AUTO,EFRGP01_01,crop06,10886,316,0.9303593366093366,12117,12298,12843,1,1,0.05064771300156806,0.04431614896731176
BA-TOS-LS-AUTO,EFRGP01_01,crop06,10891,306,0.9316469321851453,12117,12298,12825,1,1,0.07684963207320003,0.042852496340868435
BA-TOS-LS-AUTO,EFRGP01_01,crop06,10892,309,0.817490242773037,12358,12451,15024,1,1,1.9703468590258983,0.20665006826760904
BA-TOS-LS-AUTO,EFRGP01_01,crop06,10893,308,0.9360594226204151,12224,12413,12870,1,1,0.15992341067964744,0.03681624103762185
BA-TOS-LS-AUTO,EFRGP01_01,crop06,10894,313,0.9282719719490815,12178,12364,12933,1,1,0.0999278551992099,0.04602070527337431
BA-TOS-LS-AUTO,EFRGP01_01,crop06,10895,310,0.8048006347946836,12171,12310,14984,1,1,2.1177739319204223,0.2172217709179529
BA-TOS-LS-AUTO,EFRGP01_01,crop06,10900,319,0.9420943930237895,12316,12447,12942,1,1,0.0475417377768811,0.03976861894432393
BA-TOS-LS-AUTO,EFRGP01_01,crop06,10903,321,0.6322872285150161,12169,12318,19097,1,0,6.916519764284097,0.550332846241273
BA-TOS-LS-AUTO,EFRGP01_01,crop06,10904,311,0.9381685759805781,12366,12507,13040,1,1,0.04810766762938867,0.042616134964419926
BA-TOS-LS-AUTO,EFRGP01_01,crop06,10905,315,0.6120812632200305,12443,12514,20258,1,0,7.136717683661101,0.6188269138564807
BA-TOS-LS-AUTO,EFRGP01_01,crop06,10910,318,0.9303919303919304,12083,12322,12748,1,1,0.06694622700573441,0.03457230968998539
BA-TOS-LS-AUTO,EFRGP01_01,crop06,10919,327,0.7238547180142362,11898,11981,16354,1,0,1.7891736970340542,0.3649945747433436
BA-TOS-LS-AUTO,EFRGP01_01,crop06,10926,329,0.9423568606182692,12163,12319,12751,1,1,0.09633409333613231,0.03506778147576914
BA-TOS-LS-AUTO,EFRGP01_01,crop06,10938,328,0.9278036136311657,12170,12405,12882,1,1,0.06831999487451812,0.03845223700120919
BA-TOS-LS-AUTO,EFRGP01_01,crop06,10960,338,0.7526018808777429,12004,12116,15838,1,1,2.330349723288039,0.3071970947507428
BA-TOS-LS-AUTO,EFRGP01_01,crop06,10962,336,0.9400900201769362,12114,12273,12727,1,1,0.02924164718084034,0.03699177055324696
BA-TOS-LS-AUTO,EFRGP01_01,crop06,10963,339,0.9291338582677166,12154,12400,12835,1,1,0.057478533659132795,0.03508064516129032
BA-TOS-LS-AUTO,EFRGP01_01,crop06,10964,346,0.9414983813781409,12215,12339,12850,1,1,0.05271011232092479,0.04141340465191669
BA-TOS-LS-AUTO,EFRGP01_01,crop06,10967,337,0.9355504587155963,12237,12426,12891,1,1,0.11860983879952124,0.0374215354901014
BA-TOS-LS-AUTO,EFRGP01_01,crop06,10968,342,0.5712628208103216,12309,12404,21452,1,0,7.839807249360066,0.7294421154466301
BA-TOS-LS-AUTO,EFRGP01_01,crop06,10975,347,0.5422653151167915,12304,12499,22495,1,0,8.921698907085997,0.7997439795183615
BA-TOS-LS-AUTO,EFRGP01_01,crop06,10986,345,0.9492436458573293,12362,12502,12883,1,1,0.031532778582278875,0.030475123980163173
BA-TOS-LS-AUTO,EFRGP01_01,crop06,10988,352,0.6463538601465946,12081,12244,18528,1,0,5.76967511093568,0.5132309702711532
BA-TOS-LS-AUTO,EFRGP01_01,crop06,10989,362,0.882068667051356,12229,12303,13790,1,1,1.3130100616041027,0.12086482971632935
BA-TOS-LS-AUTO,EFRGP01_01,crop06,10990,348,0.9324977348233162,12350,12490,13104,1,1,0.06943176451713463,0.049159327461969576
BA-TOS-LS-AUTO,EFRGP01_01,crop06,10994,351,0.8432681718061674,12251,12403,14376,1,1,1.7431691015257098,0.15907441747964202
BA-TOS-LS-AUTO,EFRGP01_01,crop06,10995,355,0.6198603963927243,12166,12303,19490,1,0,6.628567340009723,0.5841664634641958
BA-TOS-LS-AUTO,EFRGP01_01,crop06,10996,356,0.5800125889701254,11979,12109,20523,1,0,5.166368201698061,0.694855066479478
BA-TOS-LS-AUTO,EFRGP01_01,crop06,11700,42,0.755982905982906,12383,12473,16290,1,1,3.956741031032831,0.30602100537160265
BA-TOS-LS-AUTO,EFRGP01_01,crop06,11701,46,0.7446419873356064,12230,12335,16319,1,0,4.0443834138671715,0.32298338062424
BA-TOS-LS-AUTO,EFRGP01_01,crop06,11702,32,0.678629416046134,12121,12239,17743,1,0,4.067893825911274,0.449709943622845
BA-TOS-LS-AUTO,EFRGP01_01,crop06,11704,44,0.6900873312918226,12169,12268,17535,1,0,5.136219450403814,0.4293283338767525
BA-TOS-LS-AUTO,EFRGP01_01,crop06,11705,45,0.9430681643329744,12258,12389,12867,1,1,0.018787294850581643,0.03858261360884656
BA-TOS-LS-AUTO,EFRGP01_01,crop06,11706,59,0.9077871897755981,12217,12315,13360,1,1,0.7278878935746391,0.08485586682907025
BA-TOS-LS-AUTO,EFRGP01_01,crop06,11707,68,0.9420122887864824,12265,12413,12872,1,1,0.03817670337447274,0.0369773624426005
BA-TOS-LS-AUTO,EFRGP01_01,crop06,11710,76,0.9354418747128197,12215,12371,12902,1,1,0.09555095453721732,0.042922964998787484
BA-TOS-LS-AUTO,EFRGP01_01,crop06,11711,88,0.9388838337882924,12382,12548,13022,1,1,0.03547528593745979,0.037774944214217406
BA-TOS-LS-AUTO,EFRGP01_01,crop06,11712,89,0.8202254598193685,12442,12530,15081,1,1,1.9700921581116295,0.20359138068635274
BA-TOS-LS-AUTO,EFRGP01_01,crop06,11715,94,0.9393446432721357,12126,12286,12749,1,1,0.11462694173891047,0.03768517011232297
BA-TOS-LS-AUTO,EFRGP01_01,crop06,11716,115,0.7409313725490196,12092,12161,16251,1,0,1.91874819370142,0.3363210262313954
BA-TOS-LS-AUTO,EFRGP01_01,crop06,11717,111,0.6189194678582309,12189,12336,19547,1,0,8.123903839463424,0.5845492866407264
BA-TOS-LS-AUTO,EFRGP01_01,crop06,11718,116,0.9441770186335404,12161,12273,12768,1,1,0.06777642681790003,0.04033243705695429
BA-TOS-LS-AUTO,EFRGP01_01,crop06,11722,124,0.9437915571362301,12207,12328,12813,1,1,0.11287621485601206,0.039341336794289423
BA-TOS-LS-AUTO,EFRGP01_01,crop06,11723,135,0.9384674624566808,12186,12302,12869,1,1,0.037997361554810406,0.04609006665582832
BA-TOS-LS-AUTO,EFRGP01_01,crop06,11725,128,0.934734258762175,12188,12381,12846,1,1,0.11582279404771878,0.03755754785558517
BA-TOS-LS-AUTO,EFRGP01_01,crop06,11726,145,0.926482748252274,12325,12562,13066,1,1,0.08041585888090573,0.040120999840789685
BA-TOS-LS-AUTO,EFRGP01_01,crop06,11731,157,0.7336516378580926,12139,12181,16504,1,0,1.980021284551649,0.3548969706920614
BA-TOS-LS-AUTO,EFRGP01_01,crop06,11733,168,0.9363243909959914,12146,12274,12844,1,1,0.04487908430509891,0.04643962848297214
BA-TOS-LS-AUTO,EFRGP01_01,crop06,11734,165,0.9426654467825557,12364,12485,12995,1,1,0.07110739554076663,0.0408490188225871
BA-TOS-LS-AUTO,EFRGP01_01,crop06,11736,169,0.937328662808407,12309,12439,13002,1,1,0.13415131429750618,0.04526087306053541
BA-TOS-LS-AUTO,EFRGP01_01,crop06,11738,172,0.9328571428571428,12407,12654,13053,1,1,0.0424865596125487,0.03153153153153153
BA-TOS-LS-AUTO,EFRGP01_01,crop06,11739,179,0.9455105973025049,12268,12379,12864,1,1,0.027884095727049044,0.03917925519024154
BA-TOS-LS-AUTO,EFRGP01_01,crop06,11740,189,0.9432179099852815,12176,12332,12753,1,1,0.01645091513923463,0.034138825819007464
BA-TOS-LS-AUTO,EFRGP01_01,crop06,11741,187,0.9309168120118299,12276,12389,13074,1,1,0.10004288098757479,0.05529098393736379
BA-TOS-LS-AUTO,EFRGP01_01,crop06,11744,201,0.9333785004516711,12399,12504,13179,1,1,0.021485857403251648,0.053982725527831094
BA-TOS-LS-AUTO,EFRGP01_01,crop06,11745,199,0.9335306168905076,12303,12488,12994,1,1,0.06849650820798112,0.04051889814221653
BA-TOS-LS-AUTO,EFRGP01_01,crop06,11747,207,0.8011013069727327,12075,12234,14914,1,1,2.1474078160688927,0.21906163151871832
BA-TOS-LS-AUTO,EFRGP01_01,crop06,11748,217,0.9383462097452765,12267,12388,12952,1,1,0.03092081959798508,0.045527930255085565
BA-TOS-LS-AUTO,EFRGP01_01,crop06,11749,213,0.9311284341179141,12303,12464,13052,1,1,0.04457748702987815,0.04717586649550706
BA-TOS-LS-AUTO,EFRGP01_01,crop06,11753,231,0.9286973855708043,12113,12354,12802,1,1,0.1313365645779347,0.03626355836166424
BA-TOS-LS-AUTO,EFRGP01_01,crop06,11754,227,0.9427606844164812,12287,12467,12853,1,1,0.09000553323826659,0.030961738990936072
BA-TOS-LS-AUTO,EFRGP01_01,crop06,11755,242,0.9377320544554455,12123,12277,12774,1,1,0.06370286171874541,0.040482202492465584
BA-TOS-LS-AUTO,EFRGP01_01,crop06,11756,244,0.9474955207603023,12163,12258,12742,1,1,0.0688738079728103,0.03948441833904389
BA-TOS-LS-AUTO,EFRGP01_01,crop06,11758,250,0.7942313995411341,12116,12274,15097,1,1,2.1959348166290913,0.2299983705393515
BA-TOS-LS-AUTO,EFRGP01_01,crop06,11762,258,0.9322541046493785,12151,12299,12886,1,1,0.12819037706038908,0.04772745751687129
BA-TOS-LS-AUTO,EFRGP01_01,crop06,11763,261,0.9359257286355681,12299,12437,13003,1,1,0.04521127036255897,0.04550936721074214
BA-TOS-LS-AUTO,EFRGP01_01,crop06,11764,272,0.9297396913153652,12108,12332,12799,1,1,0.02174768938032,0.03786895880635745
BA-TOS-LS-AUTO,EFRGP01_01,crop06,11766,281,0.9330442451859474,12695,12849,13452,1,1,0.05775253195627293,0.046929722157366335
BA-TOS-LS-AUTO,EFRGP01_01,crop06,11767,274,0.9450142669854246,12254,12372,12849,1,1,0.05962579867934768,0.038554801163918524
BA-TOS-LS-AUTO,EFRGP01_01,crop06,11768,284,0.7331162047563449,11930,12018,16185,1,0,2.0353215105042004,0.3467299051422866
BA-TOS-LS-AUTO,EFRGP01_01,crop06,11769,285,0.9375476589903919,12295,12469,12940,1,1,0.023127161960674773,0.03777367872323362
BA-TOS-LS-AUTO,EFRGP01_01,crop06,11774,299,0.937207338604437,12209,12350,12886,1,1,0.06820302861797531,0.04340080971659919
BA-TOS-LS-AUTO,EFRGP01_01,crop06,11776,305,0.9344386403209932,12343,12511,13041,1,1,0.11570005293051139,0.04236272080569099
BA-TOS-LS-AUTO,EFRGP01_01,crop06,11777,312,0.9274689045406863,12378,12574,13150,1,1,0.11107875929252256,0.04580881183394306
BA-TOS-LS-AUTO,EFRGP01_01,crop06,11782,333,0.9326696557489171,12273,12440,12992,1,1,0.054397867344637835,0.044372990353697746
BA-TOS-LS-AUTO,EFRGP01_01,crop06,11783,334,0.933801633961976,12230,12450,12877,1,1,0.05827080061962157,0.03429718875502008
BA-TOS-LS-AUTO,EFRGP01_01,crop06,11784,344,0.5763771385598797,12263,12470,21069,1,0,7.571385814333006,0.6895749799518845
BA-TOS-LS-AUTO,EFRGP01_01,crop06,11787,361,0.9260826846043383,12253,12307,13177,1,1,0.36298717159041693,0.07069147639554725
BA-TOS-LS-AUTO,EFRGP01_01,crop06,11788,365,0.8066179349954314,12359,12466,15215,1,1,2.0990634040375395,0.2205198138937911
BA-TOS-LS-AUTO,EFRGP01_01,crop06,11791,360,0.8316056840804559,12114,12232,14449,1,1,2.390057943194068,0.18124591236102028
BA-TOS-LS-AUTO,EFRGP01_00,crop07,8176,23,0.7590819755278007,11973,12082,15664,1,1,3.829941062923583,0.2964740936930972
BA-TOS-LS-AUTO,EFRGP01_00,crop07,8183,22,0.9156939040207522,12002,12112,12997,1,1,0.5500400482157122,0.07306803170409511
BA-TOS-LS-AUTO,EFRGP01_00,crop07,8185,26,0.8547660311958406,12330,12409,14346,1,1,1.4534590943138632,0.1560963816584737
BA-TOS-LS-AUTO,EFRGP01_00,crop07,8186,29,0.8092105263157895,12177,12257,14968,1,1,1.721777946059681,0.22117973402953414
BA-TOS-LS-AUTO,EFRGP01_00,crop07,8187,31,0.828092959671907,12115,12191,14554,1,1,2.4272209996125063,0.1938315150520876
BA-TOS-LS-AUTO,EFRGP01_00,crop07,8190,25,0.8586802605494195,12128,12242,14010,1,1,1.6554314964472345,0.14442084626694984
BA-TOS-LS-AUTO,EFRGP01_00,crop07,8195,34,0.8534398206529354,12182,12293,14163,1,1,2.0434353973202737,0.15211909216627348
BA-TOS-LS-AUTO,EFRGP01_00,crop07,8198,39,0.8844836382187887,12136,12249,13608,1,1,1.378020569077542,0.1109478324761205
BA-TOS-LS-AUTO,EFRGP01_00,crop07,8202,43,0.9460916442048517,11934,12042,12506,1,1,0.11707010857553281,0.038531805347948846
BA-TOS-LS-AUTO,EFRGP01_00,crop07,8204,44,0.9560203594719262,12021,12156,12439,1,1,0.07838018650708423,0.023280684435669628
BA-TOS-LS-AUTO,EFRGP01_00,crop07,8205,35,0.8314016907553858,12195,12266,14597,1,1,2.962608142004413,0.19003750203815425
BA-TOS-LS-AUTO,EFRGP01_00,crop07,8208,40,0.7725858675639642,12169,12319,15601,1,1,4.567442737412623,0.26641772871174607
BA-TOS-LS-AUTO,EFRGP01_00,crop07,8212,36,0.9489335201619181,12190,12302,12734,1,1,0.009176777774118816,0.03511624126158348
BA-TOS-LS-AUTO,EFRGP01_00,crop07,8213,38,0.5322524558810745,12245,12361,22890,1,0,6.951254189303521,0.8517919262195616
BA-TOS-LS-AUTO,EFRGP01_00,crop07,8222,45,0.7118483971899168,12058,12223,16774,1,0,5.418653812946001,0.37233085167307534
BA-TOS-LS-AUTO,EFRGP01_00,crop07,8229,48,0.9505028284098052,12098,12246,12580,1,1,0.05331663481310671,0.027274211987587785
BA-TOS-LS-AUTO,EFRGP01_00,crop07,8230,41,0.6216216216216216,12190,12295,19505,1,0,6.893743997135331,0.5864172427816186
BA-TOS-LS-AUTO,EFRGP01_00,crop07,8231,42,0.9490340819852364,12085,12234,12585,1,1,0.04834295696477082,0.028690534575772437
BA-TOS-LS-AUTO,EFRGP01_00,crop07,8232,46,0.6188315943343918,12277,12367,19749,1,0,7.720066215708694,0.5969111344707689
BA-TOS-LS-AUTO,EFRGP01_00,crop07,8239,47,0.9516064737303676,11936,12067,12412,1,1,0.07249856031556205,0.028590370431756027
BA-TOS-LS-AUTO,EFRGP01_00,crop07,8243,55,0.9537405413838833,12226,12326,12719,1,1,0.06599477685792883,0.031883822813564826
BA-TOS-LS-AUTO,EFRGP01_00,crop07,8244,51,0.9514547878597757,12132,12306,12577,1,1,0.05553509925567267,0.022021777994474242
BA-TOS-LS-AUTO,EFRGP01_00,crop07,8251,60,0.8437174411335695,12147,12258,14286,1,1,2.7739657999822445,0.16544297601566324
BA-TOS-LS-AUTO,EFRGP01_00,crop07,8253,62,0.9565898761949537,12208,12313,12657,1,1,0.051435014734771696,0.02793795175830423
BA-TOS-LS-AUTO,EFRGP01_00,crop07,8254,56,0.6049283379431732,12029,12118,19796,1,0,9.619490789448566,0.633602904769764
BA-TOS-LS-AUTO,EFRGP01_00,crop07,8256,53,0.8798489030945809,12112,12218,13660,1,1,1.56550339875059,0.11802258962186937
BA-TOS-LS-AUTO,EFRGP01_00,crop07,8257,54,0.9540338449429359,12121,12260,12566,1,1,0.050402725647499716,0.024959216965742253
BA-TOS-LS-AUTO,EFRGP01_00,crop07,8260,72,0.9505902587757017,12159,12300,12650,1,1,0.10371952976731873,0.028455284552845527
BA-TOS-LS-AUTO,EFRGP01_00,crop07,8261,59,0.9487862176977291,12116,12281,12605,1,1,0.05718774312787879,0.026382216431886655
BA-TOS-LS-AUTO,EFRGP01_00,crop07,8263,64,0.9530782553928515,12106,12224,12584,1,1,0.08523860998591118,0.029450261780104712
BA-TOS-LS-AUTO,EFRGP01_00,crop07,8264,67,0.6712045974446242,12030,12131,17822,1,0,7.357548411968616,0.46912867859203694
BA-TOS-LS-AUTO,EFRGP01_00,crop07,8267,65,0.9535812133072407,12182,12239,12718,1,1,0.04884612934588162,0.039137184410491056
BA-TOS-LS-AUTO,EFRGP01_00,crop07,8272,71,0.9436194895591647,12201,12325,12806,1,1,0.038181614073514586,0.039026369168357
BA-TOS-LS-AUTO,EFRGP01_00,crop07,8273,74,0.9432624113475178,12103,12252,12682,1,1,0.03552778408782508,0.03509631080639895
BA-TOS-LS-AUTO,EFRGP01_00,crop07,8274,66,0.9514479743970026,12189,12329,12671,1,1,0.10169393892863685,0.027739476032119393
BA-TOS-LS-AUTO,EFRGP01_00,crop07,8275,80,0.96244872199432,12200,12257,12619,1,1,0.061014770950548844,0.029534143754589213
BA-TOS-LS-AUTO,EFRGP01_00,crop07,8279,75,0.9544495663723729,12216,12318,12697,1,1,0.028746564985673597,0.030767981815229745
BA-TOS-LS-AUTO,EFRGP01_00,crop07,8281,77,0.9530133581857719,12271,12350,12797,1,1,0.06706547141125703,0.036194331983805665
BA-TOS-LS-AUTO,EFRGP01_00,crop07,8282,73,0.9466015655273967,12214,12355,12762,1,1,0.09955522063157464,0.03294212869283691
BA-TOS-LS-AUTO,EFRGP01_00,crop07,8285,70,0.9593228309428639,12240,12367,12632,1,1,0.0416456615716518,0.021427993854613085
BA-TOS-LS-AUTO,EFRGP01_00,crop07,8297,78,0.95730908530477,12423,12542,12858,1,1,0.10454824551080259,0.025195343645351618
BA-TOS-LS-AUTO,EFRGP01_00,crop07,8299,81,0.9507151741293532,12230,12413,12681,1,1,0.09528571298496123,0.02159026826713929
BA-TOS-LS-AUTO,EFRGP01_00,crop07,8304,85,0.956771201760591,12173,12266,12630,1,1,0.049500578374944586,0.029675525843795857
BA-TOS-LS-AUTO,EFRGP01_00,crop07,8313,82,0.9397857689364958,12283,12512,12841,1,1,0.08507358908857483,0.026294757033248083
BA-TOS-LS-AUTO,EFRGP01_00,crop07,8314,84,0.9574855514211068,12094,12206,12519,1,1,0.04314256970945341,0.02564312633131247
BA-TOS-LS-AUTO,EFRGP01_00,crop07,8317,87,0.9519907228449942,12314,12411,12838,1,1,0.05167253283588928,0.03440496333897349
BA-TOS-LS-AUTO,EFRGP01_00,crop07,8320,88,0.7339689094000486,12087,12179,16376,1,0,4.7249920441909605,0.3446095738566385
BA-TOS-LS-AUTO,EFRGP01_00,crop07,8330,93,0.9532159144519579,12123,12240,12601,1,1,0.06792928668059157,0.02949346405228758
BA-TOS-LS-AUTO,EFRGP01_00,crop07,8331,89,0.9526010654967095,12159,12274,12649,1,1,0.05483827890161253,0.03055238715985009
BA-TOS-LS-AUTO,EFRGP01_00,crop07,8332,100,0.9536655523594807,12267,12387,12743,1,1,0.05499023513521982,0.028739807863082265
BA-TOS-LS-AUTO,EFRGP01_00,crop07,8334,98,0.9531312166786027,11978,12089,12456,1,1,0.08940467012933835,0.03035817685499214
BA-TOS-LS-AUTO,EFRGP01_00,crop07,8340,97,0.7928284310597843,12426,12507,15592,1,1,1.4707183410724434,0.24666186935316223
BA-TOS-LS-AUTO,EFRGP01_00,crop07,8341,91,0.9542014511976281,12230,12308,12739,1,1,0.08237785813138362,0.03501787455313617
BA-TOS-LS-AUTO,EFRGP01_00,crop07,8342,92,0.956882255389718,12117,12216,12564,1,1,0.04032397784519126,0.02848722986247544
BA-TOS-LS-AUTO,EFRGP01_00,crop07,8346,94,0.9570842537077943,12132,12189,12619,1,1,0.02031538368894077,0.035277709410123884
BA-TOS-LS-AUTO,EFRGP01_00,crop07,8349,99,0.6925095555935877,12139,12219,17449,1,0,5.054529973370203,0.42802193305507813
BA-TOS-LS-AUTO,EFRGP01_00,crop07,8357,109,0.9580056621579113,12182,12333,12565,1,1,0.04459431022557006,0.018811319224843914
BA-TOS-LS-AUTO,EFRGP01_00,crop07,8358,113,0.7625117739403454,12143,12345,15723,1,1,4.21484709427058,0.27363304981773995
BA-TOS-LS-AUTO,EFRGP01_00,crop07,8359,108,0.9527378885908159,12075,12243,12506,1,1,0.04553257297315227,0.021481662991096953
BA-TOS-LS-AUTO,EFRGP01_00,crop07,8364,110,0.9493166731745412,12156,12268,12693,1,1,0.08124420014284708,0.034642973589827195
BA-TOS-LS-AUTO,EFRGP01_00,crop07,8367,115,0.8735107369622601,12244,12338,13923,1,1,1.8337624613560275,0.12846490517101639
BA-TOS-LS-AUTO,EFRGP01_00,crop07,8370,117,0.9458104933437744,12078,12201,12647,1,1,0.06691286970826635,0.03655438078845996
BA-TOS-LS-AUTO,EFRGP01_00,crop07,8372,120,0.9545347282309447,12135,12253,12595,1,1,0.046231664413804704,0.027911531869746185
BA-TOS-LS-AUTO,EFRGP01_00,crop07,8375,116,0.9602259167926179,12071,12119,12523,1,1,0.0871636395523501,0.03333608383529994
BA-TOS-LS-AUTO,EFRGP01_00,crop07,8376,118,0.9462813043807218,12507,12617,13107,1,1,0.05919854630565656,0.038836490449393676
BA-TOS-LS-AUTO,EFRGP01_00,crop07,8378,124,0.8349480968858132,12065,12235,14280,1,1,2.590404888110427,0.16714344094809971
BA-TOS-LS-AUTO,EFRGP01_00,crop07,8380,127,0.9549803921568627,12176,12329,12597,1,1,0.09977737384544738,0.02173736718306432
BA-TOS-LS-AUTO,EFRGP01_00,crop07,8384,122,0.9499649286883329,12189,12305,12715,1,1,0.02944805969165212,0.033319788703778955
BA-TOS-LS-AUTO,EFRGP01_00,crop07,8385,123,0.9476817042606517,12100,12260,12608,1,1,0.037481681828298,0.02838499184339315
BA-TOS-LS-AUTO,EFRGP01_00,crop07,8391,125,0.9416525358409126,12217,12381,12810,1,1,0.09762839270192497,0.0346498667312818
BA-TOS-LS-AUTO,EFRGP01_00,crop07,8396,128,0.9505367793240557,11953,12082,12446,1,1,0.03232133192215095,0.030127462340672075
BA-TOS-LS-AUTO,EFRGP01_00,crop07,8406,129,0.9497702671131532,12196,12269,12768,1,1,0.08860350819239068,0.04067161137827044
BA-TOS-LS-AUTO,EFRGP01_00,crop07,8407,136,0.9550205891669307,12060,12204,12484,1,1,0.08025897678028455,0.022943297279580464
BA-TOS-LS-AUTO,EFRGP01_00,crop07,8411,137,0.9402927282583443,12142,12256,12799,1,1,0.06308571507047364,0.04430483028720627
BA-TOS-LS-AUTO,EFRGP01_00,crop07,8415,131,0.9537240729101194,12139,12224,12643,1,1,0.07384141823499529,0.03427683246073299
BA-TOS-LS-AUTO,EFRGP01_00,crop07,8416,130,0.9569474665837737,12314,12393,12789,1,1,0.06657451518637358,0.03195352214960058
BA-TOS-LS-AUTO,EFRGP01_00,crop07,8417,143,0.9625167336010709,12223,12319,12603,1,1,0.0505919881800587,0.023053819303514897
BA-TOS-LS-AUTO,EFRGP01_00,crop07,8418,133,0.9611711288554877,12278,12325,12727,1,1,0.06632283947756731,0.032616632860040566
BA-TOS-LS-AUTO,EFRGP01_00,crop07,8419,132,0.9513996889580093,12235,12356,12739,1,1,0.10719737663484821,0.030997086435739722
BA-TOS-LS-AUTO,EFRGP01_00,crop07,8420,134,0.9544774356147121,12119,12240,12576,1,1,0.03807919894852105,0.027450980392156862
BA-TOS-LS-AUTO,EFRGP01_00,crop07,8429,146,0.8250877313699856,11991,12169,14355,1,1,2.8359303006901793,0.1796367819870162
BA-TOS-LS-AUTO,EFRGP01_00,crop07,8430,140,0.9526585269791257,12094,12212,12577,1,1,0.11784594384347222,0.02988863413036358
BA-TOS-LS-AUTO,EFRGP01_00,crop07,8431,144,0.8632960136917921,12106,12216,13913,1,1,1.638235660715821,0.1389161755075311
BA-TOS-LS-AUTO,EFRGP01_00,crop07,8435,141,0.6513890390228083,12052,12194,18360,1,0,5.881019144680182,0.5056585205838937
BA-TOS-LS-AUTO,EFRGP01_00,crop07,8438,142,0.9603338632750398,12081,12167,12494,1,1,0.07890740775375382,0.026875976000657515
BA-TOS-LS-AUTO,EFRGP01_00,crop07,8439,138,0.9551729609647731,12039,12151,12492,1,1,0.05764575601951823,0.028063533865525472
BA-TOS-LS-AUTO,EFRGP01_00,crop07,8441,150,0.9529476670870114,12091,12227,12552,1,1,0.0562504637276292,0.026580518524576758
BA-TOS-LS-AUTO,EFRGP01_00,crop07,8447,157,0.96136927137487,12020,12164,12359,1,1,0.04774627984928509,0.01603091088457744
BA-TOS-LS-AUTO,EFRGP01_00,crop07,8448,155,0.8949326586799613,12027,12166,13300,1,1,0.9714065847677152,0.09321058688147296
BA-TOS-LS-AUTO,EFRGP01_00,crop07,8449,156,0.9489154353976736,12074,12240,12558,1,1,0.08454344563572802,0.025980392156862746
BA-TOS-LS-AUTO,EFRGP01_00,crop07,8450,148,0.9488256338466324,12200,12325,12733,1,1,0.0403681201843146,0.03310344827586207
BA-TOS-LS-AUTO,EFRGP01_00,crop07,8453,154,0.638112973308504,12336,12430,19238,1,0,5.049367253610742,0.5477071600965406
BA-TOS-LS-AUTO,EFRGP01_00,crop07,8455,152,0.9566018095924413,11947,12089,12347,1,1,0.06495497306716129,0.021341715609231534
BA-TOS-LS-AUTO,EFRGP01_00,crop07,8460,158,0.949614840433894,12081,12241,12562,1,1,0.08811576441139841,0.026223347765705417
BA-TOS-LS-AUTO,EFRGP01_00,crop07,8462,159,0.9537358133669609,12101,12231,12558,1,1,0.06807704351448574,0.026735344616139318
BA-TOS-LS-AUTO,EFRGP01_00,crop07,8465,162,0.9412592882283927,12034,12242,12577,1,1,0.04298505507111586,0.027364809671622282
BA-TOS-LS-AUTO,EFRGP01_00,crop07,8466,160,0.9531225420795973,12118,12282,12550,1,1,0.06788623298611533,0.021820550398957826
BA-TOS-LS-AUTO,EFRGP01_00,crop07,8468,164,0.7857643535334226,12331,12408,15616,1,1,3.9077682179813604,0.2585428755641522
BA-TOS-LS-AUTO,EFRGP01_00,crop07,8472,161,0.7413771940591629,12080,12223,16151,1,0,5.381237646635547,0.321361367912951
BA-TOS-LS-AUTO,EFRGP01_00,crop07,8473,165,0.947421875,12127,12246,12681,1,1,0.02986221783824197,0.035521803037726604
BA-TOS-LS-AUTO,EFRGP01_00,crop07,8478,163,0.9511984960050133,12143,12255,12654,1,1,0.05096441868826176,0.03255813953488372
BA-TOS-LS-AUTO,EFRGP01_00,crop07,8484,171,0.9431014380101049,12133,12248,12750,1,1,0.05885625651229291,0.04098628347485304
BA-TOS-LS-AUTO,EFRGP01_00,crop07,8486,166,0.9557950640424867,12238,12323,12719,1,1,0.0660853733988584,0.03213503205388298
BA-TOS-LS-AUTO,EFRGP01_00,crop07,8489,167,0.9425908521303258,12035,12279,12524,1,1,0.047735267383770874,0.019952764883133807
BA-TOS-LS-AUTO,EFRGP01_00,crop07,8495,170,0.9545205479452055,12194,12337,12632,1,1,0.08333672683646336,0.02391181000243171
BA-TOS-LS-AUTO,EFRGP01_00,crop07,8497,175,0.9673384848243448,12143,12216,12480,1,1,0.08049507425730656,0.021611001964636542
BA-TOS-LS-AUTO,EFRGP01_00,crop07,8499,172,0.9588160609427075,12083,12203,12482,1,1,0.06015494673782625,0.02286323035319184
BA-TOS-LS-AUTO,EFRGP01_00,crop07,8507,180,0.8057502596053998,12415,12510,15313,1,1,1.6721984683225637,0.2240607513988809
BA-TOS-LS-AUTO,EFRGP01_00,crop07,8508,181,0.9474670205292327,12138,12294,12655,1,1,0.07783841034410949,0.02936391735806084
BA-TOS-LS-AUTO,EFRGP01_00,crop07,8509,178,0.9566384961693389,12112,12215,12558,1,1,0.040142969743872395,0.028080229226361032
BA-TOS-LS-AUTO,EFRGP01_00,crop07,8515,177,0.9550121482874834,12185,12288,12656,1,1,0.05152909393389615,0.029947916666666668
BA-TOS-LS-AUTO,EFRGP01_00,crop07,8516,174,0.9529225908372828,12064,12215,12509,1,1,0.05520514607888312,0.024068767908309457
BA-TOS-LS-AUTO,EFRGP01_00,crop07,8522,187,0.9539748953974896,12312,12437,12781,1,1,0.049769802613935495,0.02765940339310123
BA-TOS-LS-AUTO,EFRGP01_00,crop07,8523,182,0.9601378338162738,12260,12327,12702,1,1,0.09602532109965663,0.030421027013871987
BA-TOS-LS-AUTO,EFRGP01_00,crop07,8530,189,0.5540226744980195,12168,12234,21897,1,0,9.041686997960676,0.7898479646885729
BA-TOS-LS-AUTO,EFRGP01_00,crop07,8531,183,0.9479475573591385,12147,12269,12692,1,1,0.06782323633686134,0.03447713750101883
BA-TOS-LS-AUTO,EFRGP01_00,crop07,8536,188,0.955679760686452,12140,12218,12625,1,1,0.07847442814324046,0.033311507611720415
BA-TOS-LS-AUTO,EFRGP01_00,crop07,8539,190,0.9523287671232876,12166,12306,12635,1,1,0.033492074866969,0.026734926052332197
BA-TOS-LS-AUTO,EFRGP01_00,crop07,8540,191,0.9547933296451434,12081,12168,12566,1,1,0.06184001028247092,0.03270874424720579
BA-TOS-LS-AUTO,EFRGP01_00,crop07,8541,199,0.9554326353220071,12091,12195,12551,1,1,0.07283071937181003,0.02919229192291923
BA-TOS-LS-AUTO,EFRGP01_00,crop07,8542,198,0.9490122589209027,12154,12250,12711,1,1,0.05186923985883612,0.03763265306122449
BA-TOS-LS-AUTO,EFRGP01_00,crop07,8543,202,0.9505391467416784,12165,12266,12697,1,1,0.05361157489135286,0.03513777922713191
BA-TOS-LS-AUTO,EFRGP01_00,crop07,8544,196,0.9609590661724111,12184,12334,12529,1,1,0.038631908435126885,0.01580995621858278
BA-TOS-LS-AUTO,EFRGP01_00,crop07,8545,194,0.9582323034806414,12251,12331,12705,1,1,0.048961142759824605,0.030330062444246207
BA-TOS-LS-AUTO,EFRGP01_00,crop07,8546,192,0.592378078458094,12171,12285,20432,1,0,7.155669440756052,0.6631664631664632
BA-TOS-LS-AUTO,EFRGP01_00,crop07,8548,203,0.9421231816774992,12176,12322,12778,1,1,0.05140735152354162,0.03700697938646324
BA-TOS-LS-AUTO,EFRGP01_00,crop07,8552,197,0.9630365659777425,12115,12200,12495,1,1,0.06359011463597009,0.02418032786885246
BA-TOS-LS-AUTO,EFRGP01_00,crop07,8559,201,0.9471082162756023,12069,12288,12524,1,1,0.07534890454013385,0.019205729166666668
BA-TOS-LS-AUTO,EFRGP01_00,crop07,8561,206,0.9577386173351408,12011,12192,12360,1,1,0.05546254346504314,0.013779527559055118
BA-TOS-LS-AUTO,EFRGP01_00,crop07,8562,205,0.7479438501020345,12095,12198,16068,1,0,3.836065096553214,0.3172651254303984
BA-TOS-LS-AUTO,EFRGP01_00,crop07,8567,200,0.9538959501065761,12083,12192,12558,1,1,0.05483274284168141,0.030019685039370077
BA-TOS-LS-AUTO,EFRGP01_00,crop07,8572,212,0.9522407068375388,11963,12091,12435,1,1,0.003351646211579852,0.028450913902902986
BA-TOS-LS-AUTO,EFRGP01_00,crop07,8573,204,0.9454362779194683,12233,12397,12775,1,1,0.09548629209031989,0.030491247882552232
BA-TOS-LS-AUTO,EFRGP01_00,crop07,8577,214,0.9425404810564376,11991,12226,12487,1,1,0.05145173769146789,0.021347946998200557
BA-TOS-LS-AUTO,EFRGP01_00,crop07,8581,210,0.9569453174104336,12180,12311,12597,1,1,0.06283858102379365,0.023231256599788808
BA-TOS-LS-AUTO,EFRGP01_00,crop07,8582,216,0.9631263788213048,12224,12298,12618,1,1,0.022771110081460776,0.026020491136770206
BA-TOS-LS-AUTO,EFRGP01_00,crop07,8585,217,0.6838128288368969,12217,12350,17733,1,0,6.335174655301345,0.43587044534412955
BA-TOS-LS-AUTO,EFRGP01_00,crop07,8591,213,0.94745122718691,12044,12156,12600,1,1,0.031448203694584384,0.03652517275419546
BA-TOS-LS-AUTO,EFRGP01_00,crop07,8592,209,0.9509047993705744,12086,12207,12589,1,1,0.07375165252446696,0.03129352011141148
BA-TOS-LS-AUTO,EFRGP01_00,crop07,8593,215,0.9571519087597022,12085,12225,12486,1,1,0.012826932663962396,0.02134969325153374
BA-TOS-LS-AUTO,EFRGP01_00,crop07,8598,211,0.8072545757071548,12129,12292,14862,1,1,3.51461707604522,0.20907907582167262
BA-TOS-LS-AUTO,EFRGP01_00,crop07,8608,220,0.9469773202260237,12234,12407,12746,1,1,0.08254991431437252,0.027323285242201983
BA-TOS-LS-AUTO,EFRGP01_00,crop07,8609,224,0.9545730320036402,12587,12692,13081,1,1,0.11737415499709408,0.030649227860069336
BA-TOS-LS-AUTO,EFRGP01_00,crop07,8612,222,0.9590331188196516,12220,12321,12641,1,1,0.05317223158934908,0.025971917863809757
BA-TOS-LS-AUTO,EFRGP01_00,crop07,8616,228,0.9530180460485377,12252,12380,12728,1,1,0.1031300943579701,0.028109854604200322
BA-TOS-LS-AUTO,EFRGP01_00,crop07,8618,225,0.9529578351164254,12114,12217,12609,1,1,0.021692295554705022,0.03208643693214373
BA-TOS-LS-AUTO,EFRGP01_00,crop07,8619,232,0.9516471420709175,12104,12195,12628,1,1,0.05315246418256258,0.03550635506355063
BA-TOS-LS-AUTO,EFRGP01_00,crop07,8620,230,0.6258164852255055,12072,12217,19145,1,0,7.702013505470609,0.567078660882377
BA-TOS-LS-AUTO,EFRGP01_00,crop07,8623,233,0.9582129188471452,12268,12397,12674,1,1,0.08663065926718366,0.022344115511817374
BA-TOS-LS-AUTO,EFRGP01_00,crop07,8629,226,0.9555468135326515,12145,12246,12609,1,1,0.025753415857502602,0.029642332190102892
BA-TOS-LS-AUTO,EFRGP01_00,crop07,8630,227,0.949585144211774,12017,12180,12492,1,1,0.04479591883286028,0.02561576354679803
BA-TOS-LS-AUTO,EFRGP01_00,crop07,8631,229,0.9546352643641824,12079,12206,12526,1,1,0.05899220362467022,0.026216614779616582
BA-TOS-LS-AUTO,EFRGP01_00,crop07,8635,231,0.9529964747356052,12165,12322,12608,1,1,0.11000915166413161,0.023210517773088784
BA-TOS-LS-AUTO,EFRGP01_00,crop07,8639,238,0.9552368879733798,12057,12264,12415,1,1,0.06091631355752939,0.012312459230267449
BA-TOS-LS-AUTO,EFRGP01_00,crop07,8640,237,0.9638544517791016,11973,12118,12277,1,1,0.025759301529647248,0.013120977058920614
BA-TOS-LS-AUTO,EFRGP01_00,crop07,8644,234,0.8568791708078943,12070,12179,13977,1,1,2.06985030955096,0.14763116840463092
BA-TOS-LS-AUTO,EFRGP01_00,crop07,8650,243,0.9588014981273408,12288,12390,12714,1,1,0.12224798890753058,0.026150121065375304
BA-TOS-LS-AUTO,EFRGP01_00,crop07,8652,246,0.9572981366459627,12330,12455,12755,1,1,0.07571863192011864,0.02408671216378964
BA-TOS-LS-AUTO,EFRGP01_00,crop07,8656,244,0.95559184943226,12287,12369,12776,1,1,0.06006265251413969,0.03290484275204139
BA-TOS-LS-AUTO,EFRGP01_00,crop07,8657,242,0.6871176070700203,12129,12261,17520,1,0,5.867511782167502,0.4289209689258625
BA-TOS-LS-AUTO,EFRGP01_00,crop07,8659,248,0.9393753357378559,12241,12339,12933,1,1,0.43655480384180406,0.04814004376367615
BA-TOS-LS-AUTO,EFRGP01_00,crop07,8661,251,0.9561708860759494,12086,12187,12539,1,1,0.041318669469039525,0.028883236235332732
BA-TOS-LS-AUTO,EFRGP01_00,crop07,8665,245,0.9532475682459993,12152,12249,12651,1,1,0.048195825669372694,0.03281900563311291
BA-TOS-LS-AUTO,EFRGP01_00,crop07,8666,253,0.9530613812706461,12406,12520,12903,1,1,0.08825453613427035,0.030591054313099043
BA-TOS-LS-AUTO,EFRGP01_00,crop07,8669,250,0.9469798130547482,12056,12200,12587,1,1,0.13892479306773242,0.03172131147540984
BA-TOS-LS-AUTO,EFRGP01_00,crop07,8670,247,0.6472855766141985,12090,12185,18583,1,0,5.164328461032752,0.5250718096019696
BA-TOS-LS-AUTO,EFRGP01_00,crop07,8679,249,0.9464592777864624,12109,12286,12617,1,1,0.06473299612600071,0.026941233924792446
BA-TOS-LS-AUTO,EFRGP01_00,crop07,8680,259,0.9481955302850825,12007,12106,12564,1,1,0.05459354399926052,0.03783247976210144
BA-TOS-LS-AUTO,EFRGP01_00,crop07,8681,252,0.9529051026024058,12120,12285,12554,1,1,0.08464324586273936,0.021896621896621896
BA-TOS-LS-AUTO,EFRGP01_00,crop07,8685,262,0.8591797840050822,12172,12245,14094,1,1,2.243755809992761,0.15100040832993059
BA-TOS-LS-AUTO,EFRGP01_00,crop07,8686,263,0.9527232945221537,12192,12318,12671,1,1,0.0972854353331403,0.028657249553498944
BA-TOS-LS-AUTO,EFRGP01_00,crop07,8689,255,0.9437109103544128,12222,12330,12843,1,1,0.014181913986711219,0.041605839416058395
BA-TOS-LS-AUTO,EFRGP01_00,crop07,8694,258,0.9550703008404682,12159,12224,12666,1,1,0.03964351656983606,0.03615837696335079
BA-TOS-LS-AUTO,EFRGP01_00,crop07,8700,269,0.9347641473017834,12108,12190,12871,1,1,0.3262110102563368,0.05586546349466776
BA-TOS-LS-AUTO,EFRGP01_00,crop07,8701,260,0.9433037797480168,12129,12308,12679,1,1,0.0495350690821642,0.03014299642508937
BA-TOS-LS-AUTO,EFRGP01_00,crop07,8702,265,0.9491498740554156,12058,12150,12612,1,1,0.07572688403365313,0.03802469135802469
BA-TOS-LS-AUTO,EFRGP01_00,crop07,8705,264,0.9509742300439975,12104,12252,12580,1,1,0.04233374969047046,0.026771139405811297
BA-TOS-LS-AUTO,EFRGP01_00,crop07,8712,271,0.9513364779874214,12101,12271,12550,1,1,0.035017916065916324,0.022736533289870426
BA-TOS-LS-AUTO,EFRGP01_00,crop07,8714,268,0.9555538318336954,12319,12433,12778,1,1,0.058232223752023755,0.02774873321000563
BA-TOS-LS-AUTO,EFRGP01_00,crop07,8716,274,0.9569502483639517,12137,12187,12633,1,1,0.1520210538704617,0.036596373184540905
BA-TOS-LS-AUTO,EFRGP01_00,crop07,8717,266,0.9565114256345378,12097,12230,12514,1,1,0.04321704678274674,0.023221586263287
BA-TOS-LS-AUTO,EFRGP01_00,crop07,8724,275,0.9611926171320397,12186,12256,12608,1,1,0.07207110447848777,0.028720626631853787
BA-TOS-LS-AUTO,EFRGP01_00,crop07,8725,276,0.9574873096446701,12072,12229,12451,1,1,0.09868222883054564,0.018153569384250553
BA-TOS-LS-AUTO,EFRGP01_00,crop07,8729,279,0.8127736980394799,12064,12237,14670,1,1,1.8917500928626312,0.19882324099043883
BA-TOS-LS-AUTO,EFRGP01_00,crop07,8730,277,0.9539001560062402,12229,12328,12721,1,1,0.10122614737227514,0.031878650227125244
BA-TOS-LS-AUTO,EFRGP01_00,crop07,8737,288,0.9542140337122696,12171,12313,12613,1,1,0.08366150998770812,0.02436449281247462
BA-TOS-LS-AUTO,EFRGP01_00,crop07,8738,278,0.7987689083884487,12198,12365,15104,1,1,3.9367399536519616,0.22151233319854427
BA-TOS-LS-AUTO,EFRGP01_00,crop07,8740,280,0.7876712328767124,12190,12263,15403,1,1,2.9292274209816527,0.25605479898882816
BA-TOS-LS-AUTO,EFRGP01_00,crop07,8742,284,0.9543095312991506,12135,12298,12553,1,1,0.07989312842765314,0.020735078874613757
BA-TOS-LS-AUTO,EFRGP01_00,crop07,8749,285,0.958638988606212,12284,12399,12699,1,1,0.05818219702000285,0.024195499637067505
BA-TOS-LS-AUTO,EFRGP01_00,crop07,8750,290,0.9588695034341201,12146,12258,12555,1,1,0.08360081019262365,0.024229074889867842
BA-TOS-LS-AUTO,EFRGP01_00,crop07,8753,292,0.9533076983441889,12148,12276,12615,1,1,0.06061405954511216,0.02761485826001955
BA-TOS-LS-AUTO,EFRGP01_00,crop07,8754,287,0.9556106534431736,11948,12095,12356,1,1,0.02637521656767044,0.021579164944191816
BA-TOS-LS-AUTO,EFRGP01_00,crop07,8758,293,0.9585455685291121,12232,12290,12703,1,1,0.03142380672559566,0.03360455655004068
BA-TOS-LS-AUTO,EFRGP01_00,crop07,8759,298,0.794893672880021,12111,12213,15134,1,1,3.72144053951435,0.2391713747645951
BA-TOS-LS-AUTO,EFRGP01_00,crop07,8763,296,0.9611388690617813,12119,12229,12499,1,1,0.037421772327559284,0.022078665467331754
BA-TOS-LS-AUTO,EFRGP01_00,crop07,8765,291,0.9594093026928848,12149,12292,12520,1,1,0.07161793031613085,0.01854864952814839
BA-TOS-LS-AUTO,EFRGP01_00,crop07,8768,286,0.9520196031934235,12044,12159,12536,1,1,0.1144522970975357,0.031005839295994736
BA-TOS-LS-AUTO,EFRGP01_00,crop07,8770,297,0.6690334654337297,12155,12255,18068,1,0,5.946226754221237,0.47433700530395756
BA-TOS-LS-AUTO,EFRGP01_00,crop07,8773,294,0.9483043512471477,12052,12151,12610,1,1,0.012185516434503916,0.03777466875154308
BA-TOS-LS-AUTO,EFRGP01_00,crop07,8776,300,0.7301239105946523,12315,12446,16736,1,0,4.287624751118131,0.34468905672505223
BA-TOS-LS-AUTO,EFRGP01_00,crop07,8779,302,0.9469340532202083,12277,12384,12858,1,1,0.024497440810075446,0.03827519379844961
BA-TOS-LS-AUTO,EFRGP01_00,crop07,8780,299,0.959709847827801,12172,12260,12595,1,1,0.06645367134590498,0.02732463295269168
BA-TOS-LS-AUTO,EFRGP01_00,crop07,8783,295,0.9428924216700107,12218,12402,12774,1,1,0.06239532525027068,0.02999516207063377
BA-TOS-LS-AUTO,EFRGP01_00,crop07,8785,303,0.9451044335740353,12172,12340,12711,1,1,0.1001825031639976,0.03006482982171799
BA-TOS-LS-AUTO,EFRGP01_00,crop07,8788,301,0.9607566125107919,12241,12348,12634,1,1,0.0748181265202798,0.0231616456106252
BA-TOS-LS-AUTO,EFRGP01_00,crop07,8790,309,0.9487139272271017,12098,12348,12502,1,1,0.08001447218158012,0.012471655328798186
BA-TOS-LS-AUTO,EFRGP01_00,crop07,8791,311,0.5643748835476058,12116,12293,21291,1,0,9.469907379706529,0.7319612787765395
BA-TOS-LS-AUTO,EFRGP01_00,crop07,8793,306,0.9567052203813692,12242,12332,12706,1,1,0.07484337395132169,0.03032760298410639
BA-TOS-LS-AUTO,EFRGP01_00,crop07,8794,304,0.9577610986905142,11995,12115,12404,1,1,0.03332390408638261,0.023854725546842755
BA-TOS-LS-AUTO,EFRGP01_00,crop07,8795,307,0.9589706819630338,12037,12141,12448,1,1,0.04588295833255352,0.025286220245449305
BA-TOS-LS-AUTO,EFRGP01_00,crop07,8797,314,0.9583398836660902,12192,12290,12624,1,1,0.03411353156129007,0.027176566314076486
BA-TOS-LS-AUTO,EFRGP01_00,crop07,8799,316,0.9506832103031255,12106,12209,12631,1,1,0.054764794125905944,0.03456466541076255
BA-TOS-LS-AUTO,EFRGP01_00,crop07,8800,319,0.9544739738952666,12139,12282,12575,1,1,0.0974658401333638,0.02385604950333822
BA-TOS-LS-AUTO,EFRGP01_00,crop07,8801,317,0.9495614035087719,12124,12258,12634,1,1,0.09054098574440715,0.030673845651819222
BA-TOS-LS-AUTO,EFRGP01_00,crop07,8808,320,0.9492093168185713,12185,12346,12676,1,1,0.08935425166852597,0.02672930503806901
BA-TOS-LS-AUTO,EFRGP01_00,crop07,8809,313,0.9602528644804426,12152,12256,12551,1,1,0.04775672413906153,0.024069843342036552
BA-TOS-LS-AUTO,EFRGP01_00,crop07,8810,310,0.9580890508635715,12093,12223,12492,1,1,0.06556472125254448,0.022007690419700566
BA-TOS-LS-AUTO,EFRGP01_00,crop07,8816,318,0.9596602972399151,12204,12331,12590,1,1,0.0595469311639265,0.021003973724758738
BA-TOS-LS-AUTO,EFRGP01_00,crop07,8827,321,0.9374660141381186,12068,12302,12639,1,1,0.170774275700222,0.027393919687855633
BA-TOS-LS-AUTO,EFRGP01_00,crop07,8828,331,0.9494355961032936,12280,12405,12809,1,1,0.08803276946067323,0.03256751309955663
BA-TOS-LS-AUTO,EFRGP01_00,crop07,8835,325,0.935312668256288,12160,12290,12871,1,1,0.4041386447972315,0.04727420667209113
BA-TOS-LS-AUTO,EFRGP01_00,crop07,8836,334,0.9588746313859887,12031,12145,12433,1,1,0.059170922726604035,0.02371346233017703
BA-TOS-LS-AUTO,EFRGP01_00,crop07,8845,335,0.9498513534658113,12141,12260,12663,1,1,0.06369763105405918,0.032871125611745516
BA-TOS-LS-AUTO,EFRGP01_00,crop07,8846,324,0.9548979268871657,12068,12179,12527,1,1,0.0294283100324738,0.028573774529928566
BA-TOS-LS-AUTO,EFRGP01_00,crop07,8851,333,0.9598601065098163,12076,12182,12475,1,1,0.09361393287512204,0.024051879822689214
BA-TOS-LS-AUTO,EFRGP01_00,crop07,8854,339,0.9577861163227017,12252,12352,12692,1,1,0.06104723529785432,0.027525906735751296
BA-TOS-LS-AUTO,EFRGP01_00,crop07,8855,341,0.9585974798465994,12248,12380,12645,1,1,0.063857135691417,0.021405492730210016
BA-TOS-LS-AUTO,EFRGP01_00,crop07,8862,338,0.936844505243958,12327,12550,12935,1,1,0.03778803501776032,0.030677290836653385
BA-TOS-LS-AUTO,EFRGP01_00,crop07,8863,345,0.9543368154479266,12059,12216,12479,1,1,0.024407497771893882,0.02152914210870989
BA-TOS-LS-AUTO,EFRGP01_00,crop07,8866,336,0.9529448670692495,12151,12242,12660,1,1,0.0394628105246358,0.03414474759026303
BA-TOS-LS-AUTO,EFRGP01_00,crop07,8872,340,0.9485718626557278,12487,12636,13015,1,1,0.044971933972269715,0.02999366888255777
BA-TOS-LS-AUTO,EFRGP01_00,crop07,8873,337,0.8916295701671166,12218,12305,13616,1,1,1.515806865697034,0.10654205607476636
BA-TOS-LS-AUTO,EFRGP01_00,crop07,8876,342,0.9563887363714801,12193,12281,12661,1,1,0.03736066911222253,0.030942105691718916
BA-TOS-LS-AUTO,EFRGP01_00,crop07,8879,343,0.9501577287066246,12048,12206,12522,1,1,0.05256245454674172,0.025888907094871374
BA-TOS-LS-AUTO,EFRGP01_00,crop07,8884,344,0.9520515642194624,12112,12241,12593,1,1,0.05573101723359355,0.028755820602891922
BA-TOS-LS-AUTO,EFRGP01_00,crop07,8885,350,0.9701023450721251,12038,12125,12322,1,1,0.054573614640762644,0.01624742268041237
BA-TOS-LS-AUTO,EFRGP01_00,crop07,8886,351,0.5685307527682144,12220,12338,21376,1,0,8.753546928705305,0.7325336359215432
BA-TOS-LS-AUTO,EFRGP01_00,crop07,8887,346,0.9570537617431121,12123,12229,12561,1,1,0.06862926044628749,0.027148581241311635
BA-TOS-LS-AUTO,EFRGP01_00,crop07,8890,354,0.5915231917280398,12128,12205,20426,1,0,8.95025161400902,0.6735764031134781
BA-TOS-LS-AUTO,EFRGP01_00,crop07,8892,348,0.9514866979655712,12160,12285,12655,1,1,0.045930851479178164,0.030118030118030117
BA-TOS-LS-AUTO,EFRGP01_00,crop07,8896,359,0.963014763014763,12394,12473,12791,1,1,0.029666011573551674,0.02549506934979556
BA-TOS-LS-AUTO,EFRGP01_00,crop07,8899,352,0.8214868170698559,12089,12231,14574,1,1,1.832177397722073,0.19156242335050283
BA-TOS-LS-AUTO,EFRGP01_00,crop07,8900,349,0.6274104327146771,12136,12230,19249,1,0,7.429135704309068,0.5739165985282093
BA-TOS-LS-AUTO,EFRGP01_00,crop07,8903,356,0.9550035711451472,12034,12159,12476,1,1,0.07802231368495051,0.026071222962414674
BA-TOS-LS-AUTO,EFRGP01_00,crop07,8905,358,0.9078566659247719,12237,12405,13311,1,1,0.8950879142895818,0.07303506650544135
BA-TOS-LS-AUTO,EFRGP01_00,crop07,8906,353,0.7329439393027036,12172,12267,16512,1,0,5.900228964675835,0.34605037906578623
BA-TOS-LS-AUTO,EFRGP01_00,crop07,8907,355,0.6635437212360289,12111,12233,18130,1,0,7.591377460492275,0.48205673179105696
BA-TOS-LS-AUTO,EFRGP01_00,crop07,8910,357,0.9511292988116786,12086,12209,12584,1,1,0.09701568430926409,0.030715046277336393
BA-TOS-LS-AUTO,EFRGP01_00,crop07,8918,361,0.5539692643448213,12184,12255,21923,1,0,8.880487714241351,0.7889024887800897
BA-TOS-LS-AUTO,EFRGP01_00,crop07,8920,360,0.6834004925005597,12211,12333,17746,1,0,6.820435606429265,0.4389037541555177
BA-TOS-LS-AUTO,EFRGP01_00,crop07,8925,373,0.9280695126558368,12283,12352,13166,1,1,0.7133708504868487,0.06590025906735751
BA-TOS-LS-AUTO,EFRGP01_00,crop07,8926,362,0.5511612175873731,12222,12298,22099,1,0,8.602296287471269,0.7969588550983899
BA-TOS-LS-AUTO,EFRGP01_00,crop07,8935,370,0.8136418189091879,12203,12274,14927,1,1,2.797778259436556,0.2161479550268861
BA-TOS-LS-AUTO,EFRGP01_00,crop07,8936,374,0.7704510703363915,12093,12235,15554,1,1,3.011614573219453,0.2712709440130772
BA-TOS-LS-AUTO,EFRGP01_00,crop07,8937,363,0.7757688843134731,12057,12173,15426,1,1,3.6209283163925474,0.2672307565924587
BA-TOS-LS-AUTO,EFRGP01_00,crop07,8938,364,0.6789847375188685,12145,12269,17763,1,0,5.954923670241734,0.4477952563371098
BA-TOS-LS-AUTO,EFRGP01_00,crop07,8942,376,0.7191880416448555,12365,12468,17090,1,0,4.344365803216979,0.3707090150786012
BA-TOS-LS-AUTO,EFRGP01_00,crop07,8948,372,0.8743538196438828,12178,12309,13797,1,1,1.6148727672153234,0.12088715573970266
BA-TOS-LS-AUTO,EFRGP01_00,crop07,8951,378,0.9392812887236679,12128,12245,12795,1,1,0.28127058189618437,0.044916292364230295
BA-TOS-LS-AUTO,EFRGP01_00,crop07,8956,383,0.9100443131462334,12322,12409,13453,1,1,0.6897423843675354,0.08413248448706584
BA-TOS-LS-AUTO,EFRGP01_00,crop07,8957,379,0.7516283642620131,12232,12291,16215,1,1,4.118498336574627,0.31925799365389307
BA-TOS-LS-AUTO,EFRGP01_00,crop07,8971,382,0.6357862122385748,12312,12420,19257,1,0,6.769754712749679,0.5504830917874396
BA-TOS-LS-AUTO,EFRGP01_01,crop07,8154,18,0.9215204939373651,12388,12464,13367,1,1,0.7211126856069603,0.07244865211810013
BA-TOS-LS-AUTO,EFRGP01_01,crop07,8164,30,0.5936549965676179,12107,12228,20273,1,0,8.546324122046984,0.6579162577690546
BA-TOS-LS-AUTO,EFRGP01_01,crop07,8167,25,0.8623814541622761,12276,12370,14141,1,1,1.7743492670581924,0.1431689571544058
BA-TOS-LS-AUTO,EFRGP01_01,crop07,8176,32,0.6684044146192668,12052,12157,17926,1,0,4.583967037166401,0.47454141646787856
BA-TOS-LS-AUTO,EFRGP01_01,crop07,8181,36,0.9048077635380398,12214,12334,13379,1,1,1.1003711567091716,0.08472514999189233
BA-TOS-LS-AUTO,EFRGP01_01,crop07,8183,29,0.9530854430379747,12047,12213,12474,1,1,0.057103862720302816,0.021370670596904937
BA-TOS-LS-AUTO,EFRGP01_01,crop07,8185,42,0.381638357342507,12425,12525,32457,0,0,6.107601197333582,1.591377245508982
BA-TOS-LS-AUTO,EFRGP01_01,crop07,8186,33,0.7079091170549324,12307,12383,17309,1,0,3.734582713086133,0.3978034402002746
BA-TOS-LS-AUTO,EFRGP01_01,crop07,8187,39,0.7370897683397684,12218,12337,16457,1,0,4.662789038728287,0.33395477020345304
BA-TOS-LS-AUTO,EFRGP01_01,crop07,8190,31,0.9613908685096718,12276,12416,12629,1,1,0.05744927899415262,0.01715528350515464
BA-TOS-LS-AUTO,EFRGP01_01,crop07,8195,43,0.7634020297615342,12261,12422,15900,1,1,4.5099018843931065,0.27998711962646916
BA-TOS-LS-AUTO,EFRGP01_01,crop07,8198,48,0.7683779527559055,12198,12374,15699,1,1,4.34876338683048,0.26870858251171814
BA-TOS-LS-AUTO,EFRGP01_01,crop07,8202,51,0.9550277117973079,12062,12180,12512,1,1,0.06907619577795909,0.027257799671592774
BA-TOS-LS-AUTO,EFRGP01_01,crop07,8204,53,0.9585242534365619,12133,12280,12511,1,1,0.10440120575538077,0.018811074918566775
BA-TOS-LS-AUTO,EFRGP01_01,crop07,8205,45,0.7449387804582374,12290,12398,16390,1,0,5.541820596507952,0.32198741732537506
BA-TOS-LS-AUTO,EFRGP01_01,crop07,8208,49,0.9537029795886447,12195,12403,12579,1,1,0.11202054427364136,0.01419011529468677
BA-TOS-LS-AUTO,EFRGP01_01,crop07,8212,44,0.9507511228124516,12278,12425,12767,1,1,0.10011149968633336,0.027525150905432595
BA-TOS-LS-AUTO,EFRGP01_01,crop07,8213,47,0.5708668702007587,12341,12512,21447,1,0,9.518229759337368,0.7141144501278772
BA-TOS-LS-AUTO,EFRGP01_01,crop07,8222,54,0.6294340013463829,12155,12348,19118,1,0,7.873625361269832,0.5482669258179462
BA-TOS-LS-AUTO,EFRGP01_01,crop07,8229,57,0.9606931862938165,12196,12341,12550,1,1,0.10614556142762666,0.016935418523620453
BA-TOS-LS-AUTO,EFRGP01_01,crop07,8230,50,0.9421221864951769,12306,12464,12904,1,1,0.3289218565542602,0.03530166880616174
BA-TOS-LS-AUTO,EFRGP01_01,crop07,8231,52,0.9528346087771358,12202,12392,12616,1,1,0.0661048383344325,0.018076178179470628
BA-TOS-LS-AUTO,EFRGP01_01,crop07,8232,55,0.9563261189977503,12328,12475,12744,1,1,0.1071966398098282,0.02156312625250501
BA-TOS-LS-AUTO,EFRGP01_01,crop07,8239,56,0.961780396528386,12079,12193,12445,1,1,0.06310984419894537,0.02066759616173214
BA-TOS-LS-AUTO,EFRGP01_01,crop07,8243,64,0.9619174225836722,12301,12492,12597,1,1,0.04257226614703665,0.00840537944284342
BA-TOS-LS-AUTO,EFRGP01_01,crop07,8244,60,0.9569606385476171,12229,12391,12617,1,1,0.07500629811589127,0.01823904446775886
BA-TOS-LS-AUTO,EFRGP01_01,crop07,8251,69,0.8670283982806004,12304,12437,14058,1,1,2.3387537219514565,0.13033689796574738
BA-TOS-LS-AUTO,EFRGP01_01,crop07,8253,72,0.963145154993363,12335,12440,12702,1,1,0.03664427736024212,0.021061093247588425
BA-TOS-LS-AUTO,EFRGP01_01,crop07,8254,68,0.6075797072388209,12120,12261,19807,1,0,10.022904342408594,0.6154473533969497
BA-TOS-LS-AUTO,EFRGP01_01,crop07,8256,67,0.8492922564529559,12240,12377,14275,1,1,2.0846612140878813,0.1533489537044518
BA-TOS-LS-AUTO,EFRGP01_01,crop07,8257,63,0.9557777951402453,12233,12394,12638,1,1,0.06782332956544043,0.019686945296111022
BA-TOS-LS-AUTO,EFRGP01_01,crop07,8260,81,0.9603423904507618,12229,12385,12578,1,1,0.03093066564869811,0.015583366976180863
BA-TOS-LS-AUTO,EFRGP01_01,crop07,8261,71,0.9524927604288956,12170,12375,12572,1,1,0.010302806389982403,0.01591919191919192
BA-TOS-LS-AUTO,EFRGP01_01,crop07,8263,75,0.9581790974245885,12166,12342,12521,1,1,0.1285556630898552,0.014503321989953006
BA-TOS-LS-AUTO,EFRGP01_01,crop07,8264,77,0.955708739402583,12062,12249,12434,1,1,0.07250683705219574,0.015103273736631562
BA-TOS-LS-AUTO,EFRGP01_01,crop07,8267,79,0.961068463105123,12269,12365,12670,1,1,0.12194361507718321,0.02466639708855641
BA-TOS-LS-AUTO,EFRGP01_01,crop07,8272,82,0.9508019740900678,12330,12489,12809,1,1,0.07816052151381538,0.025622547842101048
BA-TOS-LS-AUTO,EFRGP01_01,crop07,8273,84,0.9502607612672219,12208,12391,12664,1,1,0.07370869089895726,0.022032120087160035
BA-TOS-LS-AUTO,EFRGP01_01,crop07,8274,76,0.9577225736769017,12414,12526,12850,1,1,0.04746851775125783,0.025866198307520356
BA-TOS-LS-AUTO,EFRGP01_01,crop07,8275,92,0.9732065001981768,12277,12349,12543,1,1,0.03859865512127465,0.01570977407077496
BA-TOS-LS-AUTO,EFRGP01_01,crop07,8279,86,0.963012512788227,12237,12377,12567,1,1,0.01753295943989557,0.015351054375050497
BA-TOS-LS-AUTO,EFRGP01_01,crop07,8281,90,0.9611378827918545,12366,12498,12734,1,1,0.04777839892614456,0.018883021283405344
BA-TOS-LS-AUTO,EFRGP01_01,crop07,8282,83,0.9564742589703588,12262,12431,12651,1,1,0.03097088006994019,0.01769769125573164
BA-TOS-LS-AUTO,EFRGP01_01,crop07,8285,85,0.9645030425963489,12363,12491,12690,1,1,0.04475193756220087,0.01593147065887439
BA-TOS-LS-AUTO,EFRGP01_01,crop07,8297,88,0.9607227624224791,12548,12658,12951,1,1,0.04919109770200258,0.023147416653499762
BA-TOS-LS-AUTO,EFRGP01_01,crop07,8299,91,0.9523663183773817,12396,12582,12830,1,1,0.03023982478272256,0.019710697822285805
BA-TOS-LS-AUTO,EFRGP01_01,crop07,8304,96,0.9616414618777568,12209,12351,12554,1,1,0.027633067813833203,0.016435916120152213
BA-TOS-LS-AUTO,EFRGP01_01,crop07,8313,94,0.9435374149659864,12483,12668,13045,1,1,0.09043489011668,0.029760025260498896
BA-TOS-LS-AUTO,EFRGP01_01,crop07,8314,95,0.9651033386327504,12141,12269,12452,1,1,0.014013902446275163,0.01491564104654006
BA-TOS-LS-AUTO,EFRGP01_01,crop07,8317,97,0.9590607137339718,12416,12534,12828,1,1,0.04828380101192967,0.023456199138343705
BA-TOS-LS-AUTO,EFRGP01_01,crop07,8320,99,0.7313352476669059,12225,12346,16595,1,0,5.020400692837616,0.34416005183865217
BA-TOS-LS-AUTO,EFRGP01_01,crop07,8330,103,0.9646408839779006,12222,12335,12557,1,1,0.03254303572604191,0.01799756789623024
BA-TOS-LS-AUTO,EFRGP01_01,crop07,8331,105,0.9551971326164874,12259,12378,12715,1,1,0.06792293558456128,0.027225723057036678
BA-TOS-LS-AUTO,EFRGP01_01,crop07,8332,110,0.9595034910783553,12368,12500,12758,1,1,0.07883659119604489,0.02064
BA-TOS-LS-AUTO,EFRGP01_01,crop07,8334,106,0.9569013413762997,12056,12216,12439,1,1,0.08613265748245795,0.018254747871643745
BA-TOS-LS-AUTO,EFRGP01_01,crop07,8340,109,0.7585335018963337,12000,12078,15742,1,1,1.9052890912368632,0.30336148368935256
BA-TOS-LS-AUTO,EFRGP01_01,crop07,8341,101,0.9647040449789162,12354,12447,12713,1,1,0.0974008080676803,0.021370611392303365
BA-TOS-LS-AUTO,EFRGP01_01,crop07,8342,102,0.962403039417445,12159,12372,12421,1,1,0.046567527267824954,0.003960556094406725
BA-TOS-LS-AUTO,EFRGP01_01,crop07,8346,104,0.96129185466635,12144,12293,12484,1,1,0.0912773504010209,0.015537297649068575
BA-TOS-LS-AUTO,EFRGP01_01,crop07,8349,112,0.7534094415303918,12209,12307,16107,1,1,5.128412051315952,0.30876736816445927
BA-TOS-LS-AUTO,EFRGP01_01,crop07,8357,115,0.9603851875048931,12267,12392,12648,1,1,0.07737754956913674,0.02065848934796643
BA-TOS-LS-AUTO,EFRGP01_01,crop07,8358,119,0.7072294046031654,12199,12433,17015,1,0,5.594733753166449,0.36853534947317623
BA-TOS-LS-AUTO,EFRGP01_01,crop07,8359,114,0.9575003935148748,12166,12320,12552,1,1,0.047435613393003076,0.01883116883116883
BA-TOS-LS-AUTO,EFRGP01_01,crop07,8364,116,0.9531310925680418,12222,12395,12650,1,1,0.058747348002310434,0.020572811617587738
BA-TOS-LS-AUTO,EFRGP01_01,crop07,8367,121,0.8955908032596042,12309,12456,13597,1,1,1.4097711824583121,0.0916024405908799
BA-TOS-LS-AUTO,EFRGP01_01,crop07,8370,123,0.952444166796814,12197,12421,12582,1,1,0.05656892575589833,0.012961919330166653
BA-TOS-LS-AUTO,EFRGP01_01,crop07,8372,126,0.958617446508347,12231,12403,12587,1,1,0.07201040165338075,0.01483512053535435
BA-TOS-LS-AUTO,EFRGP01_01,crop07,8375,122,0.9719596473111447,12236,12320,12505,1,1,0.06386279405182543,0.015016233766233766
BA-TOS-LS-AUTO,EFRGP01_01,crop07,8376,124,0.9537275064267352,12614,12745,13095,1,1,0.12727525746309465,0.027461749705766966
BA-TOS-LS-AUTO,EFRGP01_01,crop07,8378,128,0.8335951909283421,12203,12404,14438,1,1,1.9775584918691957,0.16397936149629153
BA-TOS-LS-AUTO,EFRGP01_01,crop07,8380,133,0.9605129408085074,12284,12391,12682,1,1,0.17937271669481553,0.023484787345654103
BA-TOS-LS-AUTO,EFRGP01_01,crop07,8384,129,0.9498255137650252,12248,12404,12739,1,1,0.04712717882774738,0.027007416962270235
BA-TOS-LS-AUTO,EFRGP01_01,crop07,8385,130,0.9499065129323777,12193,12348,12681,1,1,0.06742152209904331,0.02696793002915452
BA-TOS-LS-AUTO,EFRGP01_01,crop07,8391,131,0.9499691643539933,12323,12527,12768,1,1,0.0627821192746656,0.0192384449588888
BA-TOS-LS-AUTO,EFRGP01_01,crop07,8396,134,0.9551317559547361,12070,12238,12469,1,1,0.07250421305698573,0.01887563327341069
BA-TOS-LS-AUTO,EFRGP01_01,crop07,8406,135,0.9562038117464022,12292,12436,12711,1,1,0.03127974699370797,0.022113219684786106
BA-TOS-LS-AUTO,EFRGP01_01,crop07,8407,142,0.9620233217774976,12210,12330,12572,1,1,0.13467133944075024,0.01962692619626926
BA-TOS-LS-AUTO,EFRGP01_01,crop07,8411,143,0.9516004329673728,12308,12423,12819,1,1,0.1231400369294631,0.03187635836754407
BA-TOS-LS-AUTO,EFRGP01_01,crop07,8415,136,0.9572689633622373,12254,12383,12672,1,1,0.0735833483136902,0.023338447872082693
BA-TOS-LS-AUTO,EFRGP01_01,crop07,8416,139,0.9620963968179691,12336,12493,12665,1,1,0.11929114962502496,0.01376770991755383
BA-TOS-LS-AUTO,EFRGP01_01,crop07,8417,149,0.9603045133224578,12362,12505,12730,1,1,0.03776158846219795,0.01799280287884846
BA-TOS-LS-AUTO,EFRGP01_01,crop07,8418,140,0.9656813041104438,12381,12493,12709,1,1,0.09193055208055385,0.017289682222044345
BA-TOS-LS-AUTO,EFRGP01_01,crop07,8419,137,0.9538949485572832,12331,12497,12761,1,1,0.07857731446414408,0.021125070016804033
BA-TOS-LS-AUTO,EFRGP01_01,crop07,8420,138,0.9572622861161029,12252,12346,12705,1,1,0.03586080808083357,0.02907824396565689
BA-TOS-LS-AUTO,EFRGP01_01,crop07,8429,152,0.8106207727851068,12105,12318,14720,1,1,3.339211299679372,0.19499918817989934
BA-TOS-LS-AUTO,EFRGP01_01,crop07,8430,150,0.9561843549145634,12199,12374,12583,1,1,0.028837339115008333,0.016890253757879423
BA-TOS-LS-AUTO,EFRGP01_01,crop07,8431,151,0.8928049137174613,12210,12347,13539,1,1,1.2315898400188041,0.09654167004130558
BA-TOS-LS-AUTO,EFRGP01_01,crop07,8435,147,0.6481540759709774,12149,12291,18602,1,0,6.17394184555684,0.5134651370921812
BA-TOS-LS-AUTO,EFRGP01_01,crop07,8438,148,0.9661381563222055,12126,12233,12444,1,1,0.0667574670967644,0.01724842638763999
BA-TOS-LS-AUTO,EFRGP01_01,crop07,8439,144,0.9599683544303798,12134,12300,12474,1,1,0.032779291045637586,0.014146341463414635
BA-TOS-LS-AUTO,EFRGP01_01,crop07,8441,155,0.954991752415364,12158,12328,12561,1,1,0.06951140490916216,0.01890006489292667
BA-TOS-LS-AUTO,EFRGP01_01,crop07,8447,163,0.9677161579031485,12110,12225,12399,1,1,0.016435841742292828,0.014233128834355829
BA-TOS-LS-AUTO,EFRGP01_01,crop07,8448,161,0.7737254153141111,12156,12322,15545,1,1,3.8867126661601485,0.26156468105826974
BA-TOS-LS-AUTO,EFRGP01_01,crop07,8449,162,0.9541960784313726,12166,12373,12543,1,1,0.0580426834635584,0.01373959427786309
BA-TOS-LS-AUTO,EFRGP01_01,crop07,8450,156,0.9555107735234847,12328,12467,12763,1,1,0.03354758123588987,0.023742680676987246
BA-TOS-LS-AUTO,EFRGP01_01,crop07,8453,160,0.6858656074147633,12432,12528,18030,1,0,4.459680512305796,0.43917624521072796
BA-TOS-LS-AUTO,EFRGP01_01,crop07,8455,158,0.9622912838539586,12045,12207,12355,1,1,0.08897684578119691,0.012124191037929057
BA-TOS-LS-AUTO,EFRGP01_01,crop07,8460,164,0.9576330805909482,12251,12427,12617,1,1,0.05138097731538743,0.01528928945039028
BA-TOS-LS-AUTO,EFRGP01_01,crop07,8462,165,0.9548760459842027,12210,12379,12618,1,1,0.01656387186821014,0.019306890701995316
BA-TOS-LS-AUTO,EFRGP01_01,crop07,8465,168,0.9435006234413965,12107,12330,12609,1,1,0.07754006933519653,0.022627737226277374
BA-TOS-LS-AUTO,EFRGP01_01,crop07,8466,166,0.9539084397383992,12252,12438,12658,1,1,0.06344917040183827,0.017687731146486575
BA-TOS-LS-AUTO,EFRGP01_01,crop07,8468,170,0.6338440970793912,12327,12483,19292,1,0,8.584026779828637,0.5454618280861973
BA-TOS-LS-AUTO,EFRGP01_01,crop07,8472,167,0.734529740111638,12238,12424,16475,1,0,5.663912680631997,0.3260624597553123
BA-TOS-LS-AUTO,EFRGP01_01,crop07,8473,171,0.952783650458069,12168,12361,12578,1,1,0.071816480054145,0.0175552139794515
BA-TOS-LS-AUTO,EFRGP01_01,crop07,8478,169,0.9557314111102405,12198,12384,12577,1,1,0.09952271821364962,0.015584625322997417
BA-TOS-LS-AUTO,EFRGP01_01,crop07,8484,176,0.9482865560552024,12231,12447,12682,1,1,0.07208371424783135,0.018880051418012373
BA-TOS-LS-AUTO,EFRGP01_01,crop07,8486,174,0.9586776859504132,12296,12428,12694,1,1,0.03272857369049483,0.02140328290955906
BA-TOS-LS-AUTO,EFRGP01_01,crop07,8489,172,0.9483188044831881,12184,12409,12623,1,1,0.06968508854919742,0.017245547586429204
BA-TOS-LS-AUTO,EFRGP01_01,crop07,8495,178,0.9659206114013882,12386,12550,12659,1,1,0.07832130274072875,0.008685258964143426
BA-TOS-LS-AUTO,EFRGP01_01,crop07,8497,181,0.9708923174805153,12208,12260,12522,1,1,0.05038859016769215,0.02137030995106036
BA-TOS-LS-AUTO,EFRGP01_01,crop07,8499,177,0.9635502958579881,12213,12349,12539,1,1,0.0554906260364993,0.015385861203336303
BA-TOS-LS-AUTO,EFRGP01_01,crop07,8507,186,0.7887333074030857,12167,12283,15310,1,1,2.0530192701513075,0.24643816657168444
BA-TOS-LS-AUTO,EFRGP01_01,crop07,8508,187,0.9541047693510555,12203,12426,12567,1,1,0.06658036571898374,0.01134717527764365
BA-TOS-LS-AUTO,EFRGP01_01,crop07,8509,184,0.9559962079317428,12101,12267,12492,1,1,0.04698813087527569,0.018341892883345562
BA-TOS-LS-AUTO,EFRGP01_01,crop07,8515,183,0.9536733738886289,12228,12430,12620,1,1,0.03968121604650153,0.015285599356395816
BA-TOS-LS-AUTO,EFRGP01_01,crop07,8516,180,0.9559990571226527,12167,12323,12571,1,1,0.021078474878022273,0.020124969569098435
BA-TOS-LS-AUTO,EFRGP01_01,crop07,8522,194,0.955252618607517,12403,12531,12856,1,1,0.06956672682815009,0.025935679514803286
BA-TOS-LS-AUTO,EFRGP01_01,crop07,8523,189,0.9686911487758946,12345,12452,12637,1,1,0.03441568848452052,0.014857051076132348
BA-TOS-LS-AUTO,EFRGP01_01,crop07,8530,199,0.5686091975423571,12216,12344,21356,1,0,8.683749036626399,0.7300712896953986
BA-TOS-LS-AUTO,EFRGP01_01,crop07,8531,190,0.9548483185701968,12181,12358,12580,1,1,0.03014619575699528,0.017964071856287425
BA-TOS-LS-AUTO,EFRGP01_01,crop07,8536,195,0.9615232989040448,12195,12302,12576,1,1,0.058266217621608704,0.022272801170541374
BA-TOS-LS-AUTO,EFRGP01_01,crop07,8539,196,0.9547299406806119,12232,12394,12650,1,1,0.0711561288674149,0.020655155720509924
BA-TOS-LS-AUTO,EFRGP01_01,crop07,8540,197,0.9568333989759747,12147,12296,12546,1,1,0.039261105665389026,0.02033181522446324
BA-TOS-LS-AUTO,EFRGP01_01,crop07,8541,206,0.9559669161087042,12136,12293,12538,1,1,0.10859601499501607,0.019930041487025135
BA-TOS-LS-AUTO,EFRGP01_01,crop07,8542,204,0.9559019346753348,12204,12366,12605,1,1,0.08166958428999134,0.019327187449458192
BA-TOS-LS-AUTO,EFRGP01_01,crop07,8543,208,0.9560465297837458,12246,12386,12669,1,1,0.11143732465125136,0.02284837720006459
BA-TOS-LS-AUTO,EFRGP01_01,crop07,8544,205,0.9582972696514281,12179,12389,12499,1,1,0.08424862346715513,0.008878844135927032
BA-TOS-LS-AUTO,EFRGP01_01,crop07,8545,201,0.9636648394675019,12306,12424,12652,1,1,0.08403285089560947,0.018351577591757887
BA-TOS-LS-AUTO,EFRGP01_01,crop07,8546,198,0.6847984731110363,12199,12353,17660,1,0,6.892835462257316,0.42961223994171455
BA-TOS-LS-AUTO,EFRGP01_01,crop07,8548,209,0.9483571704677233,12267,12451,12751,1,1,0.04349594894124618,0.024094450244960243
BA-TOS-LS-AUTO,EFRGP01_01,crop07,8552,202,0.9595895816890292,12158,12259,12569,1,1,0.12014626281767289,0.025287543845338118
BA-TOS-LS-AUTO,EFRGP01_01,crop07,8559,210,0.9486317435496482,12133,12334,12589,1,1,0.09996504759332372,0.020674558131992864
BA-TOS-LS-AUTO,EFRGP01_01,crop07,8561,213,0.9589356632247815,12073,12166,12497,1,1,0.10011269497471587,0.02720697024494493
BA-TOS-LS-AUTO,EFRGP01_01,crop07,8562,212,0.9036510405095164,12202,12347,13358,1,1,1.0752249571338053,0.08188223860046975
BA-TOS-LS-AUTO,EFRGP01_01,crop07,8567,207,0.9553903345724907,12079,12218,12504,1,1,0.0372948327847275,0.02340808642985759
BA-TOS-LS-AUTO,EFRGP01_01,crop07,8572,215,0.9555326569435637,12055,12181,12490,1,1,0.039721270553318755,0.025367375420737213
BA-TOS-LS-AUTO,EFRGP01_01,crop07,8573,211,0.9493183393668644,12325,12557,12751,1,1,0.0343725922148465,0.015449550051763957
BA-TOS-LS-AUTO,EFRGP01_01,crop07,8577,222,0.9503129890453834,12145,12375,12550,1,1,0.1285003045318699,0.014141414141414142
BA-TOS-LS-AUTO,EFRGP01_01,crop07,8581,218,0.9625941028858218,12275,12413,12614,1,1,0.030382847029559283,0.016192701200354466
BA-TOS-LS-AUTO,EFRGP01_01,crop07,8582,223,0.9673630271974774,12271,12413,12543,1,1,0.10176945434844924,0.010472891323612342
BA-TOS-LS-AUTO,EFRGP01_01,crop07,8585,224,0.7075989598381971,12245,12426,17124,1,0,5.75522455954063,0.3780782230806374
BA-TOS-LS-AUTO,EFRGP01_01,crop07,8591,221,0.9536673472593058,12144,12308,12570,1,1,0.032660058989141046,0.021286967825804356
BA-TOS-LS-AUTO,EFRGP01_01,crop07,8592,217,0.9569377990430622,12200,12348,12601,1,1,0.07643720336633394,0.020489148040168447
BA-TOS-LS-AUTO,EFRGP01_01,crop07,8593,220,0.9554095282797466,12213,12353,12643,1,1,0.06889441110512047,0.023476078685339595
BA-TOS-LS-AUTO,EFRGP01_01,crop07,8598,219,0.7975268467295802,12254,12422,15197,1,1,3.8527585192654143,0.22339397842537434
BA-TOS-LS-AUTO,EFRGP01_01,crop07,8608,226,0.9471403142171658,12238,12529,12630,1,1,0.05374958994090082,0.00806129778912922
BA-TOS-LS-AUTO,EFRGP01_01,crop07,8609,231,0.960127591706539,12642,12767,13042,1,1,0.0840976237220375,0.021539907574214773
BA-TOS-LS-AUTO,EFRGP01_01,crop07,8612,229,0.9655172413793104,12236,12386,12523,1,1,0.05438795738095333,0.01106087518165671
BA-TOS-LS-AUTO,EFRGP01_01,crop07,8616,235,0.9572981366459627,12330,12510,12700,1,1,0.07885030043473804,0.015187849720223821
BA-TOS-LS-AUTO,EFRGP01_01,crop07,8618,232,0.9554140127388535,12150,12342,12525,1,1,0.05508451733529169,0.014827418570734078
BA-TOS-LS-AUTO,EFRGP01_01,crop07,8619,240,0.95088868101029,12198,12359,12667,1,1,0.04088232162338366,0.02492111012217817
BA-TOS-LS-AUTO,EFRGP01_01,crop07,8620,237,0.6853024307518372,12123,12297,17516,1,0,5.654709951041599,0.42441245832316826
BA-TOS-LS-AUTO,EFRGP01_01,crop07,8623,241,0.9539989139709875,12298,12446,12743,1,1,0.012459922496887158,0.023863088542503616
BA-TOS-LS-AUTO,EFRGP01_01,crop07,8628,230,0.8578768312157189,12356,12502,14257,1,1,1.5485345719625436,0.140377539593665
BA-TOS-LS-AUTO,EFRGP01_01,crop07,8629,233,0.956826597337115,12145,12335,12503,1,1,0.07753849147756503,0.013619781110660721
BA-TOS-LS-AUTO,EFRGP01_01,crop07,8630,234,0.9520341934462562,12028,12230,12432,1,1,0.043865337240359466,0.01651676206050695
BA-TOS-LS-AUTO,EFRGP01_01,crop07,8631,236,0.9545740828216029,12125,12305,12522,1,1,0.08128854916827266,0.017635107679804956
BA-TOS-LS-AUTO,EFRGP01_01,crop07,8635,239,0.9562841530054644,12250,12427,12633,1,1,0.11585896856753677,0.016576808562002093
BA-TOS-LS-AUTO,EFRGP01_01,crop07,8639,245,0.9581127005453253,12123,12340,12436,1,1,0.0678025751947486,0.007779578606158833
BA-TOS-LS-AUTO,EFRGP01_01,crop07,8640,244,0.9603763055090488,12046,12203,12386,1,1,0.03485491496563919,0.014996312382201098
BA-TOS-LS-AUTO,EFRGP01_01,crop07,8644,242,0.9581887030609025,12146,12308,12514,1,1,0.041650168634304666,0.016737081572960676
BA-TOS-LS-AUTO,EFRGP01_01,crop07,8650,251,0.9624766935985084,12389,12545,12716,1,1,0.08021821130026915,0.013630928656835392
BA-TOS-LS-AUTO,EFRGP01_01,crop07,8652,255,0.9627458542229078,12482,12590,12857,1,1,0.06422721152222106,0.021207307386814932
BA-TOS-LS-AUTO,EFRGP01_01,crop07,8656,253,0.9562858471554798,12338,12472,12768,1,1,0.03898442370384139,0.023733162283515075
BA-TOS-LS-AUTO,EFRGP01_01,crop07,8657,250,0.7082970446495964,12199,12301,17121,1,0,5.264660326502753,0.39183806194618326
BA-TOS-LS-AUTO,EFRGP01_01,crop07,8659,257,0.9511894680113943,12355,12419,12925,1,1,0.2678607206023729,0.04074402125775022
BA-TOS-LS-AUTO,EFRGP01_01,crop07,8661,260,0.962510829329763,12221,12316,12602,1,1,0.012932494672846054,0.023221825267944137
BA-TOS-LS-AUTO,EFRGP01_01,crop07,8665,254,0.95375,12208,12410,12598,1,1,0.08384355598579218,0.015149073327961322
BA-TOS-LS-AUTO,EFRGP01_01,crop07,8666,262,0.9505267979844251,12450,12629,12919,1,1,0.029664727354597274,0.022963021616913454
BA-TOS-LS-AUTO,EFRGP01_01,crop07,8669,259,0.9531555486040509,12188,12349,12626,1,1,0.0402627731063932,0.022430966070127137
BA-TOS-LS-AUTO,EFRGP01_01,crop07,8670,256,0.6818461883156892,12173,12284,17742,1,0,5.3626046881626594,0.4443178117876913
BA-TOS-LS-AUTO,EFRGP01_01,crop07,8679,258,0.9549921996879875,12243,12449,12614,1,1,0.041957048903970375,0.013254076632661259
BA-TOS-LS-AUTO,EFRGP01_01,crop07,8680,268,0.9549079996841191,12092,12210,12545,1,1,0.08870199088771574,0.027436527436527438
BA-TOS-LS-AUTO,EFRGP01_01,crop07,8681,261,0.9543321864247732,12204,12351,12641,1,1,0.021857541573871996,0.023479880171646022
BA-TOS-LS-AUTO,EFRGP01_01,crop07,8685,270,0.961737089201878,12291,12444,12627,1,1,0.0834604097285624,0.014705882352941176
BA-TOS-LS-AUTO,EFRGP01_01,crop07,8686,272,0.955617846297594,12273,12469,12647,1,1,0.059595807267776,0.014275402999438608
BA-TOS-LS-AUTO,EFRGP01_01,crop07,8689,264,0.951905976958169,12311,12465,12779,1,1,0.07409695073483068,0.025190533493782592
BA-TOS-LS-AUTO,EFRGP01_01,crop07,8694,267,0.961635022752236,12257,12380,12623,1,1,0.02427636074128449,0.01962843295638126
BA-TOS-LS-AUTO,EFRGP01_01,crop07,8700,274,0.9324667333282055,12123,12293,12831,1,1,0.5523498830923897,0.04376474416334499
BA-TOS-LS-AUTO,EFRGP01_01,crop07,8701,269,0.9446646459936271,12155,12355,12667,1,1,0.07170949356294276,0.025252934034803724
BA-TOS-LS-AUTO,EFRGP01_01,crop07,8702,275,0.9594583894211735,12117,12290,12456,1,1,0.09520959039296514,0.013506916192026038
BA-TOS-LS-AUTO,EFRGP01_01,crop07,8705,273,0.9581698320514833,12209,12378,12573,1,1,0.03977770565125389,0.015753756665050897
BA-TOS-LS-AUTO,EFRGP01_01,crop07,8712,279,0.9532754167644987,12180,12385,12572,1,1,0.041383925507273295,0.015098909971740009
BA-TOS-LS-AUTO,EFRGP01_01,crop07,8714,278,0.9630495790458372,12354,12474,12708,1,1,0.058591557266522355,0.01875901875901876
BA-TOS-LS-AUTO,EFRGP01_01,crop07,8716,283,0.9646256345177665,12162,12280,12490,1,1,0.049240281204791694,0.01710097719869707
BA-TOS-LS-AUTO,EFRGP01_01,crop07,8717,276,0.9566622015601608,12141,12344,12488,1,1,0.06996864754803742,0.011665586519766688
BA-TOS-LS-AUTO,EFRGP01_01,crop07,8724,284,0.9656936029585333,12273,12408,12574,1,1,0.04373161565069386,0.01337846550612508
BA-TOS-LS-AUTO,EFRGP01_01,crop07,8725,285,0.9624416857752827,12172,12290,12529,1,1,0.07841226206449949,0.019446704637917006
BA-TOS-LS-AUTO,EFRGP01_01,crop07,8729,289,0.802713282937365,11893,12063,14646,1,1,2.182737776253475,0.2141258393434469
BA-TOS-LS-AUTO,EFRGP01_01,crop07,8730,286,0.9585661080074488,12354,12497,12745,1,1,0.040187246169273154,0.019844762743058336
BA-TOS-LS-AUTO,EFRGP01_01,crop07,8737,293,0.9543539325842697,12231,12417,12630,1,1,0.12567558119844244,0.017153901908673594
BA-TOS-LS-AUTO,EFRGP01_01,crop07,8738,287,0.9526650139448404,12297,12519,12686,1,1,0.08182005906846171,0.013339723620097452
BA-TOS-LS-AUTO,EFRGP01_01,crop07,8742,291,0.9595991230817413,12256,12394,12634,1,1,0.04342332734932669,0.019364208487978055
BA-TOS-LS-AUTO,EFRGP01_01,crop07,8749,292,0.9598356206869815,12379,12509,12767,1,1,0.02103460054489908,0.020625149892077706
BA-TOS-LS-AUTO,EFRGP01_01,crop07,8750,294,0.9583595223130107,12198,12338,12588,1,1,0.06718406520538701,0.02026260333927703
BA-TOS-LS-AUTO,EFRGP01_01,crop07,8753,298,0.9540157972941269,12199,12371,12615,1,1,0.07164907006160247,0.019723547005092556
BA-TOS-LS-AUTO,EFRGP01_01,crop07,8754,295,0.9574280445762847,11942,12103,12312,1,1,0.009997651788075075,0.01726844583987441
BA-TOS-LS-AUTO,EFRGP01_01,crop07,8758,300,0.9629861002655006,12332,12432,12706,1,1,0.006948954091520775,0.02203989703989704
BA-TOS-LS-AUTO,EFRGP01_01,crop07,8759,305,0.8142790480634624,12215,12342,14874,1,1,3.4117073308513635,0.20515313563441906
BA-TOS-LS-AUTO,EFRGP01_01,crop07,8763,303,0.9590459752079084,12224,12342,12628,1,1,0.05992677120345579,0.023172905525846704
BA-TOS-LS-AUTO,EFRGP01_01,crop07,8765,299,0.9609571788413098,12208,12361,12551,1,1,0.039407005294586885,0.015370924682469056
BA-TOS-LS-AUTO,EFRGP01_01,crop07,8768,297,0.9564670752789565,12172,12318,12580,1,1,0.13981045565916134,0.021269686637441144
BA-TOS-LS-AUTO,EFRGP01_01,crop07,8770,304,0.6913720586563601,12164,12312,17446,1,0,5.409848867813416,0.41699155295646523
BA-TOS-LS-AUTO,EFRGP01_01,crop07,8773,302,0.9567028131384567,12175,12304,12597,1,1,0.07333169089199519,0.023813394018205463
BA-TOS-LS-AUTO,EFRGP01_01,crop07,8776,307,0.75539920464974,12347,12552,16140,1,1,3.812344164592227,0.2858508604206501
BA-TOS-LS-AUTO,EFRGP01_01,crop07,8779,309,0.9492569492569493,12328,12480,12835,1,1,0.07241933903685231,0.02844551282051282
BA-TOS-LS-AUTO,EFRGP01_01,crop07,8780,306,0.9662140827281339,12240,12370,12538,1,1,0.039226504357514326,0.013581244947453516
BA-TOS-LS-AUTO,EFRGP01_01,crop07,8783,301,0.9474129966122574,12305,12513,12780,1,1,0.04134337944440092,0.021337808678973866
BA-TOS-LS-AUTO,EFRGP01_01,crop07,8785,310,0.9494658036340949,12175,12386,12612,1,1,0.05619844410993471,0.018246407233973843
BA-TOS-LS-AUTO,EFRGP01_01,crop07,8788,308,0.9620302816348945,12263,12375,12635,1,1,0.04555408330809121,0.02101010101010101
BA-TOS-LS-AUTO,EFRGP01_01,crop07,8790,315,0.948171206225681,12184,12405,12629,1,1,0.08287117508391452,0.018057234985892786
BA-TOS-LS-AUTO,EFRGP01_01,crop07,8793,312,0.9585350616898329,12275,12419,12662,1,1,0.032999694735354086,0.019566792817457122
BA-TOS-LS-AUTO,EFRGP01_01,crop07,8794,311,0.9567085787044406,12022,12171,12417,1,1,0.04398547259064772,0.0202119792950456
BA-TOS-LS-AUTO,EFRGP01_01,crop07,8795,313,0.7139984623573244,12073,12233,16749,1,0,5.6436686114063015,0.36916537235347013
BA-TOS-LS-AUTO,EFRGP01_01,crop07,8797,319,0.960588051298092,12284,12385,12687,1,1,0.038633441603431795,0.024384335890189745
BA-TOS-LS-AUTO,EFRGP01_01,crop07,8799,323,0.948102548118133,12167,12358,12642,1,1,0.12841685092005456,0.02298106489723256
BA-TOS-LS-AUTO,EFRGP01_01,crop07,8800,326,0.9599407684514067,12317,12429,12719,1,1,0.057633990788480194,0.023332528763375975
BA-TOS-LS-AUTO,EFRGP01_01,crop07,8801,324,0.9544280009396289,12189,12366,12594,1,1,0.06214793750657419,0.018437651625424552
BA-TOS-LS-AUTO,EFRGP01_01,crop07,8808,327,0.9526484125126765,12212,12416,12615,1,1,0.05814332285221366,0.01602770618556701
BA-TOS-LS-AUTO,EFRGP01_01,crop07,8809,322,0.9563813872923392,12147,12324,12524,1,1,0.044659325358727964,0.01622849724115547
BA-TOS-LS-AUTO,EFRGP01_01,crop07,8810,318,0.9589289945501935,12141,12272,12530,1,1,0.013172080478230793,0.02102346805736636
BA-TOS-LS-AUTO,EFRGP01_01,crop07,8816,325,0.9599314000623635,12314,12421,12721,1,1,0.08525066615913061,0.024152644714596248
BA-TOS-LS-AUTO,EFRGP01_01,crop07,8827,328,0.9490018714909545,12170,12414,12580,1,1,0.009857492239906472,0.013371999355566296
BA-TOS-LS-AUTO,EFRGP01_01,crop07,8828,338,0.9527973380793934,12313,12495,12741,1,1,0.0606022823866903,0.019687875150060024
BA-TOS-LS-AUTO,EFRGP01_01,crop07,8835,333,0.9487019568098543,12169,12342,12654,1,1,0.22572584103677526,0.025279533300923675
BA-TOS-LS-AUTO,EFRGP01_01,crop07,8836,339,0.9604533206530353,12119,12220,12517,1,1,0.07400848450539343,0.02430441898527005
BA-TOS-LS-AUTO,EFRGP01_01,crop07,8845,341,0.9542206517471535,12152,12352,12535,1,1,0.027304461295689666,0.014815414507772021
BA-TOS-LS-AUTO,EFRGP01_01,crop07,8846,332,0.958498023715415,12125,12243,12532,1,1,0.056180192369192285,0.023605325492117944
BA-TOS-LS-AUTO,EFRGP01_01,crop07,8851,342,0.9617065226026853,12105,12218,12474,1,1,0.053249632595535064,0.020952692748403993
BA-TOS-LS-AUTO,EFRGP01_01,crop07,8854,347,0.9633099141295862,12340,12448,12702,1,1,0.06204986124878783,0.020404884318766067
BA-TOS-LS-AUTO,EFRGP01_01,crop07,8855,344,0.9609558019678276,12306,12441,12671,1,1,0.03794913755554434,0.01848725986657021
BA-TOS-LS-AUTO,EFRGP01_01,crop07,8862,346,0.9353881278538813,12291,12603,12828,1,1,0.059347815413672386,0.017852892168531302
BA-TOS-LS-AUTO,EFRGP01_01,crop07,8863,352,0.9551519936833794,12097,12264,12498,1,1,0.0827324000662734,0.01908023483365949
BA-TOS-LS-AUTO,EFRGP01_01,crop07,8866,343,0.9525150590628179,12176,12329,12630,1,1,0.07122602732565488,0.024413983291426716
BA-TOS-LS-AUTO,EFRGP01_01,crop07,8872,349,0.9511000602772754,12623,12776,13119,1,1,0.050126501577812975,0.02684721352536005
BA-TOS-LS-AUTO,EFRGP01_01,crop07,8873,345,0.9085145595281976,12324,12409,13480,1,1,1.1847751181532178,0.08630832460311065
BA-TOS-LS-AUTO,EFRGP01_01,crop07,8876,348,0.9558144991006491,12222,12421,12588,1,1,0.11677219392763433,0.013444972224458578
BA-TOS-LS-AUTO,EFRGP01_01,crop07,8879,350,0.954179175225154,12078,12269,12467,1,1,0.07153046289593307,0.016138234574944982
BA-TOS-LS-AUTO,EFRGP01_01,crop07,8884,351,0.6090078328981723,12129,12342,19703,1,0,8.680776608705166,0.5964187327823691
BA-TOS-LS-AUTO,EFRGP01_01,crop07,8885,359,0.9735615557698489,12115,12214,12345,1,1,0.0276437609929034,0.010725397085311937
BA-TOS-LS-AUTO,EFRGP01_01,crop07,8886,357,0.37044798785117694,12197,12378,32744,0,0,21.567548877756785,1.6453385037970594
BA-TOS-LS-AUTO,EFRGP01_01,crop07,8887,354,0.9617164823095631,12259,12461,12545,1,1,0.045414095052780414,0.006741032019902095
BA-TOS-LS-AUTO,EFRGP01_01,crop07,8890,362,0.6097829348804641,12192,12309,19877,1,0,7.020971219364048,0.6148346738159071
BA-TOS-LS-AUTO,EFRGP01_01,crop07,8892,355,0.9494918147257351,12238,12411,12716,1,1,0.03902624586430315,0.024574973813552493
BA-TOS-LS-AUTO,EFRGP01_01,crop07,8896,367,0.9632250038874203,12389,12528,12723,1,1,0.06293004002309757,0.015565134099616858
BA-TOS-LS-AUTO,EFRGP01_01,crop07,8899,356,0.8196105227195081,11995,12170,14460,1,1,2.0637667749010005,0.18816762530813474
BA-TOS-LS-AUTO,EFRGP01_01,crop07,8900,358,0.7325206167084977,12258,12371,16621,1,0,4.769001041875107,0.3435453884083744
BA-TOS-LS-AUTO,EFRGP01_01,crop07,8903,361,0.9602277219894046,12144,12295,12496,1,1,0.06042308393115954,0.01634810898739325
BA-TOS-LS-AUTO,EFRGP01_01,crop07,8905,365,0.919798556825015,12237,12433,13108,1,1,0.6090957495762556,0.054290999758706666
BA-TOS-LS-AUTO,EFRGP01_01,crop07,8906,360,0.7971774454586651,12314,12427,15334,1,1,4.04969616492739,0.23392612859097128
BA-TOS-LS-AUTO,EFRGP01_01,crop07,8907,363,0.5044527434645217,12292,12375,24284,1,0,6.661871221805506,0.9623434343434344
BA-TOS-LS-AUTO,EFRGP01_01,crop07,8910,364,0.9573165947430364,12201,12334,12612,1,1,0.06477135394306605,0.022539322198800064
BA-TOS-LS-AUTO,EFRGP01_01,crop07,8918,368,0.6183402155302649,12279,12354,19783,1,0,7.263486990648578,0.6013436943500081
BA-TOS-LS-AUTO,EFRGP01_01,crop07,8920,366,0.7776581597112279,12280,12487,15584,1,1,4.122757656665636,0.24801793865620245
BA-TOS-LS-AUTO,EFRGP01_01,crop07,8926,369,0.7491276400367309,12237,12333,16239,1,0,3.899083941732871,0.3167112624665531
BA-TOS-LS-AUTO,EFRGP01_01,crop07,8935,370,0.7256413273711462,12333,12388,16941,1,0,4.357863442894483,0.36753309654504357
BA-TOS-LS-AUTO,EFRGP01_01,crop07,8937,371,0.6645503803842154,12142,12265,18148,1,0,5.657014254815022,0.4796575621687729
BA-TOS-LS-AUTO,EFRGP01_01,crop07,8938,372,0.7450849108284132,12241,12339,16331,1,0,3.790439965706925,0.3235270281222141
BA-TOS-LS-AUTO,EFRGP01_01,crop07,8942,381,0.6977450373952652,12408,12548,17643,1,0,3.733144403774917,0.40604080331526937
BA-TOS-LS-AUTO,EFRGP01_01,crop07,8948,378,0.8677070153240546,12344,12437,14133,1,1,1.2857346289374445,0.1363672911473828
