scan,crop_id,method,n_valid_gt,gt_label,best_pred_label,best_iou,intersection,gt_volume,pred_volume,volume_ratio,relative_volume_error,centroid_error,recovered_iou050,recovered_iou075
EFRGP01_00,crop02,BA-TOS-LS,265,3676,20,0.8760661952321936,12017,12211,13523,1.1074441077716812,0.10744410777168127,1.6070291048895131,1,1
EFRGP01_00,crop02,BA-TOS-LS,265,3689,16,0.8913964358749635,12205,12275,13622,1.109735234215886,0.10973523421588595,1.2114747286433432,1,1
EFRGP01_00,crop02,BA-TOS-LS,265,3702,35,0.6985102312909397,12050,12176,17125,1.4064553219448095,0.4064553219448095,6.350249621806196,1,0
EFRGP01_00,crop02,BA-TOS-LS,265,3712,38,0.7522221541102189,12271,12461,16123,1.2938768959152556,0.2938768959152556,4.564059261294534,1,1
EFRGP01_00,crop02,BA-TOS-LS,265,3713,29,0.95595690747782,12068,12150,12542,1.0322633744855967,0.032263374485596706,0.08911379506002563,1,1
EFRGP01_00,crop02,BA-TOS-LS,265,3725,49,0.957621166003278,12270,12400,12683,1.0228225806451612,0.02282258064516129,0.01966180760093983,1,1
EFRGP01_00,crop02,BA-TOS-LS,265,3733,42,0.9556217657205582,12188,12288,12654,1.02978515625,0.02978515625,0.1568497782324836,1,1
EFRGP01_00,crop02,BA-TOS-LS,265,3740,53,0.7359445616149443,12213,12313,16495,1.3396410298058963,0.3396410298058962,5.108948448995164,1,0
EFRGP01_00,crop02,BA-TOS-LS,265,3756,60,0.9593996840442338,12146,12273,12533,1.0211847144137538,0.021184714413753768,0.0902941929181997,1,1
EFRGP01_00,crop02,BA-TOS-LS,265,3761,61,0.9522826518459706,11994,12084,12505,1.0348394571333996,0.03483945713339954,0.09708139828871365,1,1
EFRGP01_00,crop02,BA-TOS-LS,265,3765,64,0.9472605439495467,12016,12164,12537,1.0306642551792173,0.03066425517921736,0.04308777289015189,1,1
EFRGP01_00,crop02,BA-TOS-LS,265,3778,59,0.9549712666299299,12131,12202,12632,1.0352401245697427,0.03524012456974267,0.07326544905901634,1,1
EFRGP01_00,crop02,BA-TOS-LS,265,3780,62,0.9434962200919648,12106,12313,12624,1.025257857548932,0.025257857548932023,0.08264251402267507,1,1
EFRGP01_00,crop02,BA-TOS-LS,265,3786,71,0.9526952695269527,12124,12224,12626,1.0328861256544504,0.03288612565445026,0.076705655639089,1,1
EFRGP01_00,crop02,BA-TOS-LS,265,3787,73,0.9552088185064431,12305,12379,12808,1.0346554649002342,0.034655464900234266,0.037851749640445416,1,1
EFRGP01_00,crop02,BA-TOS-LS,265,3788,68,0.9451610411678381,12237,12350,12834,1.0391902834008098,0.03919028340080972,0.0820235118154056,1,1
EFRGP01_00,crop02,BA-TOS-LS,265,3808,77,0.9432861366111717,12125,12273,12706,1.0352806974659823,0.03528069746598224,0.026004612422523176,1,1
EFRGP01_00,crop02,BA-TOS-LS,265,3817,79,0.9587985532316402,12194,12301,12611,1.025201203154215,0.025201203154215104,0.07567154668269613,1,1
EFRGP01_00,crop02,BA-TOS-LS,265,3819,81,0.9617054875641532,12180,12255,12590,1.0273357813137496,0.02733578131374949,0.08204149216510272,1,1
EFRGP01_00,crop02,BA-TOS-LS,265,3828,84,0.9486266924564797,12261,12384,12802,1.0337532299741603,0.03375322997416021,0.094221279331988,1,1
EFRGP01_00,crop02,BA-TOS-LS,265,3836,93,0.9479683622828784,12225,12343,12778,1.035242647654541,0.035242647654541034,0.07614859385265982,1,1
EFRGP01_00,crop02,BA-TOS-LS,265,3844,92,0.7061572613623087,12088,12211,16995,1.391777905167472,0.39177790516747196,5.879812553020102,1,0
EFRGP01_00,crop02,BA-TOS-LS,265,3858,98,0.9577765477978968,12113,12277,12483,1.0167793434878227,0.016779343487822757,0.10945915598053549,1,1
EFRGP01_00,crop02,BA-TOS-LS,265,3859,110,0.9554807918003286,12212,12328,12665,1.0273361453601557,0.027336145360155745,0.054853404366529884,1,1
EFRGP01_00,crop02,BA-TOS-LS,265,3869,102,0.7212807130710139,12300,12369,16984,1.3731101948419435,0.3731101948419436,3.8460777108666764,1,0
EFRGP01_00,crop02,BA-TOS-LS,265,3870,104,0.9557980686189841,12174,12325,12586,1.0211764705882354,0.021176470588235293,0.0850202498376784,1,1
EFRGP01_00,crop02,BA-TOS-LS,265,3872,117,0.7397335280160613,12159,12202,16394,1.3435502376659565,0.3435502376659564,4.196032477625572,1,0
EFRGP01_00,crop02,BA-TOS-LS,265,3874,107,0.9506792219820932,12317,12492,12781,1.0231348062760166,0.02313480627601665,0.03896188902142339,1,1
EFRGP01_00,crop02,BA-TOS-LS,265,3884,120,0.7038454846006612,12135,12267,17109,1.3947175348495964,0.3947175348495965,4.802737268064065,1,0
EFRGP01_00,crop02,BA-TOS-LS,265,3888,121,0.9474925326206571,12054,12252,12524,1.0222004570682337,0.02220045706823376,0.06270126198579674,1,1
EFRGP01_00,crop02,BA-TOS-LS,265,3894,123,0.9513453448686404,11986,12151,12434,1.023290264175788,0.023290264175788,0.087724050656248,1,1
EFRGP01_00,crop02,BA-TOS-LS,265,3902,126,0.9493890421757982,12043,12192,12536,1.0282152230971129,0.02821522309711286,0.09706642751588508,1,1
EFRGP01_00,crop02,BA-TOS-LS,265,3905,119,0.6399034424853065,12194,12340,18910,1.532414910858995,0.5324149108589952,7.072193058058236,1,0
EFRGP01_00,crop02,BA-TOS-LS,265,3914,128,0.953009586672953,12128,12303,12551,1.020157685117451,0.02015768511745103,0.06597882307708534,1,1
EFRGP01_00,crop02,BA-TOS-LS,265,3927,133,0.9557458957887224,12051,12184,12476,1.0239658568614576,0.02396585686145765,0.07479715347070962,1,1
EFRGP01_00,crop02,BA-TOS-LS,265,3935,132,0.9515318146111548,12113,12283,12560,1.0225514939347065,0.022551493934706505,0.05369004802043199,1,1
EFRGP01_00,crop02,BA-TOS-LS,265,3944,149,0.9513190954773869,12116,12231,12621,1.0318861908265882,0.031886190826588175,0.09230801294331141,1,1
EFRGP01_00,crop02,BA-TOS-LS,265,3959,154,0.9585455685291121,12232,12339,12654,1.025528811086798,0.025528811086797956,0.051849552214868,1,1
EFRGP01_00,crop02,BA-TOS-LS,265,3965,156,0.9435281599148743,12414,12610,12961,1.0278350515463917,0.027835051546391754,0.0676326151918265,1,1
EFRGP01_00,crop02,BA-TOS-LS,265,3980,151,0.9555538197156694,12233,12317,12718,1.0325566290492816,0.03255662904928148,0.11727922616953307,1,1
EFRGP01_00,crop02,BA-TOS-LS,265,3982,166,0.9586250294973649,12187,12350,12550,1.0161943319838056,0.016194331983805668,0.0665683225499274,1,1
EFRGP01_00,crop02,BA-TOS-LS,265,3989,155,0.9594003241491086,11839,11921,12258,1.028269440483181,0.02826944048318094,0.02671247557541509,1,1
EFRGP01_00,crop02,BA-TOS-LS,265,3992,164,0.9528750877740501,12213,12353,12677,1.026228446531207,0.026228446531206994,0.061043682801738934,1,1
EFRGP01_00,crop02,BA-TOS-LS,265,3993,160,0.9496431092634716,12107,12252,12604,1.028730003264773,0.0287300032647731,0.061128301113422615,1,1
EFRGP01_00,crop02,BA-TOS-LS,265,4016,169,0.9623131392604248,12231,12327,12614,1.02328222600795,0.02328222600795003,0.043697176717218886,1,1
EFRGP01_00,crop02,BA-TOS-LS,265,4146,31,0.667533185840708,12069,12161,17988,1.4791546747800346,0.47915467478003454,7.097924969107111,1,0
EFRGP01_00,crop02,BA-TOS-LS,265,4178,171,0.9431580577712383,12179,12352,12740,1.0314119170984455,0.031411917098445596,0.09255932459728565,1,1
EFRGP01_00,crop02,BA-TOS-LS,265,5284,14,0.6241247940691927,12123,12202,19345,1.585395836748074,0.585395836748074,6.889227231972816,1,0
EFRGP01_00,crop02,BA-TOS-LS,265,5299,33,0.7011659295847453,12208,12275,17344,1.4129531568228106,0.4129531568228106,4.069082909745284,1,0
EFRGP01_00,crop02,BA-TOS-LS,265,5302,27,0.7855295486874434,12149,12251,15364,1.2541017059831852,0.25410170598318504,3.083557287461828,1,1
EFRGP01_00,crop02,BA-TOS-LS,265,5307,28,0.626150170301459,12317,12352,19636,1.5897020725388602,0.5897020725388601,5.398762727104507,1,0
EFRGP01_00,crop02,BA-TOS-LS,265,5318,36,0.6586748744532642,12198,12316,18401,1.494072750893147,0.4940727508931471,6.937254638779804,1,0
EFRGP01_00,crop02,BA-TOS-LS,265,5326,48,0.5894793135300695,12125,12210,20484,1.6776412776412777,0.6776412776412777,8.3095396095275,1,0
EFRGP01_00,crop02,BA-TOS-LS,265,5332,46,0.7420091324200914,12025,12116,16115,1.3300594255529878,0.3300594255529878,4.831258006090576,1,0
EFRGP01_00,crop02,BA-TOS-LS,265,5333,43,0.7028671737858396,12012,12116,16986,1.401947837570155,0.4019478375701552,6.539150931306122,1,0
EFRGP01_00,crop02,BA-TOS-LS,265,5337,37,0.8804387040912043,12202,12252,13809,1.127081292850147,0.1270812928501469,1.3262216988150213,1,1
EFRGP01_00,crop02,BA-TOS-LS,265,5341,47,0.537759336099585,12312,12409,22798,1.8372149246514626,0.8372149246514626,9.050472475016411,1,0
EFRGP01_00,crop02,BA-TOS-LS,265,5354,55,0.9627507163323782,12096,12187,12473,1.023467629441208,0.023467629441207845,0.0660945932647564,1,1
EFRGP01_00,crop02,BA-TOS-LS,265,5355,57,0.9623204333150169,12259,12348,12650,1.0244574020084225,0.024457402008422415,0.05343946435561843,1,1
EFRGP01_00,crop02,BA-TOS-LS,265,5378,67,0.9546813532651456,12134,12283,12561,1.022632907270211,0.02263290727021086,0.024491827862236824,1,1
EFRGP01_00,crop02,BA-TOS-LS,265,5386,63,0.9505655303329906,12018,12150,12511,1.0297119341563785,0.0297119341563786,0.054245703424332964,1,1
EFRGP01_00,crop02,BA-TOS-LS,265,5387,65,0.6127934153033229,12061,12142,19601,1.6143139515730522,0.6143139515730522,6.767284691118253,1,0
EFRGP01_00,crop02,BA-TOS-LS,265,5398,75,0.5775681341719078,12122,12210,20900,1.7117117117117118,0.7117117117117117,9.431177285813659,1,0
EFRGP01_00,crop02,BA-TOS-LS,265,5411,72,0.9490147012824522,12136,12261,12663,1.0327868852459017,0.03278688524590164,0.023510216974605848,1,1
EFRGP01_00,crop02,BA-TOS-LS,265,5413,78,0.9564670752789565,12172,12291,12607,1.0257098690098445,0.0257098690098446,0.0499803570225267,1,1
EFRGP01_00,crop02,BA-TOS-LS,265,5424,82,0.9608030592734226,12060,12226,12386,1.0130868640601995,0.013086864060199575,0.017949794953958605,1,1
EFRGP01_00,crop02,BA-TOS-LS,265,5429,85,0.7676913425345044,12237,12357,15820,1.280246014404791,0.2802460144047908,4.384117180075563,1,1
EFRGP01_00,crop02,BA-TOS-LS,265,5434,90,0.9545166903970891,12067,12218,12491,1.0223440825012278,0.022344082501227696,0.07626115501670687,1,1
EFRGP01_00,crop02,BA-TOS-LS,265,5444,95,0.9582611434871633,12168,12235,12631,1.0323661626481406,0.03236616264814058,0.0461164883480394,1,1
EFRGP01_00,crop02,BA-TOS-LS,265,5464,105,0.9555573097568677,12105,12181,12592,1.0337410721615632,0.03374107216156309,0.09576811311530858,1,1
EFRGP01_00,crop02,BA-TOS-LS,265,5466,100,0.9502845399936769,12023,12133,12542,1.033709717299926,0.03370971729992582,0.034228048180710326,1,1
EFRGP01_00,crop02,BA-TOS-LS,265,5471,101,0.8043027475375842,12412,12591,15253,1.2114208561671034,0.2114208561671035,2.6121018611877704,1,1
EFRGP01_00,crop02,BA-TOS-LS,265,5476,106,0.8648821812486652,12149,12292,13904,1.1311422063130492,0.13114220631304913,1.7348312510950008,1,1
EFRGP01_00,crop02,BA-TOS-LS,265,5480,115,0.9604140328697851,12155,12254,12557,1.024726619879223,0.02472661987922311,0.03301957383151746,1,1
EFRGP01_00,crop02,BA-TOS-LS,265,5487,113,0.9667993630573248,12143,12205,12498,1.0240065546907005,0.02400655469070053,0.01836971370796874,1,1
EFRGP01_00,crop02,BA-TOS-LS,265,5488,108,0.9523063669825358,12160,12240,12689,1.0366830065359478,0.036683006535947714,0.08151657993272954,1,1
EFRGP01_00,crop02,BA-TOS-LS,265,5490,118,0.9496323238712738,12010,12212,12445,1.0190795938421224,0.019079593842122503,0.08639564079151521,1,1
EFRGP01_00,crop02,BA-TOS-LS,265,5493,116,0.6457586299170458,12066,12164,18587,1.5280335415981585,0.5280335415981585,6.705600017903268,1,0
EFRGP01_00,crop02,BA-TOS-LS,265,5523,122,0.9547828798627894,12247,12345,12729,1.0311057108140949,0.031105710814094776,0.11085894907719908,1,1
EFRGP01_00,crop02,BA-TOS-LS,265,5542,131,0.9576962687158361,12089,12227,12485,1.0211008423979717,0.021100842397971702,0.05474549733565504,1,1
EFRGP01_00,crop02,BA-TOS-LS,265,5544,130,0.949347420758235,12220,12376,12716,1.0274725274725274,0.027472527472527472,0.04318781936457348,1,1
EFRGP01_00,crop02,BA-TOS-LS,265,5546,138,0.9612031728579282,12239,12362,12610,1.0200614787251254,0.020061478725125384,0.058277058362466744,1,1
EFRGP01_00,crop02,BA-TOS-LS,265,5554,134,0.9508029768899334,12137,12304,12598,1.0238946684005201,0.023894668400520156,0.10290186245980788,1,1
EFRGP01_00,crop02,BA-TOS-LS,265,5560,139,0.9553944361257782,12123,12218,12594,1.0307742674742184,0.030774267474218367,0.07561152315077474,1,1
EFRGP01_00,crop02,BA-TOS-LS,265,5566,148,0.958307501549907,12366,12411,12859,1.0360970107163001,0.03609701071630006,0.07985788436848239,1,1
EFRGP01_00,crop02,BA-TOS-LS,265,5575,146,0.956173084557364,12043,12140,12498,1.0294892915980232,0.029489291598023066,0.07804135725566554,1,1
EFRGP01_00,crop02,BA-TOS-LS,265,5580,150,0.9565629442426157,12112,12247,12527,1.0228627418959746,0.022862741895974523,0.0965289194095892,1,1
EFRGP01_00,crop02,BA-TOS-LS,265,5582,141,0.9510741728085307,12130,12352,12532,1.0145725388601037,0.014572538860103627,0.053016519255661414,1,1
EFRGP01_00,crop02,BA-TOS-LS,265,5583,153,0.9693443543856833,12079,12132,12408,1.022749752720079,0.02274975272007913,0.04781050380293922,1,1
EFRGP01_00,crop02,BA-TOS-LS,265,5590,157,0.9505546751188589,11996,12205,12411,1.0168783285538714,0.016878328553871363,0.11076280349576749,1,1
EFRGP01_00,crop02,BA-TOS-LS,265,5598,152,0.9571261226083561,12256,12346,12715,1.0298882229062045,0.02988822290620444,0.10916415550794503,1,1
EFRGP01_00,crop02,BA-TOS-LS,265,5604,163,0.7679817328428263,12108,12253,15621,1.2748714600506,0.27487146005059987,4.3697412527400745,1,1
EFRGP01_00,crop02,BA-TOS-LS,265,5611,165,0.8941298240425847,12094,12239,13381,1.0933082768200015,0.09330827682000163,0.8559525971383739,1,1
EFRGP01_00,crop02,BA-TOS-LS,265,5622,162,0.8991815476190477,12085,12252,13273,1.0833333333333333,0.08333333333333333,0.9411723806751925,1,1
EFRGP01_00,crop02,BA-TOS-LS,265,5872,26,0.9368868288914639,12128,12232,12841,1.0497874427730542,0.04978744277305428,0.39659204786838703,1,1
EFRGP01_00,crop02,BA-TOS-LS,265,5878,40,0.9535745251044376,12098,12204,12581,1.0308915109800065,0.030891510980006556,0.08604158269570246,1,1
EFRGP01_00,crop02,BA-TOS-LS,265,5879,39,0.6162499360842665,12052,12132,19477,1.6054236729310913,0.6054236729310913,7.914490704457998,1,0
EFRGP01_00,crop02,BA-TOS-LS,265,5881,56,0.9532761739951231,12119,12263,12569,1.0249531109842616,0.0249531109842616,0.097439839815206,1,1
EFRGP01_00,crop02,BA-TOS-LS,265,5882,44,0.6488214575995666,11974,12057,18372,1.5237621298830555,0.5237621298830555,6.686773704404544,1,0
EFRGP01_00,crop02,BA-TOS-LS,265,5894,74,0.9541835778957227,12225,12356,12681,1.026303010683069,0.026303010683068954,0.06616761240817692,1,1
EFRGP01_00,crop02,BA-TOS-LS,265,5897,70,0.9623301279504093,12109,12178,12514,1.027590737395303,0.027590737395303006,0.036958799261289574,1,1
EFRGP01_00,crop02,BA-TOS-LS,265,5907,83,0.9590629436819688,12159,12251,12586,1.0273447065545669,0.027344706554566976,0.0764894164269024,1,1
EFRGP01_00,crop02,BA-TOS-LS,265,5909,94,0.9564289103273762,12095,12174,12567,1.0322819122720552,0.0322819122720552,0.08387856303050593,1,1
EFRGP01_00,crop02,BA-TOS-LS,265,5910,99,0.9551068883610452,12063,12179,12514,1.0275063634124313,0.027506363412431234,0.15083746892187863,1,1
EFRGP01_00,crop02,BA-TOS-LS,265,5917,111,0.9617628508356986,12199,12287,12596,1.0251485309676893,0.025148530967689427,0.054950527771500085,1,1
EFRGP01_00,crop02,BA-TOS-LS,265,5925,124,0.6452185131430415,12003,12097,18509,1.5300487724229148,0.5300487724229148,6.150796406460298,1,0
EFRGP01_00,crop02,BA-TOS-LS,265,5931,127,0.9496278887583235,12122,12250,12637,1.031591836734694,0.03159183673469388,0.07441115941132685,1,1
EFRGP01_00,crop02,BA-TOS-LS,265,5932,129,0.955944055944056,12303,12427,12746,1.0256699122877606,0.02566991228776052,0.06282615631498516,1,1
EFRGP01_00,crop02,BA-TOS-LS,265,5938,142,0.9558163345672206,12136,12257,12576,1.026025944358326,0.026025944358325854,0.07350046779067365,1,1
EFRGP01_00,crop02,BA-TOS-LS,265,5942,147,0.9526613095711671,11974,12158,12385,1.0186708340187531,0.018670834018753083,0.03055590127093152,1,1
EFRGP01_00,crop02,BA-TOS-LS,265,5944,159,0.9572608833809978,12050,12153,12485,1.0273183576071752,0.027318357607175183,0.06703036799892907,1,1
EFRGP01_00,crop02,BA-TOS-LS,265,5946,161,0.9552803848883982,12112,12219,12572,1.0288894344872739,0.028889434487273918,0.08209511122886684,1,1
EFRGP01_00,crop02,BA-TOS-LS,265,5949,173,0.9618706715430706,12361,12470,12742,1.021812349639134,0.02181234963913392,0.08136060125937464,1,1
EFRGP01_00,crop02,BA-TOS-LS,265,5951,174,0.9536119260962652,12026,12162,12475,1.0257358987008716,0.025735898700871566,0.05564981515178725,1,1
EFRGP01_00,crop02,BA-TOS-LS,265,9763,235,0.9524601854052769,12021,12173,12469,1.0243161094224924,0.0243161094224924,0.0722064549570206,1,1
EFRGP01_00,crop02,BA-TOS-LS,265,9769,240,0.9714033255683188,12093,12155,12387,1.0190867955573837,0.019086795557383792,0.023417758518376856,1,1
EFRGP01_00,crop02,BA-TOS-LS,265,9771,241,0.8293526937169222,12223,12358,14603,1.1816636996277714,0.18166369962777149,2.9787073161274567,1,1
EFRGP01_00,crop02,BA-TOS-LS,265,9776,236,0.9535972079003728,12022,12161,12468,1.0252446344872954,0.025244634487295452,0.0858739814869858,1,1
EFRGP01_00,crop02,BA-TOS-LS,265,9777,239,0.9615987460815048,12270,12346,12684,1.027377288190507,0.027377288190507047,0.03799210507170197,1,1
EFRGP01_00,crop02,BA-TOS-LS,265,9783,244,0.8618664802516602,12329,12402,14232,1.1475568456700531,0.14755684567005323,2.0275930781576954,1,1
EFRGP01_00,crop02,BA-TOS-LS,265,9804,255,0.884851106784916,12272,12340,13801,1.1183954619124798,0.11839546191247974,1.4320954985333103,1,1
EFRGP01_00,crop02,BA-TOS-LS,265,9817,265,0.9631500039453957,12206,12325,12554,1.018580121703854,0.018580121703853956,0.03886161873183133,1,1
EFRGP01_00,crop02,BA-TOS-LS,265,9818,262,0.9549965381952458,12414,12534,12879,1.027525131641934,0.02752513164193394,0.04188049991596821,1,1
EFRGP01_00,crop02,BA-TOS-LS,265,9822,264,0.6919517907122865,12114,12228,17393,1.422391233235198,0.4223912332351979,6.256202115416621,1,0
EFRGP01_00,crop02,BA-TOS-LS,265,9842,269,0.9599682917162109,12110,12216,12509,1.0239849377865096,0.023984937786509494,0.043163173011014085,1,1
EFRGP01_00,crop02,BA-TOS-LS,265,9843,270,0.9241074826824998,12140,12215,13062,1.0693409742120343,0.06934097421203439,0.6230728437629638,1,1
EFRGP01_00,crop02,BA-TOS-LS,265,9844,272,0.9605200945626478,12189,12269,12610,1.0277936262124052,0.027793626212405248,0.054047974154839154,1,1
EFRGP01_00,crop02,BA-TOS-LS,265,9852,275,0.9565525383707202,12153,12296,12562,1.021633051398829,0.021633051398828887,0.08334837789614263,1,1
EFRGP01_00,crop02,BA-TOS-LS,265,9855,282,0.961553674551064,12155,12250,12546,1.0241632653061223,0.02416326530612245,0.048023292642772386,1,1
EFRGP01_00,crop02,BA-TOS-LS,265,9857,283,0.9487771112136595,12336,12475,12863,1.0311022044088176,0.031102204408817634,0.0414715776586611,1,1
EFRGP01_00,crop02,BA-TOS-LS,265,9873,278,0.9598635678591259,12101,12211,12497,1.0234215052002293,0.0234215052002293,0.049216981437514094,1,1
EFRGP01_00,crop02,BA-TOS-LS,265,9876,284,0.9519805092738133,12113,12254,12583,1.0268483760404765,0.02684837604047658,0.05050079282405395,1,1
EFRGP01_00,crop02,BA-TOS-LS,265,9882,288,0.96888711607499,12145,12214,12466,1.0206320615686917,0.020632061568691667,0.023105539756635478,1,1
EFRGP01_00,crop02,BA-TOS-LS,265,9889,287,0.9638620907796932,12189,12304,12531,1.0184492847854356,0.01844928478543563,0.0646135402522095,1,1
EFRGP01_00,crop02,BA-TOS-LS,265,9902,299,0.7697134888438134,12143,12279,15640,1.2737193582539295,0.27371935825392946,4.336691513928835,1,1
EFRGP01_00,crop02,BA-TOS-LS,265,9903,302,0.8138959475725558,12171,12286,14839,1.2077974930815563,0.20779749308155623,3.021983430767461,1,1
EFRGP01_00,crop02,BA-TOS-LS,265,9917,309,0.9589877835951134,12089,12221,12474,1.0207020702070206,0.020702070207020702,0.057265943850929195,1,1
EFRGP01_00,crop02,BA-TOS-LS,265,9925,322,0.9488667555485845,12099,12237,12613,1.0307264852496527,0.030726485249652692,0.06611072542852484,1,1
EFRGP01_00,crop02,BA-TOS-LS,265,9931,316,0.9604992889872017,12158,12259,12557,1.0243086711803573,0.02430867118035729,0.0882333324003737,1,1
EFRGP01_00,crop02,BA-TOS-LS,265,9938,317,0.9590652446675031,12230,12323,12659,1.0272660878032946,0.02726608780329465,0.05426119434869566,1,1
EFRGP01_00,crop02,BA-TOS-LS,265,9940,326,0.9602169981916817,12213,12341,12591,1.020257677659833,0.020257677659833075,0.03524444010802763,1,1
EFRGP01_00,crop02,BA-TOS-LS,265,9948,318,0.7864465794055064,12197,12396,15310,1.2350758309131977,0.2350758309131978,3.7752918139434364,1,1
EFRGP01_00,crop02,BA-TOS-LS,265,9959,323,0.9649164868536722,12074,12146,12441,1.024287831384818,0.024287831384818048,0.08901539085385009,1,1
EFRGP01_00,crop02,BA-TOS-LS,265,9962,328,0.8247883192212814,12371,12443,14927,1.1996303142329021,0.19963031423290203,2.835523081796137,1,1
EFRGP01_00,crop02,BA-TOS-LS,265,9967,331,0.9530646051905025,12082,12203,12556,1.0289273129558305,0.028927312955830533,0.03360200769089791,1,1
EFRGP01_00,crop02,BA-TOS-LS,265,9976,327,0.9590163934426229,12285,12404,12691,1.02313769751693,0.023137697516930022,0.06176989914289086,1,1
EFRGP01_00,crop02,BA-TOS-LS,265,9978,330,0.9576740506329114,12105,12194,12551,1.029276693455798,0.029276693455797934,0.03197457900023296,1,1
EFRGP01_00,crop02,BA-TOS-LS,265,9985,335,0.9592367736339983,12166,12271,12578,1.0250183359139435,0.025018335913943444,0.03903314659340022,1,1
EFRGP01_00,crop02,BA-TOS-LS,265,10004,348,0.9646353015472056,12220,12296,12592,1.0240728692257646,0.024072869225764477,0.04439756314201615,1,1
EFRGP01_00,crop02,BA-TOS-LS,265,10016,342,0.9573001663629882,12084,12226,12481,1.020857189595943,0.02085718959594307,0.08781086936980124,1,1
EFRGP01_00,crop02,BA-TOS-LS,265,10017,349,0.633341935483871,12271,12311,19335,1.5705466655836244,0.5705466655836244,4.406657502323872,1,0
EFRGP01_00,crop02,BA-TOS-LS,265,10022,358,0.571286660359508,12077,12148,21069,1.7343595653605532,0.7343595653605531,8.745871356182462,1,0
EFRGP01_00,crop02,BA-TOS-LS,265,10038,368,0.6395029085140137,12093,12239,18764,1.5331317918130567,0.5331317918130566,7.133001427987392,1,0
EFRGP01_00,crop02,BA-TOS-LS,265,10040,365,0.5654126380424322,12339,12429,21733,1.74857188832569,0.7485718883256899,4.389269840265726,1,0
EFRGP01_00,crop02,BA-TOS-LS,265,10042,367,0.9539748953974896,12312,12450,12768,1.0255421686746988,0.025542168674698794,0.049594190488951355,1,1
EFRGP01_00,crop02,BA-TOS-LS,265,10052,366,0.8503424657534246,12415,12627,14388,1.139463055357567,0.13946305535756712,2.2300125312559076,1,1
EFRGP01_00,crop02,BA-TOS-LS,265,10062,375,0.6461530348573538,12253,12341,18875,1.5294546633173973,0.5294546633173973,6.036390818841774,1,0
EFRGP01_00,crop02,BA-TOS-LS,265,10071,371,0.9180105501130369,12182,12392,13060,1.05390574564235,0.0539057456423499,0.7444013634919772,1,1
EFRGP01_00,crop02,BA-TOS-LS,265,10072,372,0.9146395728270543,12333,12443,13374,1.074821184601784,0.07482118460178414,0.7676534402800884,1,1
EFRGP01_00,crop02,BA-TOS-LS,265,10085,382,0.91842603102535,12137,12283,13069,1.0639908817064234,0.06399088170642352,0.6523550181568323,1,1
EFRGP01_00,crop02,BA-TOS-LS,265,11507,177,0.8109764132296745,12309,12406,15081,1.215621473480574,0.21562147348057392,2.655450372446311,1,1
EFRGP01_00,crop02,BA-TOS-LS,265,11516,182,0.958287336382274,12153,12272,12563,1.023712516297262,0.02371251629726206,0.0910037440339035,1,1
EFRGP01_00,crop02,BA-TOS-LS,265,11527,180,0.9668132746901239,12090,12160,12435,1.0226151315789473,0.02261513157894737,0.03196123133415229,1,1
EFRGP01_00,crop02,BA-TOS-LS,265,11528,191,0.9419859265050821,12048,12245,12593,1.0284197631686403,0.028419763168640262,0.08421226591695338,1,1
EFRGP01_00,crop02,BA-TOS-LS,265,11529,183,0.9542644261255548,12039,12158,12497,1.0278828754729397,0.02788287547293963,0.10056538043014217,1,1
EFRGP01_00,crop02,BA-TOS-LS,265,11535,187,0.9587261348332409,12102,12206,12519,1.0256431263313124,0.02564312633131247,0.06707223254201874,1,1
EFRGP01_00,crop02,BA-TOS-LS,265,11549,201,0.9584750454797121,12118,12203,12558,1.0290912070802263,0.029091207080226174,0.08768024139483398,1,1
EFRGP01_00,crop02,BA-TOS-LS,265,11553,203,0.9250786827358563,12051,12124,12954,1.0684592543714946,0.06845925437149455,0.8152722042002299,1,1
EFRGP01_00,crop02,BA-TOS-LS,265,11554,208,0.960054002541296,12089,12230,12451,1.0180703188879803,0.018070318887980375,0.05188632930459342,1,1
EFRGP01_00,crop02,BA-TOS-LS,265,11569,207,0.763943661971831,12204,12361,15818,1.2796699296173448,0.2796699296173449,4.816546899768459,1,1
EFRGP01_00,crop02,BA-TOS-LS,265,11571,210,0.9442150370081808,12119,12305,12649,1.027956115400244,0.027956115400243804,0.0665460555034113,1,1
EFRGP01_00,crop02,BA-TOS-LS,265,11584,215,0.9607595934126546,12193,12301,12583,1.0229249654499635,0.02292496544996342,0.038467459554333526,1,1
EFRGP01_00,crop02,BA-TOS-LS,265,11605,219,0.9560206961429916,12195,12343,12608,1.0214696589159848,0.02146965891598477,0.09285894442721436,1,1
EFRGP01_00,crop02,BA-TOS-LS,265,11612,222,0.8800964489259097,12045,12217,13514,1.1061635426045675,0.10616354260456741,1.1006695744884947,1,1
EFRGP01_00,crop02,BA-TOS-LS,265,11615,226,0.7920322350035744,12187,12297,15277,1.2423355289908107,0.24233552899081076,3.2185238404097714,1,1
EFRGP01_00,crop02,BA-TOS-LS,265,11619,223,0.9553169653430172,12101,12252,12516,1.0215475024485798,0.021547502448579822,0.07787948149206886,1,1
EFRGP01_00,crop02,BA-TOS-LS,265,11628,232,0.9652843978392119,12151,12251,12488,1.0193453595624846,0.019345359562484694,0.05556550687265686,1,1
EFRGP01_00,crop02,BA-TOS-LS,265,11636,233,0.948136645962733,12212,12380,12712,1.0268174474959613,0.026817447495961228,0.0385099155068015,1,1
EFRGP01_00,crop02,BA-TOS-LS,265,11863,238,0.952169510010127,12223,12376,12684,1.0248868778280542,0.024886877828054297,0.04898700922380656,1,1
EFRGP01_00,crop02,BA-TOS-LS,265,11866,247,0.9576465020900702,12142,12312,12509,1.0160006497725795,0.016000649772579596,0.045124763223985925,1,1
EFRGP01_00,crop02,BA-TOS-LS,265,11868,245,0.9558927035270196,12223,12348,12662,1.0254292193067702,0.025429219306770327,0.14998292770603813,1,1
EFRGP01_00,crop02,BA-TOS-LS,265,11870,242,0.9533370367431157,12013,12156,12458,1.0248436985850609,0.024843698585060876,0.1003229538260926,1,1
EFRGP01_00,crop02,BA-TOS-LS,265,11890,249,0.9580974842767296,12187,12313,12594,1.0228214082676845,0.02282140826768456,0.0641498330194979,1,1
EFRGP01_00,crop02,BA-TOS-LS,265,11891,256,0.957910471245378,12176,12324,12563,1.0193930542031808,0.019393054203180785,0.03377089526146075,1,1
EFRGP01_00,crop02,BA-TOS-LS,265,11892,254,0.9528585757271816,12350,12446,12865,1.033665434677808,0.03366543467780813,0.04792188513982297,1,1
EFRGP01_00,crop02,BA-TOS-LS,265,11896,253,0.9637036453822534,12240,12323,12618,1.023938975898726,0.02393897589872596,0.037769081997943196,1,1
EFRGP01_00,crop02,BA-TOS-LS,265,11897,252,0.9577210216110019,12187,12319,12593,1.022242065102687,0.022242065102686906,0.07358738737845034,1,1
EFRGP01_00,crop02,BA-TOS-LS,265,11911,260,0.6951976102941176,12102,12194,17316,1.420042643923241,0.4200426439232409,5.159435207126658,1,0
EFRGP01_00,crop02,BA-TOS-LS,265,11933,267,0.9571072707457574,12295,12360,12781,1.0340614886731392,0.034061488673139156,0.06844813157538926,1,1
EFRGP01_00,crop02,BA-TOS-LS,265,11941,273,0.8128571428571428,12518,12652,15266,1.2066076509642745,0.20660765096427441,3.927102720573955,1,1
EFRGP01_00,crop02,BA-TOS-LS,265,11948,280,0.966052299936988,12265,12349,12612,1.0212972710340917,0.02129727103409183,0.03538057699910868,1,1
EFRGP01_00,crop02,BA-TOS-LS,265,11953,277,0.9534626038781163,12047,12197,12485,1.0236123636959908,0.023612363695990818,0.11824195464084383,1,1
EFRGP01_00,crop02,BA-TOS-LS,265,11961,276,0.947620167803654,12085,12275,12563,1.0234623217922607,0.023462321792260692,0.028555742504898993,1,1
EFRGP01_00,crop02,BA-TOS-LS,265,11977,297,0.9556060131537739,12205,12321,12656,1.0271893515136759,0.02718935151367584,0.08687871655981004,1,1
EFRGP01_00,crop02,BA-TOS-LS,265,11979,296,0.9556534046233685,12154,12292,12580,1.0234298730881874,0.02342987308818744,0.042886342376426065,1,1
EFRGP01_00,crop02,BA-TOS-LS,265,11984,289,0.9524177949709864,12310,12397,12838,1.0355731225296443,0.03557312252964427,0.09749154368423177,1,1
EFRGP01_00,crop02,BA-TOS-LS,265,11988,300,0.9594350725774814,12228,12407,12566,1.012815346175546,0.012815346175546062,0.049996371978227774,1,1
EFRGP01_00,crop02,BA-TOS-LS,265,11990,293,0.960234375,12291,12403,12688,1.0229783116987825,0.022978311698782554,0.04748559938105285,1,1
EFRGP01_00,crop02,BA-TOS-LS,265,11992,294,0.9492432349793609,12418,12550,12950,1.0318725099601593,0.03187250996015936,0.09963607743214974,1,1
EFRGP01_00,crop02,BA-TOS-LS,265,12002,295,0.9565217391304348,12254,12358,12707,1.0282408156659653,0.028240815665965365,0.10831258463556848,1,1
EFRGP01_00,crop02,BA-TOS-LS,265,12010,304,0.927785784722749,12231,12358,13056,1.0564816313319307,0.05648163133193073,0.6161027579158196,1,1
EFRGP01_00,crop02,BA-TOS-LS,265,12025,306,0.957198136302614,12121,12246,12538,1.0238445206598072,0.023844520659807283,0.04555417932216025,1,1
EFRGP01_00,crop02,BA-TOS-LS,265,12029,308,0.9508550300415961,12344,12525,12801,1.0220359281437126,0.022035928143712576,0.09062743173577906,1,1
EFRGP01_00,crop02,BA-TOS-LS,265,12037,315,0.6350927686693735,12357,12457,19357,1.553905434695352,0.553905434695352,7.746364467602965,1,0
EFRGP01_00,crop02,BA-TOS-LS,265,12043,313,0.8334357294013244,12209,12335,14523,1.1773814349412242,0.17738143494122416,2.6334629755388073,1,1
EFRGP01_00,crop02,BA-TOS-LS,265,12073,325,0.9540638836179633,12067,12225,12490,1.0216768916155419,0.021676891615541923,0.09945980818580354,1,1
EFRGP01_00,crop02,BA-TOS-LS,265,12077,333,0.949666231872938,12377,12462,12948,1.0389985556090515,0.038998555609051515,0.062481792381171276,1,1
EFRGP01_00,crop02,BA-TOS-LS,265,12088,337,0.9631105900742477,12323,12402,12716,1.0253184970166103,0.025318497016610222,0.05119899586237562,1,1
EFRGP01_00,crop02,BA-TOS-LS,265,12090,336,0.957983852002822,12221,12323,12655,1.0269414915199222,0.026941491519922096,0.05388228505075029,1,1
EFRGP01_00,crop02,BA-TOS-LS,265,12106,343,0.9574685534591195,12179,12288,12611,1.0262858072916667,0.026285807291666668,0.07897533425208023,1,1
EFRGP01_00,crop02,BA-TOS-LS,265,12109,344,0.9486554489699638,12065,12250,12533,1.0231020408163265,0.02310204081632653,0.02444976701794239,1,1
EFRGP01_00,crop02,BA-TOS-LS,265,12113,346,0.9659584550983334,12230,12333,12558,1.0182437363171977,0.01824373631719776,0.07380569905881837,1,1
EFRGP01_00,crop02,BA-TOS-LS,265,12117,341,0.9524289145424963,12293,12470,12730,1.020850040096231,0.020850040096230954,0.05962596911377868,1,1
EFRGP01_00,crop02,BA-TOS-LS,265,12122,350,0.9695983489442769,12215,12312,12501,1.0153508771929824,0.015350877192982455,0.019526205008130987,1,1
EFRGP01_00,crop02,BA-TOS-LS,265,12128,347,0.9592148660606549,11924,12038,12317,1.0231766074098687,0.02317660740986875,0.08267107812681924,1,1
EFRGP01_00,crop02,BA-TOS-LS,265,12133,355,0.9581905948302709,12307,12457,12694,1.019025447539536,0.019025447539536004,0.044731975206238166,1,1
EFRGP01_00,crop02,BA-TOS-LS,265,12134,352,0.9569672131147541,12142,12261,12569,1.025120300138651,0.025120300138651006,0.07886976906802359,1,1
EFRGP01_00,crop02,BA-TOS-LS,265,12153,359,0.9622922546252743,12275,12346,12685,1.0274582860845618,0.0274582860845618,0.05209662958311625,1,1
EFRGP01_00,crop02,BA-TOS-LS,265,12186,373,0.8530237126420653,12159,12269,14144,1.1528241910506154,0.15282419105061537,2.332307630660991,1,1
EFRGP01_00,crop02,BA-TOS-LS,265,12193,378,0.7549228646682553,12038,12133,15851,1.3064369900271986,0.30643699002719854,3.3215265905738782,1,1
EFRGP01_00,crop02,BA-TOS-LS,265,12224,387,0.8977833419250313,12191,12257,13513,1.1024720567838786,0.1024720567838786,1.064899475791315,1,1
EFRGP01_00,crop02,BA-TOS-LS,265,13731,170,0.9549102927289896,12135,12252,12591,1.0276689520078355,0.027668952007835455,0.08173718884147586,1,1
EFRGP01_00,crop02,BA-TOS-LS,265,13755,179,0.9553812014582342,12055,12203,12470,1.021879865606818,0.021879865606817997,0.07433905888495519,1,1
EFRGP01_00,crop02,BA-TOS-LS,265,13767,188,0.9607672876539312,12171,12267,12572,1.024863454797424,0.024863454797423985,0.09227208801198211,1,1
EFRGP01_00,crop02,BA-TOS-LS,265,13772,195,0.9566595356944775,12074,12193,12502,1.0253424095792667,0.025342409579266794,0.030775103096327062,1,1
EFRGP01_00,crop02,BA-TOS-LS,265,13773,181,0.9663825757575758,12246,12323,12595,1.0220725472693337,0.022072547269333765,0.04638021366915078,1,1
EFRGP01_00,crop02,BA-TOS-LS,265,13780,196,0.9618424203719965,12049,12150,12426,1.022716049382716,0.02271604938271605,0.034313120281622644,1,1
EFRGP01_00,crop02,BA-TOS-LS,265,13781,197,0.9536439477412246,12117,12273,12550,1.02256986881773,0.022569868817729977,0.09807340445547848,1,1
EFRGP01_00,crop02,BA-TOS-LS,265,13783,198,0.9634369287020109,12121,12222,12480,1.021109474717722,0.02110947471772214,0.08046138820287824,1,1
EFRGP01_00,crop02,BA-TOS-LS,265,13786,190,0.956718192627824,12069,12170,12514,1.028266228430567,0.02826622843056697,0.09164261844109874,1,1
EFRGP01_00,crop02,BA-TOS-LS,265,13788,194,0.9596824897830871,12211,12305,12630,1.0264120276310442,0.02641202763104429,0.023881920144317597,1,1
EFRGP01_00,crop02,BA-TOS-LS,265,13795,189,0.9569233219205351,12018,12171,12406,1.0193081916029907,0.019308191602990715,0.044599356180935426,1,1
EFRGP01_00,crop02,BA-TOS-LS,265,13796,192,0.947401377582968,12104,12271,12609,1.0275446173905958,0.027544617390595712,0.16449353855829302,1,1
EFRGP01_00,crop02,BA-TOS-LS,265,13797,202,0.5981142321172928,12116,12212,20161,1.6509171306911234,0.6509171306911234,8.689438698983064,1,0
EFRGP01_00,crop02,BA-TOS-LS,265,13800,193,0.9549349412884799,12036,12140,12500,1.029654036243822,0.029654036243822075,0.03339349663876821,1,1
EFRGP01_00,crop02,BA-TOS-LS,265,13807,200,0.9599119635277472,12212,12307,12627,1.0260014625822702,0.026001462582270252,0.011957701413024848,1,1
EFRGP01_00,crop02,BA-TOS-LS,265,13825,217,0.7086343509671406,12163,12252,17075,1.3936500163238654,0.3936500163238655,3.6214080197108665,1,0
EFRGP01_00,crop02,BA-TOS-LS,265,13831,214,0.9623238879214817,12158,12230,12562,1.0271463614063778,0.02714636140637776,0.04129708539091806,1,1
EFRGP01_00,crop02,BA-TOS-LS,265,13832,211,0.9569596349043985,12162,12281,12590,1.025160817523003,0.025160817523003014,0.052440354345527164,1,1
EFRGP01_00,crop02,BA-TOS-LS,265,13835,218,0.9571133036282623,12029,12198,12399,1.0164781111657648,0.01647811116576488,0.06617228662915865,1,1
EFRGP01_00,crop02,BA-TOS-LS,265,13852,220,0.9521868631446935,12148,12293,12613,1.026031074595298,0.02603107459529814,0.07016046050764826,1,1
EFRGP01_00,crop02,BA-TOS-LS,265,13870,225,0.9626197830046725,12155,12252,12530,1.0226901730329743,0.022690173032974208,0.07144934662062853,1,1
EFRGP01_00,crop02,BA-TOS-LS,265,13871,228,0.9552883859814553,12157,12294,12589,1.0239954449324873,0.02399544493248739,0.08401816085842344,1,1
EFRGP01_00,crop02,BA-TOS-LS,265,13872,221,0.9518243563418102,12052,12149,12565,1.0342415013581365,0.03424150135813647,0.0486992538132418,1,1
EFRGP01_00,crop02,BA-TOS-LS,265,13888,229,0.6394887845592071,12259,12397,19032,1.5352101314834234,0.5352101314834234,5.126031943934632,1,0
EFRGP01_00,crop02,BA-TOS-LS,265,13899,231,0.9594594594594594,12141,12264,12531,1.0217710371819961,0.021771037181996085,0.05953894731684512,1,1
EFRGP01_00,crop02,BA-TOS-LS,265,13906,246,0.9602836879432625,12186,12320,12556,1.0191558441558441,0.019155844155844155,0.1055138603174555,1,1
EFRGP01_00,crop02,BA-TOS-LS,265,13910,248,0.9550994731461823,12146,12291,12572,1.0228622569359693,0.022862256935969407,0.05221564262509828,1,1
EFRGP01_00,crop02,BA-TOS-LS,265,13916,261,0.9594647776465959,12190,12297,12598,1.0244775148410181,0.024477514841018136,0.06150622725944347,1,1
EFRGP01_00,crop02,BA-TOS-LS,265,13920,274,0.9133248062598751,12139,12280,13150,1.0708469055374592,0.07084690553745929,0.8157966286294909,1,1
EFRGP01_00,crop02,BA-TOS-LS,265,13922,279,0.9520644354081952,12175,12337,12626,1.023425468104077,0.023425468104077165,0.05116572816853716,1,1
EFRGP01_00,crop02,BA-TOS-LS,265,13924,268,0.9612689915767929,12211,12326,12588,1.0212558818757098,0.02125588187570988,0.05868903346519756,1,1
EFRGP01_00,crop02,BA-TOS-LS,265,13930,286,0.9536993216595677,12091,12214,12555,1.0279187817258884,0.027918781725888325,0.0408603766397758,1,1
EFRGP01_00,crop02,BA-TOS-LS,265,13939,292,0.9595999062280222,12280,12396,12681,1.0229912875121008,0.022991287512100677,0.11227440575491833,1,1
EFRGP01_00,crop02,BA-TOS-LS,265,13942,303,0.9609690444145357,12138,12248,12521,1.0222893533638144,0.0222893533638145,0.026251663535709298,1,1
EFRGP01_00,crop02,BA-TOS-LS,265,13944,307,0.9600409836065574,12181,12296,12573,1.0225276512687054,0.02252765126870527,0.07868976996902577,1,1
EFRGP01_00,crop02,BA-TOS-LS,265,13945,310,0.953948397185301,12201,12379,12612,1.0188221988852089,0.01882219888520882,0.1030525546944336,1,1
EFRGP01_00,crop02,BA-TOS-LS,265,13948,321,0.8544773482224892,12090,12228,14011,1.1458128884527314,0.14581288845273144,2.452972860509596,1,1
EFRGP01_00,crop02,BA-TOS-LS,265,13955,329,0.9563582229883256,12206,12320,12649,1.0267045454545454,0.026704545454545453,0.04949561019512652,1,1
EFRGP01_00,crop02,BA-TOS-LS,265,13956,334,0.9553077044771396,12077,12249,12470,1.0180422891664627,0.01804228916646257,0.06105559171310904,1,1
EFRGP01_00,crop02,BA-TOS-LS,265,13960,340,0.9550465838509317,12301,12393,12788,1.0318728314371015,0.03187283143710159,0.09374854596915871,1,1
EFRGP01_00,crop02,BA-TOS-LS,265,13962,345,0.9566795549593624,12124,12279,12518,1.0194641257431387,0.01946412574313869,0.045315874797423994,1,1
EFRGP01_00,crop02,BA-TOS-LS,265,13968,351,0.77185699237871,12457,12538,16058,1.2807465305471366,0.2807465305471367,4.460330935342213,1,1
EFRGP01_00,crop02,BA-TOS-LS,265,13977,377,0.8689959490740741,12013,12134,13703,1.129306082083402,0.12930608208340202,1.7582046813722394,1,1
EFRGP01_00,crop02,BA-TOS-LS,265,13991,390,0.8725046014441455,12325,12452,13999,1.1242370703501445,0.12423707035014456,1.373429646590451,1,1
EFRGP01_01,crop02,BA-TOS-LS,262,3673,31,0.8543534153290251,12295,12533,14153,1.129258756881832,0.12925875688183197,2.4141148920425417,1,1
EFRGP01_01,crop02,BA-TOS-LS,262,3676,41,0.7650037509377344,12237,12415,15818,1.2741039065646396,0.27410390656463957,3.4287825819213578,1,1
EFRGP01_01,crop02,BA-TOS-LS,262,3678,44,0.8674033149171271,12403,12624,14078,1.1151774397972116,0.11517743979721166,1.9056688475624217,1,1
EFRGP01_01,crop02,BA-TOS-LS,262,3683,47,0.574964639321075,12195,12382,21023,1.6978678727184622,0.6978678727184623,7.301465290544099,1,0
EFRGP01_01,crop02,BA-TOS-LS,262,3689,40,0.7778690077685846,12316,12473,15676,1.2567946765012428,0.25679467650124266,3.7820220509801143,1,1
EFRGP01_01,crop02,BA-TOS-LS,262,3702,52,0.9580932838765686,12140,12343,12468,1.0101271976018795,0.010127197601879608,0.05517440417010266,1,1
EFRGP01_01,crop02,BA-TOS-LS,262,3712,57,0.6265974237564279,12307,12544,19404,1.546875,0.546875,8.123724894404479,1,0
EFRGP01_01,crop02,BA-TOS-LS,262,3713,49,0.9635203277655215,12229,12382,12539,1.0126796963333873,0.012679696333387174,0.036671573059819565,1,1
EFRGP01_01,crop02,BA-TOS-LS,262,3725,68,0.9632876712328767,12306,12505,12576,1.0056777289084367,0.005677728908436625,0.06906925687793451,1,1
EFRGP01_01,crop02,BA-TOS-LS,262,3733,64,0.9587138062904862,12284,12498,12599,1.0080812930068812,0.008081293006881101,0.10239751799179994,1,1
EFRGP01_01,crop02,BA-TOS-LS,262,3740,75,0.9561417199937569,12252,12450,12616,1.0133333333333334,0.013333333333333334,0.05459970856144322,1,1
EFRGP01_01,crop02,BA-TOS-LS,262,3756,84,0.9637749489234638,12265,12472,12519,1.003768441308531,0.0037684413085311095,0.02847569633929947,1,1
EFRGP01_01,crop02,BA-TOS-LS,262,3761,80,0.9575628259838787,12117,12322,12449,1.0103067683817561,0.010306768381756209,0.04326100284251162,1,1
EFRGP01_01,crop02,BA-TOS-LS,262,3765,89,0.9543633650145315,12150,12365,12516,1.0122118883946623,0.012211888394662354,0.056527513235089824,1,1
EFRGP01_01,crop02,BA-TOS-LS,262,3778,79,0.8527196652719665,12228,12358,14210,1.149862437287587,0.149862437287587,2.5610086061687936,1,1
EFRGP01_01,crop02,BA-TOS-LS,262,3780,82,0.9501900845682365,12247,12494,12642,1.011845685929246,0.011845685929246038,0.05160052576459687,1,1
EFRGP01_01,crop02,BA-TOS-LS,262,3786,96,0.9546986440943648,12181,12365,12575,1.0169834209462192,0.016983420946219168,0.0846630380248135,1,1
EFRGP01_01,crop02,BA-TOS-LS,262,3787,99,0.9595013164008054,12391,12539,12766,1.0181035170268762,0.018103517026876147,0.04709768309505963,1,1
EFRGP01_01,crop02,BA-TOS-LS,262,3788,92,0.797786264483138,12325,12560,15214,1.2113057324840764,0.21130573248407644,3.5411849203837127,1,1
EFRGP01_01,crop02,BA-TOS-LS,262,3808,98,0.9467771924387977,12221,12484,12645,1.012896507529638,0.012896507529637936,0.023796157347314748,1,1
EFRGP01_01,crop02,BA-TOS-LS,262,3817,101,0.9633636004737466,12201,12387,12479,1.0074271413578753,0.007427141357875192,0.04335309226962472,1,1
EFRGP01_01,crop02,BA-TOS-LS,262,3819,103,0.9684483164586767,12339,12531,12549,1.001436437634666,0.0014364376346660283,0.05713227594798607,1,1
EFRGP01_01,crop02,BA-TOS-LS,262,3828,107,0.9544572891613003,12302,12509,12682,1.013830042369494,0.013830042369493964,0.09220737814226773,1,1
EFRGP01_01,crop02,BA-TOS-LS,262,3836,113,0.9557584269662921,12249,12478,12587,1.0087353742586953,0.008735374258695304,0.08747462108610017,1,1
EFRGP01_01,crop02,BA-TOS-LS,262,3844,112,0.7785732549220148,12180,12387,15437,1.2462258819730363,0.24622588197303624,3.9974479881026146,1,1
EFRGP01_01,crop02,BA-TOS-LS,262,3858,119,0.9625984251968503,12225,12437,12488,1.004100667363512,0.004100667363512101,0.05782878727114875,1,1
EFRGP01_01,crop02,BA-TOS-LS,262,3859,128,0.9607736099196755,12320,12522,12621,1.0079060852898898,0.007906085289889795,0.042440147892059805,1,1
EFRGP01_01,crop02,BA-TOS-LS,262,3869,122,0.7915951427299892,12451,12595,15585,1.2373957919809448,0.23739579198094482,2.638590336245783,1,1
EFRGP01_01,crop02,BA-TOS-LS,262,3870,126,0.9573142233992834,12290,12485,12643,1.012655186223468,0.012655186223468161,0.04516409884760485,1,1
EFRGP01_01,crop02,BA-TOS-LS,262,3872,136,0.9164243644225751,12292,12420,13285,1.069645732689211,0.06964573268921095,0.9184280266560789,1,1
EFRGP01_01,crop02,BA-TOS-LS,262,3874,127,0.9527431996311664,12399,12613,12800,1.0148259732022515,0.014825973202251645,0.07405856675919974,1,1
EFRGP01_01,crop02,BA-TOS-LS,262,3884,139,0.7523505192650403,12243,12427,16089,1.2946809366701537,0.2946809366701537,3.7667852383007845,1,1
EFRGP01_01,crop02,BA-TOS-LS,262,3888,141,0.9473890544143014,12083,12330,12507,1.0143552311435524,0.014355231143552312,0.04059170550196961,1,1
EFRGP01_01,crop02,BA-TOS-LS,262,3894,142,0.9555643564356435,12064,12286,12403,1.0095230343480384,0.009523034348038417,0.07982150891068247,1,1
EFRGP01_01,crop02,BA-TOS-LS,262,3902,147,0.9528914625557555,12177,12405,12551,1.011769447803305,0.01176944780330512,0.07358906906429456,1,1
EFRGP01_01,crop02,BA-TOS-LS,262,3905,140,0.726261610365024,12276,12523,16656,1.3300327397588436,0.33003273975884373,4.188626077773744,1,0
EFRGP01_01,crop02,BA-TOS-LS,262,3914,151,0.954470909800859,12222,12456,12571,1.0092324983943481,0.009232498394348105,0.01585085461255551,1,1
EFRGP01_01,crop02,BA-TOS-LS,262,3927,156,0.958960545080019,12104,12336,12390,1.0043774319066148,0.004377431906614786,0.06225765448491513,1,1
EFRGP01_01,crop02,BA-TOS-LS,262,3935,153,0.955921568627451,12188,12408,12530,1.009832366215345,0.009832366215344938,0.02809118726399578,1,1
EFRGP01_01,crop02,BA-TOS-LS,262,3944,171,0.9563164108618654,12150,12354,12501,1.0118989800874212,0.011898980087421079,0.09145292647516517,1,1
EFRGP01_01,crop02,BA-TOS-LS,262,3959,175,0.9657705532979056,12358,12512,12642,1.0103900255754477,0.01039002557544757,0.06152448250111508,1,1
EFRGP01_01,crop02,BA-TOS-LS,262,3965,177,0.9492528256087386,12514,12745,12952,1.0162416633974107,0.01624166339741075,0.03832151809363461,1,1
EFRGP01_01,crop02,BA-TOS-LS,262,3980,172,0.8867271941201902,12306,12489,13695,1.0965649771799184,0.09656497717991833,1.690444379918883,1,1
EFRGP01_01,crop02,BA-TOS-LS,262,3982,187,0.9625555815586239,12339,12522,12636,1.009103977000479,0.009103977000479156,0.03489300622040186,1,1
EFRGP01_01,crop02,BA-TOS-LS,262,3989,176,0.9622336991607489,11924,12084,12232,1.0122476001324066,0.012247600132406488,0.043032292554901146,1,1
EFRGP01_01,crop02,BA-TOS-LS,262,3992,184,0.955793392275477,12324,12512,12706,1.015505115089514,0.015505115089514066,0.014975169938810125,1,1
EFRGP01_01,crop02,BA-TOS-LS,262,3993,186,0.8499824991249563,12142,12343,14084,1.1410516081989792,0.1410516081989792,2.683935861885311,1,1
EFRGP01_01,crop02,BA-TOS-LS,262,4016,189,0.965686656788583,12383,12559,12647,1.0070069273031292,0.00700692730312923,0.05227028772291537,1,1
EFRGP01_01,crop02,BA-TOS-LS,262,4146,54,0.9539380600534507,12136,12369,12489,1.0097016735386855,0.009701673538685424,0.04812783039774354,1,1
EFRGP01_01,crop02,BA-TOS-LS,262,4178,192,0.9477629240398733,12265,12535,12671,1.0108496210610292,0.010849621061029118,0.11019944708973677,1,1
EFRGP01_01,crop02,BA-TOS-LS,262,5268,37,0.7440577249575552,12271,12408,16355,1.3181012250161186,0.31810122501611865,3.6687406374755036,1,0
EFRGP01_01,crop02,BA-TOS-LS,262,5277,35,0.8278190411883862,12260,12421,14649,1.1793736414137348,0.1793736414137348,2.3217864648906357,1,1
EFRGP01_01,crop02,BA-TOS-LS,262,5284,34,0.6979326840936272,12255,12397,17417,1.4049366782286037,0.4049366782286037,5.949105408396217,1,0
EFRGP01_01,crop02,BA-TOS-LS,262,5299,55,0.689137112538397,12339,12457,17787,1.4278718792646705,0.42787187926467046,5.127831837554894,1,0
EFRGP01_01,crop02,BA-TOS-LS,262,5302,50,0.9602675059008655,12205,12430,12485,1.0044247787610618,0.004424778761061947,0.052839592136932075,1,1
EFRGP01_01,crop02,BA-TOS-LS,262,5307,48,0.6210800520989881,12398,12554,19806,1.577664489405767,0.5776644894057671,8.493942264625423,1,0
EFRGP01_01,crop02,BA-TOS-LS,262,5318,58,0.953147990397274,12308,12529,12692,1.0130098172240403,0.013009817224040227,0.031325924562802955,1,1
EFRGP01_01,crop02,BA-TOS-LS,262,5326,67,0.6393888656341565,12220,12395,18937,1.5277934651068978,0.527793465106898,9.4772814021322,1,0
EFRGP01_01,crop02,BA-TOS-LS,262,5332,65,0.9629424778761062,12187,12361,12482,1.009788852034625,0.009788852034625031,0.059425436169329764,1,1
EFRGP01_01,crop02,BA-TOS-LS,262,5333,69,0.9656406585540444,12141,12316,12398,1.006658005846054,0.006658005846053913,0.02051119918987606,1,1
EFRGP01_01,crop02,BA-TOS-LS,262,5337,59,0.7833513238935805,12337,12482,15604,1.2501201730491909,0.2501201730491908,3.4242143587809553,1,1
EFRGP01_01,crop02,BA-TOS-LS,262,5341,66,0.9613148306070238,12400,12575,12724,1.0118489065606362,0.011848906560636183,0.04797101123605063,1,1
EFRGP01_01,crop02,BA-TOS-LS,262,5354,76,0.9655199683669434,12209,12383,12471,1.0071065169991116,0.007106516999111685,0.03491015920847083,1,1
EFRGP01_01,crop02,BA-TOS-LS,262,5355,78,0.9685794479962576,12423,12582,12667,1.006755682721348,0.006755682721347958,0.030397737849346046,1,1
EFRGP01_01,crop02,BA-TOS-LS,262,5378,88,0.9587669196463501,12254,12439,12596,1.0126215933756733,0.012621593375673286,0.048958463184589046,1,1
EFRGP01_01,crop02,BA-TOS-LS,262,5386,83,0.9516675865331546,12070,12303,12450,1.0119483052913922,0.011948305291392344,0.050957961387960944,1,1
EFRGP01_01,crop02,BA-TOS-LS,262,5387,85,0.6541474407125228,12192,12399,18431,1.4864908460359707,0.48649084603597065,5.84099312831912,1,0
EFRGP01_01,crop02,BA-TOS-LS,262,5398,94,0.955885803676183,12221,12456,12550,1.0075465639049455,0.007546563904945408,0.02576759007009646,1,1
EFRGP01_01,crop02,BA-TOS-LS,262,5411,97,0.9503474119759544,12173,12408,12574,1.013378465506125,0.01337846550612508,0.15656695968063689,1,1
EFRGP01_01,crop02,BA-TOS-LS,262,5413,100,0.960607721826298,12266,12464,12571,1.0085847240051349,0.008584724005134789,0.024069216650800692,1,1
EFRGP01_01,crop02,BA-TOS-LS,262,5424,104,0.9602596580113997,12130,12349,12413,1.0051826058790185,0.0051826058790185444,0.05431639312305264,1,1
EFRGP01_01,crop02,BA-TOS-LS,262,5429,105,0.733969010727056,12316,12524,16572,1.323219418716065,0.32321941871606513,5.348264861949574,1,0
EFRGP01_01,crop02,BA-TOS-LS,262,5434,110,0.9562716671919319,12137,12321,12508,1.015177339501664,0.015177339501663827,0.07505428746986788,1,1
EFRGP01_01,crop02,BA-TOS-LS,262,5444,115,0.96018496747394,12251,12431,12579,1.0119057195720376,0.011905719572037649,0.13541095438881945,1,1
EFRGP01_01,crop02,BA-TOS-LS,262,5451,117,0.898733255678509,12345,12545,13536,1.0789956157831806,0.07899561578318055,0.8703269651990203,1,1
EFRGP01_01,crop02,BA-TOS-LS,262,5464,124,0.9590144700821275,12261,12440,12606,1.0133440514469454,0.013344051446945338,0.04656355897893743,1,1
EFRGP01_01,crop02,BA-TOS-LS,262,5466,120,0.7928297221680005,12185,12381,15173,1.2255068249737502,0.2255068249737501,3.1947903017125756,1,1
EFRGP01_01,crop02,BA-TOS-LS,262,5476,125,0.8173594945128034,12289,12454,14870,1.193993897542958,0.1939938975429581,2.774221866543149,1,1
EFRGP01_01,crop02,BA-TOS-LS,262,5480,134,0.963018333464474,12239,12417,12531,1.0091809615849239,0.009180961584923895,0.07502158838661178,1,1
EFRGP01_01,crop02,BA-TOS-LS,262,5487,133,0.9640191688270877,12271,12460,12540,1.0064205457463884,0.006420545746388443,0.037526878498480375,1,1
EFRGP01_01,crop02,BA-TOS-LS,262,5488,130,0.957395056885053,12202,12429,12518,1.0071606726204843,0.007160672620484351,0.07607860088112273,1,1
EFRGP01_01,crop02,BA-TOS-LS,262,5490,138,0.9513845185651353,12094,12349,12457,1.0087456474208438,0.008745647420843793,0.043594087942872395,1,1
EFRGP01_01,crop02,BA-TOS-LS,262,5493,135,0.955281358063502,12155,12335,12544,1.0169436562626673,0.01694365626266721,0.09452704778912586,1,1
EFRGP01_01,crop02,BA-TOS-LS,262,5523,143,0.9651390520955738,12320,12491,12594,1.0082459370746937,0.008245937074693779,0.09557214259240417,1,1
EFRGP01_01,crop02,BA-TOS-LS,262,5542,150,0.9569977159959046,12151,12401,12447,1.0037093782759454,0.0037093782759454884,0.10906742572256399,1,1
EFRGP01_01,crop02,BA-TOS-LS,262,5544,149,0.9545948463210183,12299,12547,12636,1.0070933290826491,0.007093329082649239,0.04405924233779866,1,1
EFRGP01_01,crop02,BA-TOS-LS,262,5546,159,0.9617814523048124,12331,12479,12673,1.015546117477362,0.015546117477361968,0.06659645791674876,1,1
EFRGP01_01,crop02,BA-TOS-LS,262,5554,154,0.9518175449521289,12228,12422,12653,1.0185960392851392,0.018596039285139268,0.09635033352074235,1,1
EFRGP01_01,crop02,BA-TOS-LS,262,5560,161,0.9617145563624881,12183,12377,12474,1.0078371172335785,0.007837117233578411,0.08814937538699197,1,1
EFRGP01_01,crop02,BA-TOS-LS,262,5566,166,0.9582309582309583,12480,12624,12880,1.020278833967047,0.020278833967046894,0.08027202100097185,1,1
EFRGP01_01,crop02,BA-TOS-LS,262,5575,169,0.9552935591074537,12073,12323,12388,1.005274689604804,0.005274689604804025,0.022457559929998722,1,1
EFRGP01_01,crop02,BA-TOS-LS,262,5580,168,0.9548603004124835,12269,12499,12619,1.009600768061445,0.009600768061444916,0.03872149960959115,1,1
EFRGP01_01,crop02,BA-TOS-LS,262,5582,160,0.9602303681220329,12338,12544,12643,1.007892219387755,0.007892219387755101,0.09435019131183268,1,1
EFRGP01_01,crop02,BA-TOS-LS,262,5583,174,0.9709493620094696,12099,12265,12295,1.0024459845087648,0.0024459845087647777,0.038426452478740394,1,1
EFRGP01_01,crop02,BA-TOS-LS,262,5590,178,0.9547057440639448,12183,12424,12520,1.0077269800386348,0.0077269800386349004,0.05245309541420275,1,1
EFRGP01_01,crop02,BA-TOS-LS,262,5598,173,0.959615685049211,12285,12553,12534,0.9984864175894208,0.0015135824105791443,0.04619211686281902,1,1
EFRGP01_01,crop02,BA-TOS-LS,262,5604,183,0.9142771804062126,12244,12483,13153,1.0536729952735722,0.053672995273572055,0.6384889495638003,1,1
EFRGP01_01,crop02,BA-TOS-LS,262,5611,185,0.7401766676819982,12150,12378,16187,1.307723380190661,0.30772338019066087,5.211088059535869,1,0
EFRGP01_01,crop02,BA-TOS-LS,262,5622,182,0.6854902403249464,12151,12416,17461,1.4063305412371134,0.40633054123711343,5.5376229848514615,1,0
EFRGP01_01,crop02,BA-TOS-LS,262,5872,45,0.8466291744775394,12194,12386,14211,1.1473437752300986,0.1473437752300985,2.389197684250704,1,1
EFRGP01_01,crop02,BA-TOS-LS,262,5878,63,0.9585296889726673,12204,12373,12563,1.0153560171340823,0.015356017134082276,0.034497237384883375,1,1
EFRGP01_01,crop02,BA-TOS-LS,262,5879,61,0.9592817200913601,12180,12328,12549,1.0179266709928618,0.017926670992861778,0.007189458637294732,1,1
EFRGP01_01,crop02,BA-TOS-LS,262,5881,77,0.9600406631216766,12277,12446,12619,1.0139000482082596,0.013900048208259682,0.07204377652351084,1,1
EFRGP01_01,crop02,BA-TOS-LS,262,5882,62,0.9582311525986869,12113,12306,12448,1.011539086624411,0.011539086624410857,0.07944970868466955,1,1
EFRGP01_01,crop02,BA-TOS-LS,262,5894,93,0.9530315969257045,12276,12481,12676,1.0156237480971075,0.015623748097107603,0.02962535502347918,1,1
EFRGP01_01,crop02,BA-TOS-LS,262,5897,91,0.9616960907944514,12202,12372,12518,1.011800840607824,0.011800840607824119,0.057059900458357085,1,1
EFRGP01_01,crop02,BA-TOS-LS,262,5907,106,0.9639171196722603,12235,12411,12517,1.0085408105712674,0.008540810571267423,0.0639481225741944,1,1
EFRGP01_01,crop02,BA-TOS-LS,262,5909,114,0.9625276112338277,12201,12378,12499,1.0097754079819035,0.009775407981903376,0.04039723487428138,1,1
EFRGP01_01,crop02,BA-TOS-LS,262,5910,118,0.9593643766305637,12135,12365,12419,1.0043671653861705,0.004367165386170643,0.032727380387302586,1,1
EFRGP01_01,crop02,BA-TOS-LS,262,5917,129,0.9615294393619517,12297,12491,12595,1.0083259947161956,0.008325994716195662,0.050011300598136355,1,1
EFRGP01_01,crop02,BA-TOS-LS,262,5925,144,0.6245946363308797,12134,12287,19274,1.5686497924635794,0.5686497924635794,6.851262682198843,1,0
EFRGP01_01,crop02,BA-TOS-LS,262,5931,148,0.9544460071886233,12215,12416,12597,1.0145779639175259,0.014577963917525773,0.08644472044251318,1,1
EFRGP01_01,crop02,BA-TOS-LS,262,5932,152,0.9545280269917951,12448,12641,12848,1.0163752867652875,0.016375286765287555,0.08140346790867117,1,1
EFRGP01_01,crop02,BA-TOS-LS,262,5938,163,0.9598333595346643,12211,12395,12538,1.0115369100443727,0.01153691004437273,0.04811600125008174,1,1
EFRGP01_01,crop02,BA-TOS-LS,262,5942,170,0.9548009182300324,12062,12288,12407,1.0096842447916667,0.009684244791666666,0.1086540332096253,1,1
EFRGP01_01,crop02,BA-TOS-LS,262,5944,180,0.9595759829127443,12130,12295,12476,1.0147214314762099,0.01472143147620984,0.12209160681595793,1,1
EFRGP01_01,crop02,BA-TOS-LS,262,5946,181,0.9574817946910971,12228,12411,12588,1.0142615421803238,0.014261542180323905,0.07759394328986895,1,1
EFRGP01_01,crop02,BA-TOS-LS,262,5949,194,0.9636222910216719,12450,12616,12754,1.0109384908053265,0.01093849080532657,0.038330217838489236,1,1
EFRGP01_01,crop02,BA-TOS-LS,262,5951,195,0.9561091340450771,12090,12309,12426,1.0095052400682427,0.00950524006824275,0.04559055273607421,1,1
EFRGP01_01,crop02,BA-TOS-LS,262,9763,252,0.9534626912762265,12088,12324,12442,1.0095748133722817,0.009574813372281726,0.046928189990832085,1,1
EFRGP01_01,crop02,BA-TOS-LS,262,9769,256,0.9754866618601298,12177,12320,12340,1.0016233766233766,0.0016233766233766235,0.052806628384793476,1,1
EFRGP01_01,crop02,BA-TOS-LS,262,9771,260,0.7911527284468841,12251,12436,15300,1.2302991315535543,0.2302991315535542,3.874731147202265,1,1
EFRGP01_01,crop02,BA-TOS-LS,262,9776,253,0.959791040050657,12126,12325,12435,1.008924949290061,0.008924949290060852,0.06746738073695749,1,1
EFRGP01_01,crop02,BA-TOS-LS,262,9777,255,0.9650661862614553,12321,12473,12615,1.0113845907159464,0.011384590715946444,0.06420368570163013,1,1
EFRGP01_01,crop02,BA-TOS-LS,262,9783,261,0.9029394644935972,12410,12579,13575,1.0791795850226569,0.0791795850226568,1.177566607286527,1,1
EFRGP01_01,crop02,BA-TOS-LS,262,9804,275,0.8785220058492047,12316,12512,13823,1.1047794117647058,0.10477941176470588,1.6783006974839598,1,1
EFRGP01_01,crop02,BA-TOS-LS,262,9817,282,0.9674654816695762,12192,12356,12438,1.0066364519261897,0.0066364519261897055,0.018832391714740496,1,1
EFRGP01_01,crop02,BA-TOS-LS,262,9818,280,0.9600523399014779,12473,12652,12813,1.0127252608283275,0.012725260828327537,0.052704760584838695,1,1
EFRGP01_01,crop02,BA-TOS-LS,262,9822,281,0.730679576833423,12225,12408,16548,1.3336557059961316,0.33365570599613154,5.183373012702114,1,0
EFRGP01_01,crop02,BA-TOS-LS,262,9842,286,0.9607843137254902,12103,12330,12370,1.0032441200324411,0.0032441200324412004,0.03590208891201892,1,1
EFRGP01_01,crop02,BA-TOS-LS,262,9844,288,0.9613004308656482,12271,12404,12632,1.018381167365366,0.018381167365366012,0.14405281537563971,1,1
EFRGP01_01,crop02,BA-TOS-LS,262,9852,291,0.9575099586034523,12259,12462,12600,1.0110736639383726,0.011073663938372653,0.04707224547362116,1,1
EFRGP01_01,crop02,BA-TOS-LS,262,9855,301,0.9622820168862937,12195,12405,12463,1.0046755340588471,0.004675534058847239,0.04823150118726122,1,1
EFRGP01_01,crop02,BA-TOS-LS,262,9857,297,0.9466555056692794,12440,12675,12906,1.018224852071006,0.018224852071005916,0.08295293726717132,1,1
EFRGP01_01,crop02,BA-TOS-LS,262,9873,295,0.922884440400364,12171,12343,13016,1.0545248318885199,0.05452483188851981,0.7521554868141203,1,1
EFRGP01_01,crop02,BA-TOS-LS,262,9876,298,0.9484220442769665,12081,12422,12397,0.9979874416358074,0.0020125583641925618,0.04550985855604823,1,1
EFRGP01_01,crop02,BA-TOS-LS,262,9882,303,0.9717568214456678,12180,12363,12351,0.999029361805387,0.000970638194612958,0.04678561095846184,1,1
EFRGP01_01,crop02,BA-TOS-LS,262,9889,304,0.9701480781348456,12317,12468,12545,1.006175810073789,0.0061758100737889,0.04853376944153253,1,1
EFRGP01_01,crop02,BA-TOS-LS,262,9902,317,0.8037745774972053,12223,12448,14982,1.2035668380462725,0.20356683804627249,3.4251107091962445,1,1
EFRGP01_01,crop02,BA-TOS-LS,262,9917,328,0.9612096263457884,12142,12331,12443,1.0090827994485443,0.009082799448544319,0.06687666829423626,1,1
EFRGP01_01,crop02,BA-TOS-LS,262,9925,337,0.9508911199315122,12218,12450,12617,1.013413654618474,0.013413654618473896,0.020879336015850247,1,1
EFRGP01_01,crop02,BA-TOS-LS,262,9931,332,0.9579719287178678,12149,12371,12460,1.0071942446043165,0.007194244604316547,0.021006857574160848,1,1
EFRGP01_01,crop02,BA-TOS-LS,262,9938,334,0.9628209142141515,12301,12433,12644,1.016970964369018,0.016970964369017936,0.032049077398623255,1,1
EFRGP01_01,crop02,BA-TOS-LS,262,9940,342,0.9540721168790799,12277,12505,12640,1.0107956817273092,0.010795681727309077,0.08513264593658075,1,1
EFRGP01_01,crop02,BA-TOS-LS,262,9948,338,0.9509367321867321,12385,12610,12799,1.0149881046788263,0.014988104678826329,0.055676566958514175,1,1
EFRGP01_01,crop02,BA-TOS-LS,262,9959,339,0.9685378902818813,12129,12281,12371,1.007328393453302,0.007328393453301848,0.07729857281465495,1,1
EFRGP01_01,crop02,BA-TOS-LS,262,9962,344,0.5699995432329968,12479,12591,21781,1.7298864268128027,0.7298864268128028,8.353119444969277,1,0
EFRGP01_01,crop02,BA-TOS-LS,262,9967,347,0.9506558400999375,12176,12423,12561,1.0111084279159623,0.011108427915962327,0.06178590215706558,1,1
EFRGP01_01,crop02,BA-TOS-LS,262,9976,343,0.9611362572186671,12316,12480,12650,1.013621794871795,0.013621794871794872,0.07743875819586254,1,1
EFRGP01_01,crop02,BA-TOS-LS,262,9978,348,0.9588889765643493,12152,12320,12505,1.0150162337662338,0.015016233766233766,0.08153409568337985,1,1
EFRGP01_01,crop02,BA-TOS-LS,262,9985,351,0.9624664879356568,12206,12402,12486,1.0067731011127237,0.006773101112723754,0.09810777173231527,1,1
EFRGP01_01,crop02,BA-TOS-LS,262,10004,364,0.9609209804996476,12270,12410,12629,1.0176470588235293,0.01764705882352941,0.014594939819175179,1,1
EFRGP01_01,crop02,BA-TOS-LS,262,10016,358,0.9586065250019749,12135,12362,12432,1.0056625141562854,0.0056625141562853904,0.0605380857016276,1,1
EFRGP01_01,crop02,BA-TOS-LS,262,10022,377,0.5317073170731708,12208,12371,22797,1.8427774634225205,0.8427774634225204,9.440251966312756,1,0
EFRGP01_01,crop02,BA-TOS-LS,262,10038,387,0.7141262192972148,12153,12376,16795,1.3570620555914674,0.35706205559146736,5.273799260387468,1,0
EFRGP01_01,crop02,BA-TOS-LS,262,10040,382,0.5149533094738574,12518,12614,24213,1.9195338512763596,0.9195338512763596,5.511761163414735,1,0
EFRGP01_01,crop02,BA-TOS-LS,262,10042,386,0.7055536549207435,12374,12568,17344,1.3800127307447485,0.38001273074474856,4.863561066858239,1,0
EFRGP01_01,crop02,BA-TOS-LS,262,10052,384,0.9250369276218612,12525,12739,13326,1.046078970091844,0.046078970091843946,0.6321227788900451,1,1
EFRGP01_01,crop02,BA-TOS-LS,262,10062,395,0.8078184441820806,12316,12474,15088,1.209555876222543,0.2095558762225429,2.735799225530099,1,1
EFRGP01_01,crop02,BA-TOS-LS,262,11507,197,0.7687897295276082,12336,12524,15858,1.2662088789524113,0.26620887895241135,3.5501689494832727,1,1
EFRGP01_01,crop02,BA-TOS-LS,262,11516,201,0.9615202649424381,12194,12378,12498,1.009694619486185,0.009694619486185167,0.05453541631727918,1,1
EFRGP01_01,crop02,BA-TOS-LS,262,11527,205,0.9704226468955673,12238,12395,12454,1.0047599838644614,0.004759983864461476,0.03895774400843672,1,1
EFRGP01_01,crop02,BA-TOS-LS,262,11528,211,0.8072064884988698,12142,12431,14753,1.1867910867991311,0.1867910867991312,3.4488889326214425,1,1
EFRGP01_01,crop02,BA-TOS-LS,262,11529,206,0.9536147424791306,12109,12338,12469,1.0106176041497812,0.010617604149781164,0.10665846015694405,1,1
EFRGP01_01,crop02,BA-TOS-LS,262,11535,203,0.955286152877273,12135,12329,12509,1.0145997242274312,0.01459972422743126,0.09318849911234155,1,1
EFRGP01_01,crop02,BA-TOS-LS,262,11549,224,0.9676654280970828,12240,12405,12484,1.0063683998387747,0.006368399838774688,0.028827162038579445,1,1
EFRGP01_01,crop02,BA-TOS-LS,262,11553,222,0.9504455213381272,12160,12343,12611,1.02171271165843,0.02171271165842988,0.27771689353010687,1,1
EFRGP01_01,crop02,BA-TOS-LS,262,11554,227,0.6292307692307693,12270,12422,19348,1.5575591692159072,0.5575591692159073,8.545174555084161,1,0
EFRGP01_01,crop02,BA-TOS-LS,262,11569,226,0.8715218625780806,12278,12471,13895,1.1141849089888543,0.11418490898885414,1.8883267176403082,1,1
EFRGP01_01,crop02,BA-TOS-LS,262,11571,230,0.9462732919254658,12188,12452,12616,1.0131705750080309,0.013170575008030838,0.08311781799940716,1,1
EFRGP01_01,crop02,BA-TOS-LS,262,11584,233,0.957748674773932,12286,12501,12613,1.0089592832573395,0.008959283257339412,0.026365988512364488,1,1
EFRGP01_01,crop02,BA-TOS-LS,262,11605,238,0.9586357605556857,12283,12507,12589,1.0065563284560646,0.006556328456064604,0.039661516817611146,1,1
EFRGP01_01,crop02,BA-TOS-LS,262,11612,239,0.874801214399306,12102,12331,13605,1.1033168437271916,0.10331684372719163,1.2197703666400608,1,1
EFRGP01_01,crop02,BA-TOS-LS,262,11615,244,0.8425391591096455,12264,12438,14382,1.1562952243125904,0.15629522431259044,2.1702358824111747,1,1
EFRGP01_01,crop02,BA-TOS-LS,262,11619,240,0.9567775337307813,12197,12446,12499,1.0042583962718945,0.004258396271894584,0.10579161278825959,1,1
EFRGP01_01,crop02,BA-TOS-LS,262,11628,249,0.9638926280782326,12173,12373,12429,1.0045259839974137,0.004525983997413724,0.021132893908641915,1,1
EFRGP01_01,crop02,BA-TOS-LS,262,11636,250,0.9465742879137798,12296,12587,12699,1.0088980694367204,0.008898069436720425,0.02690455189379525,1,1
EFRGP01_01,crop02,BA-TOS-LS,262,11863,254,0.9594573522532356,12306,12503,12629,1.0100775813804688,0.010077581380468688,0.04744099445956289,1,1
EFRGP01_01,crop02,BA-TOS-LS,262,11866,264,0.953671875,12207,12508,12499,0.9992804605052766,0.000719539494723377,0.0528938654880646,1,1
EFRGP01_01,crop02,BA-TOS-LS,262,11868,262,0.9560834570602484,12235,12451,12581,1.0104409284394829,0.010440928439482772,0.08183528558339699,1,1
EFRGP01_01,crop02,BA-TOS-LS,262,11870,259,0.958432492463906,12082,12306,12382,1.006175849179262,0.006175849179262148,0.021579966169386434,1,1
EFRGP01_01,crop02,BA-TOS-LS,262,11890,266,0.9578700078308535,12232,12448,12554,1.0085154241645244,0.00851542416452442,0.08387279129654687,1,1
EFRGP01_01,crop02,BA-TOS-LS,262,11891,272,0.960134448526538,12283,12493,12583,1.0072040342591853,0.007204034259185144,0.10131641247063052,1,1
EFRGP01_01,crop02,BA-TOS-LS,262,11892,271,0.9562972098042238,12407,12607,12774,1.0132466090267311,0.013246609026731181,0.07367410115979048,1,1
EFRGP01_01,crop02,BA-TOS-LS,262,11896,270,0.963671875,12335,12484,12651,1.0133771227170778,0.013377122717077859,0.036774686189282216,1,1
EFRGP01_01,crop02,BA-TOS-LS,262,11897,269,0.9582222918952814,12225,12469,12514,1.0036089501964873,0.0036089501964872883,0.10695912384424566,1,1
EFRGP01_01,crop02,BA-TOS-LS,262,11911,277,0.6495740149094782,12199,12383,18596,1.501736251312283,0.5017362513122829,6.18636624821977,1,0
EFRGP01_01,crop02,BA-TOS-LS,262,11933,284,0.9602989257356376,12336,12525,12657,1.0105389221556886,0.010538922155688623,0.10948156392692474,1,1
EFRGP01_01,crop02,BA-TOS-LS,262,11948,294,0.9701281345806148,12341,12500,12562,1.00496,0.00496,0.030489428371445224,1,1
EFRGP01_01,crop02,BA-TOS-LS,262,11953,293,0.9563164108618654,12150,12337,12518,1.0146713139336954,0.014671313933695388,0.05562726007313949,1,1
EFRGP01_01,crop02,BA-TOS-LS,262,11961,292,0.9426528867821897,12131,12399,12601,1.016291636422292,0.01629163642229212,0.10940451535692643,1,1
EFRGP01_01,crop02,BA-TOS-LS,262,11977,312,0.9559224359473562,12275,12509,12607,1.007834359261332,0.00783435926133184,0.08934051506574216,1,1
EFRGP01_01,crop02,BA-TOS-LS,262,11979,311,0.955829840086943,12313,12527,12668,1.0112556877145367,0.0112556877145366,0.0505266438493525,1,1
EFRGP01_01,crop02,BA-TOS-LS,262,11984,305,0.9551799007444168,12318,12534,12680,1.0116483165789054,0.011648316578905377,0.023758565738034466,1,1
EFRGP01_01,crop02,BA-TOS-LS,262,11988,315,0.9552377991917936,12292,12518,12642,1.0099057357405337,0.009905735740533632,0.04952102282747169,1,1
EFRGP01_01,crop02,BA-TOS-LS,262,11990,308,0.9576422954138442,12299,12526,12616,1.0071850550854222,0.007185055085422321,0.0783277159801939,1,1
EFRGP01_01,crop02,BA-TOS-LS,262,11992,309,0.9542940543862345,12423,12645,12796,1.0119414788453935,0.011941478845393436,0.04090102336068005,1,1
EFRGP01_01,crop02,BA-TOS-LS,262,12002,310,0.9623039100913136,12330,12528,12615,1.0069444444444444,0.006944444444444444,0.07689222226968336,1,1
EFRGP01_01,crop02,BA-TOS-LS,262,12010,320,0.9584562820313713,12343,12492,12729,1.0189721421709894,0.018972142170989432,0.09476116649093934,1,1
EFRGP01_01,crop02,BA-TOS-LS,262,12025,322,0.9611665749547992,12227,12409,12539,1.0104762672254008,0.01047626722540092,0.03344240953361057,1,1
EFRGP01_01,crop02,BA-TOS-LS,262,12029,324,0.9488888888888889,12383,12653,12780,1.0100371453410257,0.010037145341025844,0.049119135369702124,1,1
EFRGP01_01,crop02,BA-TOS-LS,262,12037,329,0.9590411915289737,12363,12564,12690,1.010028653295129,0.01002865329512894,0.05275681144130369,1,1
EFRGP01_01,crop02,BA-TOS-LS,262,12043,330,0.8047186458401412,12313,12537,15077,1.2026003031028156,0.20260030310281565,3.387360391793431,1,1
EFRGP01_01,crop02,BA-TOS-LS,262,12073,341,0.954941518172541,12165,12379,12525,1.0117941675418047,0.011794167541804668,0.07760210628969133,1,1
EFRGP01_01,crop02,BA-TOS-LS,262,12077,349,0.9534901540111869,12444,12652,12843,1.0150964274423016,0.015096427442301613,0.01630547888346944,1,1
EFRGP01_01,crop02,BA-TOS-LS,262,12088,353,0.9664534248712747,12388,12530,12676,1.0116520351157223,0.011652035115722267,0.03642394133956773,1,1
EFRGP01_01,crop02,BA-TOS-LS,262,12090,352,0.9571772752001243,12316,12480,12703,1.0178685897435897,0.017868589743589743,0.006539067250978473,1,1
EFRGP01_01,crop02,BA-TOS-LS,262,12106,359,0.9552472764323223,12188,12378,12569,1.015430602682178,0.015430602682178059,0.09833037451269017,1,1
EFRGP01_01,crop02,BA-TOS-LS,262,12109,360,0.9451424112368318,12112,12387,12540,1.0123516589973358,0.012351658997335917,0.08053712402999161,1,1
EFRGP01_01,crop02,BA-TOS-LS,262,12113,362,0.9651666798014028,12247,12394,12542,1.0119412619009198,0.0119412619009198,0.09914124220095132,1,1
EFRGP01_01,crop02,BA-TOS-LS,262,12117,357,0.948564867967853,12393,12634,12824,1.015038784233022,0.015038784233022004,0.13853084602287508,1,1
EFRGP01_01,crop02,BA-TOS-LS,262,12122,366,0.6907245719469327,12183,12334,17487,1.4177882276633695,0.41778822766336954,7.193051798290729,1,0
EFRGP01_01,crop02,BA-TOS-LS,262,12128,363,0.9598042362002568,11963,12153,12274,1.00995638936888,0.009956389368880112,0.1372230181204166,1,1
EFRGP01_01,crop02,BA-TOS-LS,262,12133,371,0.9589529120198265,12382,12579,12715,1.0108116702440575,0.010811670244057556,0.03371362941754062,1,1
EFRGP01_01,crop02,BA-TOS-LS,262,12134,368,0.9545170365739294,12214,12393,12617,1.0180747195997741,0.018074719599774067,0.09641876632374005,1,1
EFRGP01_01,crop02,BA-TOS-LS,262,12135,372,0.9426940639269407,12387,12607,12920,1.0248274767986039,0.02482747679860395,0.3660990693225726,1,1
EFRGP01_01,crop02,BA-TOS-LS,262,12153,376,0.6622757697456493,12368,12513,18530,1.480859905698074,0.480859905698074,5.999923145515405,1,0
EFRGP01_01,crop02,BA-TOS-LS,262,12191,396,0.8946831011596529,12267,12399,13579,1.095168965239132,0.0951689652391322,0.9114410321254678,1,1
EFRGP01_01,crop02,BA-TOS-LS,262,12193,398,0.8853924418604651,12183,12338,13605,1.102690873723456,0.10269087372345599,1.1035880429341902,1,1
EFRGP01_01,crop02,BA-TOS-LS,262,13731,190,0.9569858712715855,12192,12405,12527,1.0098347440548165,0.009834744054816606,0.1414216926545977,1,1
EFRGP01_01,crop02,BA-TOS-LS,262,13755,202,0.9582115490955052,12130,12347,12442,1.0076941767230907,0.0076941767230906295,0.031473591246463706,1,1
EFRGP01_01,crop02,BA-TOS-LS,262,13767,204,0.961732283464567,12214,12396,12518,1.0098418844788641,0.00984188447886415,0.05286111017330225,1,1
EFRGP01_01,crop02,BA-TOS-LS,262,13772,215,0.9531788286877545,12174,12393,12553,1.0129105139998387,0.012910513999838618,0.03456815558121855,1,1
EFRGP01_01,crop02,BA-TOS-LS,262,13773,200,0.9642382033022928,12322,12466,12635,1.0135568746991819,0.013556874699181775,0.027762891534246065,1,1
EFRGP01_01,crop02,BA-TOS-LS,262,13780,216,0.9599682287529786,12086,12266,12410,1.0117397684656775,0.011739768465677482,0.049228338191844676,1,1
EFRGP01_01,crop02,BA-TOS-LS,262,13781,217,0.9542259022027808,12216,12456,12562,1.008509955041747,0.00850995504174695,0.101404468287286,1,1
EFRGP01_01,crop02,BA-TOS-LS,262,13783,218,0.964528899445764,12182,12384,12428,1.0035529715762275,0.0035529715762273903,0.08059626894979079,1,1
EFRGP01_01,crop02,BA-TOS-LS,262,13786,208,0.9581122812574234,12100,12309,12420,1.0090177918596148,0.009017791859614916,0.12676858646195213,1,1
EFRGP01_01,crop02,BA-TOS-LS,262,13788,214,0.9619807556911523,12297,12469,12611,1.0113882428422487,0.011388242842248777,0.06040213155560428,1,1
EFRGP01_01,crop02,BA-TOS-LS,262,13795,207,0.9610802223987291,12100,12302,12388,1.0069907332141115,0.006990733214111527,0.02641509390347294,1,1
EFRGP01_01,crop02,BA-TOS-LS,262,13796,212,0.9545063033435126,12190,12432,12529,1.0078024453024452,0.007802445302445302,0.04248657127682545,1,1
EFRGP01_01,crop02,BA-TOS-LS,262,13797,221,0.5784113083622864,12153,12360,20804,1.6831715210355986,0.6831715210355987,9.462614486410226,1,0
EFRGP01_01,crop02,BA-TOS-LS,262,13800,213,0.9593700787401575,12184,12360,12524,1.0132686084142395,0.013268608414239482,0.06296200689868124,1,1
EFRGP01_01,crop02,BA-TOS-LS,262,13807,220,0.9616500666614383,12262,12455,12558,1.0082697711762345,0.008269771176234444,0.03908010806489145,1,1
EFRGP01_01,crop02,BA-TOS-LS,262,13825,234,0.6611431964160415,12249,12415,18361,1.4789367700362466,0.47893677003624646,4.105871183207877,1,0
EFRGP01_01,crop02,BA-TOS-LS,262,13831,232,0.9642828858794646,12176,12306,12497,1.0155208841215668,0.015520884121566715,0.05640911858201705,1,1
EFRGP01_01,crop02,BA-TOS-LS,262,13832,231,0.4643818478219661,12249,12442,26184,2.104484809516155,1.104484809516155,7.814208967107137,0,0
EFRGP01_01,crop02,BA-TOS-LS,262,13835,235,0.9558823529411765,12025,12275,12330,1.0044806517311609,0.004480651731160896,0.0322374125110821,1,1
EFRGP01_01,crop02,BA-TOS-LS,262,13852,236,0.9541255675591044,12188,12442,12520,1.0062690885709693,0.006269088570969298,0.14086005138650748,1,1
EFRGP01_01,crop02,BA-TOS-LS,262,13870,243,0.9622626582278481,12163,12365,12438,1.0059037606146382,0.005903760614638091,0.040782599667749324,1,1
EFRGP01_01,crop02,BA-TOS-LS,262,13871,248,0.9600850259801607,12195,12380,12517,1.0110662358642972,0.011066235864297254,0.06037847833854202,1,1
EFRGP01_01,crop02,BA-TOS-LS,262,13872,241,0.9619355347151076,12206,12380,12515,1.0109046849757675,0.010904684975767368,0.03882738136088521,1,1
EFRGP01_01,crop02,BA-TOS-LS,262,13888,245,0.6925971691754662,12331,12533,17602,1.404452246070374,0.4044522460703742,5.980623668570739,1,0
EFRGP01_01,crop02,BA-TOS-LS,262,13899,247,0.9642688864457358,12279,12463,12550,1.0069806627617748,0.006980662761774854,0.038566691124352806,1,1
EFRGP01_01,crop02,BA-TOS-LS,262,13906,263,0.9637448010672526,12281,12449,12575,1.010121294883123,0.010121294883123142,0.08633993186244546,1,1
EFRGP01_01,crop02,BA-TOS-LS,262,13910,265,0.952444166796814,12197,12394,12609,1.017347103437147,0.017347103437147005,0.07993358668863983,1,1
EFRGP01_01,crop02,BA-TOS-LS,262,13916,278,0.9647937131630648,12277,12468,12534,1.005293551491819,0.0052935514918190565,0.04439966351281927,1,1
EFRGP01_01,crop02,BA-TOS-LS,262,13920,290,0.8973813540673367,12234,12444,13423,1.0786724525875924,0.07867245258759241,1.1782388684042213,1,1
EFRGP01_01,crop02,BA-TOS-LS,262,13922,296,0.9519657454262359,12228,12495,12578,1.006642657062825,0.00664265706282513,0.02654674682533387,1,1
EFRGP01_01,crop02,BA-TOS-LS,262,13924,285,0.9612281663664134,12272,12484,12555,1.0056872797180392,0.00568727971803909,0.04811629340475802,1,1
EFRGP01_01,crop02,BA-TOS-LS,262,13930,302,0.9549351160047188,12142,12338,12519,1.0146701248176366,0.01467012481763657,0.04999936661933441,1,1
EFRGP01_01,crop02,BA-TOS-LS,262,13939,313,0.9595138566341539,12395,12554,12759,1.0163294567468535,0.016329456746853592,0.09155335345378075,1,1
EFRGP01_01,crop02,BA-TOS-LS,262,13942,319,0.858660475587449,12205,12439,13980,1.1238845566363855,0.12388455663638556,2.1240297592826187,1,1
EFRGP01_01,crop02,BA-TOS-LS,262,13944,323,0.9584646910466582,12161,12412,12437,1.002014179825975,0.002014179825974863,0.09685711318603471,1,1
EFRGP01_01,crop02,BA-TOS-LS,262,13945,325,0.9509407557145079,12231,12549,12544,0.9996015618774404,0.0003984381225595665,0.083728288521774,1,1
EFRGP01_01,crop02,BA-TOS-LS,262,13948,333,0.9342600414714691,12165,12397,12789,1.0316205533596838,0.03162055335968379,0.5555446136072905,1,1
EFRGP01_01,crop02,BA-TOS-LS,262,13955,346,0.9582910255408889,12269,12451,12621,1.0136535218054774,0.013653521805477471,0.04962155755339312,1,1
EFRGP01_01,crop02,BA-TOS-LS,262,13956,350,0.9554490453366857,12160,12434,12453,1.0015280682000964,0.0015280682000965095,0.039470462129722675,1,1
EFRGP01_01,crop02,BA-TOS-LS,262,13960,356,0.9610298693217175,12355,12516,12695,1.0143016938318952,0.014301693831895175,0.05100141731369897,1,1
EFRGP01_01,crop02,BA-TOS-LS,262,13962,361,0.9576715436976763,12240,12461,12560,1.0079447877377417,0.007944787737741755,0.07700255745550497,1,1
EFRGP01_01,crop02,BA-TOS-LS,262,13968,367,0.9597222222222223,12438,12599,12799,1.0158742757361696,0.01587427573616954,0.03426895160336362,1,1
EFRGP01_01,crop02,BA-TOS-LS,262,13977,397,0.9494655768626218,12081,12278,12527,1.0202801759244176,0.020280175924417658,0.11532549730393205,1,1
EFRGP01_00,crop03,BA-TOS-LS,216,2187,14,0.861142694712905,12118,12260,13930,1.136215334420881,0.1362153344208809,0.41412003762888977,1,1
EFRGP01_00,crop03,BA-TOS-LS,216,2191,23,0.8608929455883394,12167,12257,14043,1.1457126539936362,0.14571265399363628,0.5675587737949158,1,1
EFRGP01_00,crop03,BA-TOS-LS,216,2192,17,0.6666299377444769,12100,12192,18059,1.48121719160105,0.48121719160104987,2.6629275035296516,1,0
EFRGP01_00,crop03,BA-TOS-LS,216,2200,13,0.6119987787502544,12027,12200,19479,1.596639344262295,0.596639344262295,3.1668833481533607,1,0
EFRGP01_00,crop03,BA-TOS-LS,216,2201,18,0.600009773737966,12278,12350,20391,1.651093117408907,0.6510931174089069,6.13650821305542,1,0
EFRGP01_00,crop03,BA-TOS-LS,216,2209,28,0.5526448825773244,12025,12067,21717,1.7997016656998426,0.7997016656998426,3.701068906465924,1,0
EFRGP01_00,crop03,BA-TOS-LS,216,2210,27,0.7324080247287714,12084,12230,16353,1.3371218315617335,0.3371218315617334,3.422089392901721,1,0
EFRGP01_00,crop03,BA-TOS-LS,216,2211,25,0.5494784580498866,12116,12181,21985,1.8048600279123224,0.8048600279123225,3.9450576218418427,1,0
EFRGP01_00,crop03,BA-TOS-LS,216,2230,36,0.5460635019872282,12228,12342,22279,1.80513693080538,0.80513693080538,7.67830405313694,1,0
EFRGP01_00,crop03,BA-TOS-LS,216,2242,35,0.8797564687975646,12138,12317,13618,1.1056263700576439,0.1056263700576439,0.1917403787546701,1,1
EFRGP01_00,crop03,BA-TOS-LS,216,2243,37,0.8668338108882522,12101,12188,13873,1.138250738431244,0.13825073843124386,0.032029350472946916,1,1
EFRGP01_00,crop03,BA-TOS-LS,216,2246,38,0.8804740569446452,12184,12335,13687,1.1096068098905554,0.10960680989055534,0.09737079491325207,1,1
EFRGP01_00,crop03,BA-TOS-LS,216,2247,40,0.8803876193231125,12174,12255,13747,1.1217462260301918,0.12174622603019176,0.0967360933021582,1,1
EFRGP01_00,crop03,BA-TOS-LS,216,2288,51,0.8737073239835671,12335,12507,13946,1.1150555688814263,0.1150555688814264,0.11273673665947707,1,1
EFRGP01_00,crop03,BA-TOS-LS,216,2299,54,0.8803636363636363,12105,12276,13579,1.1061420658194852,0.10614206581948517,0.05673328805267262,1,1
EFRGP01_00,crop03,BA-TOS-LS,216,2300,55,0.7449602367301646,12084,12150,16155,1.3296296296296297,0.3296296296296296,2.2332811356818776,1,0
EFRGP01_00,crop03,BA-TOS-LS,216,2303,59,0.7279429538312787,12046,12113,16481,1.3606043094196318,0.3606043094196318,2.361677188925094,1,0
EFRGP01_00,crop03,BA-TOS-LS,216,2313,64,0.8783045663098099,12060,12248,13543,1.105731548007838,0.10573154800783802,0.09527834012212373,1,1
EFRGP01_00,crop03,BA-TOS-LS,216,2319,73,0.8659905049633146,12039,12223,13718,1.122310398429191,0.12231039842919086,0.1329859152238311,1,1
EFRGP01_00,crop03,BA-TOS-LS,216,2322,63,0.8722070059103358,12101,12242,13733,1.1217938245384742,0.12179382453847411,0.07900319383033007,1,1
EFRGP01_00,crop03,BA-TOS-LS,216,2326,72,0.45973103656693864,12170,12217,26425,2.162969632479332,1.1629696324793322,6.325853708865603,0,0
EFRGP01_00,crop03,BA-TOS-LS,216,2350,81,0.8867251375055746,11930,12117,13267,1.0949079805232318,0.09490798052323182,0.053528266960202076,1,1
EFRGP01_00,crop03,BA-TOS-LS,216,2357,76,0.727190277525848,12027,12143,16423,1.3524664415712757,0.35246644157127566,4.233011070891998,1,0
EFRGP01_00,crop03,BA-TOS-LS,216,2358,74,0.8828181164629763,12280,12411,13779,1.1102248005801305,0.11022480058013052,0.05799142376239355,1,1
EFRGP01_00,crop03,BA-TOS-LS,216,2359,82,0.8771853778355729,12142,12305,13679,1.1116619260463225,0.11166192604632263,0.0527899752257176,1,1
EFRGP01_00,crop03,BA-TOS-LS,216,2365,80,0.8763444794029414,11977,12144,13500,1.1116600790513833,0.11166007905138339,0.08373370077420887,1,1
EFRGP01_00,crop03,BA-TOS-LS,216,2382,86,0.8771161704611792,12020,12216,13508,1.1057629338572363,0.10576293385723641,0.08107678567756503,1,1
EFRGP01_00,crop03,BA-TOS-LS,216,2392,90,0.7219669391895924,12098,12190,16665,1.367104183757178,0.367104183757178,2.3117325031764455,1,0
EFRGP01_00,crop03,BA-TOS-LS,216,2412,101,0.8786106554454033,12319,12413,13927,1.1219689035688392,0.12196890356883912,0.065671246262078,1,1
EFRGP01_00,crop03,BA-TOS-LS,216,2413,93,0.8781684981684982,11987,12183,13454,1.104325699745547,0.10432569974554708,0.07046024702392412,1,1
EFRGP01_00,crop03,BA-TOS-LS,216,2430,102,0.8602180794934928,12228,12360,14083,1.1394012944983818,0.13940129449838187,0.4233906465864655,1,1
EFRGP01_00,crop03,BA-TOS-LS,216,2436,108,0.8742454728370221,12166,12308,13774,1.1191095222619434,0.11910952226194345,0.11902498508671694,1,1
EFRGP01_00,crop03,BA-TOS-LS,216,2439,106,0.5859307566893641,12219,12384,20689,1.67062338501292,0.6706233850129198,7.73614710248247,1,0
EFRGP01_00,crop03,BA-TOS-LS,216,2459,112,0.8079399141630901,12048,12274,14686,1.1965129542121558,0.19651295421215578,1.397842778412632,1,1
EFRGP01_00,crop03,BA-TOS-LS,216,2472,121,0.8772641646138241,12108,12301,13609,1.1063328184700432,0.10633281847004308,0.06687652523700893,1,1
EFRGP01_00,crop03,BA-TOS-LS,216,2474,115,0.8736621347989586,12081,12228,13681,1.118825646058227,0.11882564605822701,0.1035198021306956,1,1
EFRGP01_00,crop03,BA-TOS-LS,216,2488,122,0.7166177334116265,12204,12339,16895,1.3692357565442905,0.36923575654429047,1.7930748242165657,1,0
EFRGP01_00,crop03,BA-TOS-LS,216,2495,125,0.8813856610392458,12060,12171,13572,1.1151096869608086,0.11510968696080848,0.05311317922033277,1,1
EFRGP01_00,crop03,BA-TOS-LS,216,2499,124,0.7858532157676349,12121,12244,15301,1.2496733093760208,0.24967330937602092,2.1737347218142538,1,1
EFRGP01_00,crop03,BA-TOS-LS,216,2506,131,0.882199898821999,12207,12408,13636,1.0989684074790458,0.09896840747904578,0.06662746059931868,1,1
EFRGP01_00,crop03,BA-TOS-LS,216,2634,69,0.8843131548311991,12154,12329,13569,1.1005758780111932,0.10057587801119312,0.08325939243010191,1,1
EFRGP01_00,crop03,BA-TOS-LS,216,2660,137,0.7472230745627493,12176,12279,16192,1.3186741591334799,0.3186741591334799,2.2330143048935285,1,0
EFRGP01_00,crop03,BA-TOS-LS,216,2661,146,0.8817744916820702,11926,12051,13400,1.1119409177661606,0.11194091776616048,0.07828434177614728,1,1
EFRGP01_00,crop03,BA-TOS-LS,216,5275,11,0.8753943217665615,12210,12324,13834,1.1225251541707237,0.1225251541707238,0.10616162120777208,1,1
EFRGP01_00,crop03,BA-TOS-LS,216,5280,12,0.4752716005804605,12118,12200,25415,2.0831967213114755,1.0831967213114755,7.651673702893328,0,0
EFRGP01_00,crop03,BA-TOS-LS,216,5283,24,0.8489713650264109,12215,12312,14291,1.1607374918778428,0.16073749187784275,0.6147867435282381,1,1
EFRGP01_00,crop03,BA-TOS-LS,216,5287,26,0.6752753088490133,12080,12117,17852,1.4733019724354213,0.4733019724354213,2.807722780016111,1,0
EFRGP01_00,crop03,BA-TOS-LS,216,5303,31,0.8106430740789647,12278,12437,14987,1.2050333681756051,0.20503336817560505,1.5122896718713565,1,1
EFRGP01_00,crop03,BA-TOS-LS,216,5322,32,0.8781087333718912,12146,12278,13700,1.1158169082912526,0.11581690829125264,0.06873184920748954,1,1
EFRGP01_00,crop03,BA-TOS-LS,216,5328,34,0.8813497558486991,12093,12250,13564,1.107265306122449,0.10726530612244899,0.12333200315054621,1,1
EFRGP01_00,crop03,BA-TOS-LS,216,5351,43,0.8795891608391608,12075,12185,13618,1.1176036109971277,0.11760361099712761,0.08394785989367436,1,1
EFRGP01_00,crop03,BA-TOS-LS,216,5352,44,0.4193780889621087,12219,12307,29048,2.3602827659055823,1.3602827659055823,9.998317993672035,0,0
EFRGP01_00,crop03,BA-TOS-LS,216,5360,45,0.42120324082054816,12217,12269,28953,2.359850028527182,1.3598500285271824,7.876342963447475,0,0
EFRGP01_00,crop03,BA-TOS-LS,216,5383,49,0.8805753305244806,12122,12280,13608,1.1081433224755701,0.10814332247557003,0.04278581654048779,1,1
EFRGP01_00,crop03,BA-TOS-LS,216,5389,50,0.876537880423052,12183,12282,13800,1.1235955056179776,0.12359550561797752,0.13816607386597626,1,1
EFRGP01_00,crop03,BA-TOS-LS,216,5390,52,0.7423029008720413,12513,12673,16697,1.3175254478024145,0.3175254478024146,2.2078798486158933,1,0
EFRGP01_00,crop03,BA-TOS-LS,216,5420,65,0.8806569343065693,12065,12254,13511,1.102578749795985,0.10257874979598498,0.040722652110687076,1,1
EFRGP01_00,crop03,BA-TOS-LS,216,5425,66,0.8825982005705508,12066,12240,13497,1.1026960784313726,0.10269607843137254,0.05393087901334309,1,1
EFRGP01_00,crop03,BA-TOS-LS,216,5435,67,0.8883177913209487,12098,12210,13507,1.1062244062244062,0.10622440622440622,0.057137165362775195,1,1
EFRGP01_00,crop03,BA-TOS-LS,216,5436,70,0.874439461883408,12090,12255,13661,1.1147286821705427,0.11472868217054263,0.05109455401214021,1,1
EFRGP01_00,crop03,BA-TOS-LS,216,5438,71,0.7645159247767999,12074,12223,15644,1.2798821893152255,0.2798821893152254,2.5293097496642876,1,1
EFRGP01_00,crop03,BA-TOS-LS,216,5442,75,0.6962581689896478,12039,12186,17144,1.4068603315279828,0.40686033152798295,4.858022311650722,1,0
EFRGP01_00,crop03,BA-TOS-LS,216,5468,85,0.8782191182889568,12072,12194,13624,1.11727078891258,0.11727078891257996,0.06339584823542944,1,1
EFRGP01_00,crop03,BA-TOS-LS,216,5473,78,0.8683757001292546,12093,12294,13725,1.116398243045388,0.116398243045388,0.15085185351808825,1,1
EFRGP01_00,crop03,BA-TOS-LS,216,5485,84,0.7322348094747683,12087,12183,16411,1.3470409587129606,0.3470409587129607,2.3596890309625125,1,0
EFRGP01_00,crop03,BA-TOS-LS,216,5491,87,0.4961717031848171,12183,12293,24444,1.9884487106483364,0.9884487106483365,7.8881933016209045,0,0
EFRGP01_00,crop03,BA-TOS-LS,216,5501,91,0.8798708446466573,11990,12168,13449,1.1052761341222879,0.10527613412228796,0.15891237720987814,1,1
EFRGP01_00,crop03,BA-TOS-LS,216,5514,94,0.870207552608821,12075,12253,13698,1.1179303027829919,0.11793030278299192,0.1411445141763792,1,1
EFRGP01_00,crop03,BA-TOS-LS,216,5526,92,0.8781460796402408,12107,12290,13604,1.1069161920260375,0.10691619202603743,0.07915067276203518,1,1
EFRGP01_00,crop03,BA-TOS-LS,216,5529,95,0.7452087080568133,12015,12183,15955,1.309611754083559,0.30961175408355907,2.779509927742172,1,0
EFRGP01_00,crop03,BA-TOS-LS,216,5556,104,0.8835541242772451,12072,12209,13526,1.1078712425260053,0.10787124252600541,0.14554872987682188,1,1
EFRGP01_00,crop03,BA-TOS-LS,216,5562,107,0.8772032046613256,12044,12297,13477,1.0959583638285761,0.09595836382857607,0.09353858712939901,1,1
EFRGP01_00,crop03,BA-TOS-LS,216,5570,109,0.8804387302970872,12121,12268,13620,1.110205412455168,0.11020541245516792,0.051479314820988865,1,1
EFRGP01_00,crop03,BA-TOS-LS,216,5571,110,0.6508230676986809,11940,12102,18184,1.5025615600727154,0.5025615600727152,5.162934839794455,1,0
EFRGP01_00,crop03,BA-TOS-LS,216,5587,120,0.881222132885023,12056,12212,13525,1.1075171962004586,0.10751719620045856,0.12273932218105209,1,1
EFRGP01_00,crop03,BA-TOS-LS,216,5588,111,0.8856273102848445,12219,12353,13663,1.1060471140613617,0.10604711406136161,0.04063069326500317,1,1
EFRGP01_00,crop03,BA-TOS-LS,216,5596,118,0.7398965007392805,12010,12123,16119,1.329621380846325,0.32962138084632514,2.2532062048140387,1,0
EFRGP01_00,crop03,BA-TOS-LS,216,5600,117,0.7122973824388568,12436,12567,17328,1.3788493673907853,0.3788493673907854,2.528294965187229,1,0
EFRGP01_00,crop03,BA-TOS-LS,216,5623,127,0.8765485763964356,12099,12324,13578,1.1017526777020448,0.1017526777020448,0.03835517337046734,1,1
EFRGP01_00,crop03,BA-TOS-LS,216,5635,128,0.8857184451885282,12168,12320,13586,1.1027597402597402,0.10275974025974026,0.09720044948806321,1,1
EFRGP01_00,crop03,BA-TOS-LS,216,5876,29,0.880233901241698,12193,12300,13745,1.117479674796748,0.11747967479674797,0.03446252677097117,1,1
EFRGP01_00,crop03,BA-TOS-LS,216,5877,30,0.5719132893496701,12136,12296,21060,1.7127521145087834,0.7127521145087834,6.912625116427068,1,0
EFRGP01_00,crop03,BA-TOS-LS,216,5880,39,0.7077127352499711,12259,12404,17177,1.3847952273460173,0.3847952273460174,4.372167238515852,1,0
EFRGP01_00,crop03,BA-TOS-LS,216,5884,41,0.875873616773442,12031,12128,13639,1.1245877308707124,0.1245877308707124,0.060631795834177604,1,1
EFRGP01_00,crop03,BA-TOS-LS,216,5896,56,0.7235097359933103,12113,12184,16671,1.3682698621142482,0.36826986211424817,2.3650571159427796,1,0
EFRGP01_00,crop03,BA-TOS-LS,216,5899,62,0.8745089480576168,12021,12211,13556,1.1101465891409386,0.1101465891409385,0.13418674996890262,1,1
EFRGP01_00,crop03,BA-TOS-LS,216,5914,79,0.8833785070690792,12059,12225,13485,1.1030674846625768,0.10306748466257669,0.14357913271393322,1,1
EFRGP01_00,crop03,BA-TOS-LS,216,5915,77,0.8762372660934904,12128,12304,13665,1.110614434330299,0.11061443433029909,0.08266478054309642,1,1
EFRGP01_00,crop03,BA-TOS-LS,216,5926,99,0.8778218535881717,12171,12340,13696,1.1098865478119935,0.10988654781199352,0.09653803461128743,1,1
EFRGP01_00,crop03,BA-TOS-LS,216,5927,97,0.8859075043630017,12183,12311,13624,1.1066525871172121,0.10665258711721225,0.10735476265043185,1,1
EFRGP01_00,crop03,BA-TOS-LS,216,5928,98,0.7020486332772329,12097,12153,17175,1.4132313009133548,0.41323130091335475,2.536367322006143,1,0
EFRGP01_00,crop03,BA-TOS-LS,216,5936,114,0.8847724620770129,12132,12274,13570,1.1055890500244419,0.10558905002444191,0.03170898572735574,1,1
EFRGP01_00,crop03,BA-TOS-LS,216,5943,116,0.8789711454386476,12063,12227,13560,1.109021019056187,0.10902101905618712,0.15768314904827452,1,1
EFRGP01_00,crop03,BA-TOS-LS,216,5945,126,0.8821588325878126,12030,12179,13488,1.1074800886772314,0.1074800886772313,0.08618680694472648,1,1
EFRGP01_00,crop03,BA-TOS-LS,216,5953,130,0.8683443520295727,12215,12375,13907,1.1237979797979798,0.1237979797979798,0.10940125949123443,1,1
EFRGP01_00,crop03,BA-TOS-LS,216,7749,184,0.8834637754003015,12304,12397,13834,1.1159151407598613,0.11591514075986126,0.02470492927629663,1,1
EFRGP01_00,crop03,BA-TOS-LS,216,7754,183,0.8864267953780898,12121,12266,13529,1.1029675525843796,0.10296755258437959,0.11803936152131146,1,1
EFRGP01_00,crop03,BA-TOS-LS,216,7763,193,0.8799215458375709,12113,12307,13572,1.102787031770537,0.1027870317705371,0.08172760426118482,1,1
EFRGP01_00,crop03,BA-TOS-LS,216,7764,194,0.8819153546150513,12211,12335,13722,1.1124442642886097,0.11244426428860965,0.03871515139218691,1,1
EFRGP01_00,crop03,BA-TOS-LS,216,7765,188,0.8857372614957234,12116,12205,13590,1.11347808275297,0.1134780827529701,0.07250945020958034,1,1
EFRGP01_00,crop03,BA-TOS-LS,216,7786,198,0.7405829319501049,11993,12044,16143,1.3403354367319826,0.34033543673198274,2.3066818819281565,1,0
EFRGP01_00,crop03,BA-TOS-LS,216,7792,200,0.6230545491656886,12210,12298,19509,1.586355504960156,0.5863555049601561,7.02779189344075,1,0
EFRGP01_00,crop03,BA-TOS-LS,216,7793,199,0.718447740195791,12256,12353,16962,1.373107747105966,0.37310774710596617,2.1717531644648584,1,0
EFRGP01_00,crop03,BA-TOS-LS,216,7806,202,0.6850491580969601,12124,12316,17506,1.421403052939266,0.421403052939266,4.107610343677545,1,0
EFRGP01_00,crop03,BA-TOS-LS,216,7807,207,0.8801307664366146,12115,12286,13594,1.1064626404037115,0.10646264040371155,0.17517726368300032,1,1
EFRGP01_00,crop03,BA-TOS-LS,216,7816,216,0.877921505218286,11945,12095,13456,1.112525837122778,0.11252583712277801,0.023881716006661793,1,1
EFRGP01_00,crop03,BA-TOS-LS,216,7819,209,0.6470460939190651,11960,12153,18291,1.5050604788941002,0.5050604788941002,5.587814710340081,1,0
EFRGP01_00,crop03,BA-TOS-LS,216,7820,214,0.798871181938911,12031,12219,14872,1.217120877322203,0.21712087732220312,1.4634986995640176,1,1
EFRGP01_00,crop03,BA-TOS-LS,216,7831,218,0.8784146076371278,12123,12267,13657,1.1133121382571125,0.11331213825711257,0.10220242150436082,1,1
EFRGP01_00,crop03,BA-TOS-LS,216,7861,228,0.8793904208998549,12118,12294,13604,1.1065560435985033,0.10655604359850333,0.03574096657892582,1,1
EFRGP01_00,crop03,BA-TOS-LS,216,7867,226,0.7473072215422276,12211,12292,16259,1.3227302310445819,0.3227302310445818,2.228678707468032,1,0
EFRGP01_00,crop03,BA-TOS-LS,216,7868,224,0.8771488168021291,12195,12342,13756,1.1145681413061093,0.11456814130610922,0.09866421267143385,1,1
EFRGP01_00,crop03,BA-TOS-LS,216,7885,234,0.8860851808634772,12150,12349,13513,1.0942586444246498,0.09425864442464976,0.1230056775185553,1,1
EFRGP01_00,crop03,BA-TOS-LS,216,7896,233,0.8737456408796527,12277,12493,13835,1.1074201552869607,0.1074201552869607,0.221836390029668,1,1
EFRGP01_00,crop03,BA-TOS-LS,216,7906,241,0.8860522140487523,12286,12363,13789,1.1153441721265065,0.11534417212650651,0.055672002955715505,1,1
EFRGP01_00,crop03,BA-TOS-LS,216,7923,244,0.7576615694418224,12040,12164,15767,1.2962019072673463,0.29620190726734624,2.2029130146718536,1,1
EFRGP01_00,crop03,BA-TOS-LS,216,7929,247,0.8811745136327476,12184,12358,13653,1.1047904191616766,0.10479041916167664,0.1273386963747863,1,1
EFRGP01_00,crop03,BA-TOS-LS,216,7937,248,0.8862196986241537,12174,12313,13598,1.104361244213433,0.10436124421343296,0.04945210689324987,1,1
EFRGP01_00,crop03,BA-TOS-LS,216,7938,249,0.8866408589584398,12139,12285,13545,1.1025641025641026,0.10256410256410256,0.06490138230630195,1,1
EFRGP01_00,crop03,BA-TOS-LS,216,7946,253,0.8814846971999132,12183,12317,13687,1.1112283835349517,0.1112283835349517,0.06223713445224151,1,1
EFRGP01_00,crop03,BA-TOS-LS,216,7948,251,0.8804474992687921,12041,12238,13479,1.1014054584082367,0.10140545840823664,0.026350446711876724,1,1
EFRGP01_00,crop03,BA-TOS-LS,216,7975,260,0.7579125847776941,12069,12201,15792,1.2943201376936317,0.2943201376936317,2.1960717116788073,1,1
EFRGP01_00,crop03,BA-TOS-LS,216,7992,268,0.5306095809946482,12195,12264,22914,1.8683953033268101,0.8683953033268101,9.16346775409338,1,0
EFRGP01_00,crop03,BA-TOS-LS,216,7996,275,0.7259330258192056,12118,12210,16601,1.3596232596232596,0.35962325962325964,4.075165567926871,1,0
EFRGP01_00,crop03,BA-TOS-LS,216,8002,286,0.7532565130260521,12028,12198,15798,1.2951303492375799,0.2951303492375799,3.27681932191832,1,1
EFRGP01_00,crop03,BA-TOS-LS,216,8005,274,0.6055143160127253,11991,12115,19679,1.6243499793644243,0.6243499793644243,4.613365923261196,1,0
EFRGP01_00,crop03,BA-TOS-LS,216,8006,270,0.8869769836017354,12062,12127,13534,1.1160220994475138,0.11602209944751381,0.059235620339739274,1,1
EFRGP01_00,crop03,BA-TOS-LS,216,8039,289,0.5391923990498813,12258,12369,22623,1.8290080038806693,0.8290080038806694,7.124894541811779,1,0
EFRGP01_00,crop03,BA-TOS-LS,216,8045,291,0.6447584272635868,12184,12224,18857,1.5426210732984293,0.5426210732984293,2.618094723454708,1,0
EFRGP01_00,crop03,BA-TOS-LS,216,9422,129,0.7391786220060341,12005,12289,15957,1.2984783139392952,0.2984783139392953,2.1371401020942082,1,0
EFRGP01_00,crop03,BA-TOS-LS,216,9438,148,0.8796342955870707,12219,12310,13800,1.1210398050365555,0.12103980503655565,0.06252708105535731,1,1
EFRGP01_00,crop03,BA-TOS-LS,216,9439,139,0.8816455232089169,12023,12243,13417,1.095891529853794,0.09589152985379401,0.15742057490047484,1,1
EFRGP01_00,crop03,BA-TOS-LS,216,9451,135,0.7102123945301134,12205,12378,17012,1.3743738891581838,0.37437388915818387,3.8032777442847205,1,0
EFRGP01_00,crop03,BA-TOS-LS,216,9465,145,0.8792242564584992,12150,12310,13659,1.1095857026807474,0.10958570268074735,0.1068836421235825,1,1
EFRGP01_00,crop03,BA-TOS-LS,216,9492,156,0.6404924044002095,12227,12322,18995,1.5415516961532219,0.5415516961532219,6.514360387291564,1,0
EFRGP01_00,crop03,BA-TOS-LS,216,9493,157,0.8804862071475362,12097,12290,13546,1.1021969080553295,0.10219690805532954,0.029112261658987375,1,1
EFRGP01_00,crop03,BA-TOS-LS,216,9517,159,0.8791727140783745,12115,12255,13640,1.1130150958792329,0.11301509587923296,0.12152093977084827,1,1
EFRGP01_00,crop03,BA-TOS-LS,216,9519,158,0.5363740829134623,12136,12232,22530,1.841890124264225,0.8418901242642249,5.822417994129846,1,0
EFRGP01_00,crop03,BA-TOS-LS,216,9534,166,0.8776622810205713,12074,12197,13634,1.1178158563581209,0.11781585635812085,0.11844105627575285,1,1
EFRGP01_00,crop03,BA-TOS-LS,216,9537,162,0.7528020692203473,12224,12261,16201,1.32134409917625,0.3213440991762499,1.9856665770176927,1,1
EFRGP01_00,crop03,BA-TOS-LS,216,9541,167,0.8707245964587925,12245,12404,13904,1.1209287326668818,0.12092873266688164,0.053120261048343914,1,1
EFRGP01_00,crop03,BA-TOS-LS,216,9542,173,0.8829538820782253,12100,12211,13593,1.1131766440094997,0.11317664400949963,0.0640527226339391,1,1
EFRGP01_00,crop03,BA-TOS-LS,216,9548,178,0.8797909407665505,12120,12272,13624,1.1101694915254237,0.11016949152542373,0.09250901764594445,1,1
EFRGP01_00,crop03,BA-TOS-LS,216,11865,187,0.8863889507685453,11937,12126,13278,1.095002474022761,0.095002474022761,0.14738137609694257,1,1
EFRGP01_00,crop03,BA-TOS-LS,216,11876,185,0.5994837172359015,12076,12205,20015,1.639901679639492,0.639901679639492,5.746220584539884,1,0
EFRGP01_00,crop03,BA-TOS-LS,216,11877,186,0.8831269349845201,12551,12692,14071,1.1086511188150017,0.10865111881500157,0.07487519622102484,1,1
EFRGP01_00,crop03,BA-TOS-LS,216,11884,191,0.7400923899829808,12176,12267,16361,1.3337409309529633,0.33374093095296326,2.2228438598200304,1,0
EFRGP01_00,crop03,BA-TOS-LS,216,11889,190,0.8817047361891557,12082,12289,13496,1.0982179184636667,0.09821791846366669,0.07944667777406245,1,1
EFRGP01_00,crop03,BA-TOS-LS,216,11895,189,0.8785442852966969,12022,12249,13457,1.0986202955343294,0.09862029553432933,0.0895613304926324,1,1
EFRGP01_00,crop03,BA-TOS-LS,216,11900,195,0.74003498687992,11845,12138,15713,1.294529576536497,0.294529576536497,2.3605215085190197,1,0
EFRGP01_00,crop03,BA-TOS-LS,216,11918,196,0.8790010047366155,12248,12462,13720,1.1009468785106724,0.10094687851067244,0.08872067718841913,1,1
EFRGP01_00,crop03,BA-TOS-LS,216,11949,206,0.7298651712206181,12234,12348,16648,1.3482345319080014,0.3482345319080013,2.1775432099704513,1,0
EFRGP01_00,crop03,BA-TOS-LS,216,11950,203,0.8864746627779803,12158,12299,13574,1.1036669647938857,0.10366696479388568,0.0742609097203803,1,1
EFRGP01_00,crop03,BA-TOS-LS,216,11964,205,0.8775036284470247,12092,12218,13654,1.1175315108855786,0.11753151088557866,0.05595450803190981,1,1
EFRGP01_00,crop03,BA-TOS-LS,216,11975,217,0.8742409264228216,12381,12485,14058,1.1259911894273127,0.12599118942731277,0.09785215816629377,1,1
EFRGP01_00,crop03,BA-TOS-LS,216,11981,220,0.881143025049585,11995,12201,13407,1.0988443570199165,0.0988443570199164,0.06681861653103284,1,1
EFRGP01_00,crop03,BA-TOS-LS,216,11995,219,0.8821903861537342,12131,12240,13642,1.1145424836601308,0.11454248366013071,0.07234441005226509,1,1
EFRGP01_00,crop03,BA-TOS-LS,216,12004,223,0.7944557577350062,12094,12151,15166,1.2481277261130772,0.24812772611307712,1.8148959721941216,1,1
EFRGP01_00,crop03,BA-TOS-LS,216,12008,225,0.8809403983032569,12253,12341,13821,1.1199254517462118,0.11992545174621182,0.08620422954520936,1,1
EFRGP01_00,crop03,BA-TOS-LS,216,12013,227,0.8769560082669029,11881,12056,13373,1.109240212342402,0.10924021234240212,0.08164554213654647,1,1
EFRGP01_00,crop03,BA-TOS-LS,216,12014,222,0.4573820676428282,12401,12443,27071,2.175600739371534,1.1756007393715342,8.227147717667156,0,0
EFRGP01_00,crop03,BA-TOS-LS,216,12023,232,0.8835940341942524,12145,12421,13469,1.0843732388696563,0.08437323886965623,0.19641949407669085,1,1
EFRGP01_00,crop03,BA-TOS-LS,216,12027,229,0.8860704449920278,12226,12286,13738,1.1181832980628357,0.11818329806283574,0.11273426805266538,1,1
EFRGP01_00,crop03,BA-TOS-LS,216,12031,231,0.8976599526066351,12122,12217,13409,1.0975689612834574,0.09756896128345748,0.040037593907676715,1,1
EFRGP01_00,crop03,BA-TOS-LS,216,12051,239,0.7832888210606639,12318,12469,15575,1.2490977624508781,0.24909776245087817,2.318261017812035,1,1
EFRGP01_00,crop03,BA-TOS-LS,216,12059,242,0.7390850475898065,12036,12122,16199,1.336330638508497,0.3363306385084969,2.19519850704696,1,0
EFRGP01_00,crop03,BA-TOS-LS,216,12062,243,0.8760711456758119,12166,12297,13756,1.1186468244287224,0.11864682442872246,0.16255612271282524,1,1
EFRGP01_00,crop03,BA-TOS-LS,216,12070,245,0.8937772200487193,12108,12202,13453,1.1025241763645304,0.1025241763645304,0.12636361295566426,1,1
EFRGP01_00,crop03,BA-TOS-LS,216,12093,250,0.7495239850132056,12203,12264,16220,1.322570123939987,0.32257012393998696,2.195921231429588,1,0
EFRGP01_00,crop03,BA-TOS-LS,216,12110,256,0.8888888888888888,12008,12121,13396,1.1051893408134643,0.10518934081346423,0.055140512342565784,1,1
EFRGP01_00,crop03,BA-TOS-LS,216,12136,267,0.6660886528665871,12292,12419,18327,1.4757226829857477,0.47572268298574766,5.636719667589754,1,0
EFRGP01_00,crop03,BA-TOS-LS,216,12138,262,0.8872050227321931,12294,12421,13730,1.1053860397713549,0.10538603977135497,0.05375778433595219,1,1
EFRGP01_00,crop03,BA-TOS-LS,216,12148,263,0.8861818448668085,12076,12262,13441,1.0961507095090524,0.09615070950905236,0.06623882521856393,1,1
EFRGP01_00,crop03,BA-TOS-LS,216,12157,269,0.5263908701854494,12177,12322,22988,1.865606232754423,0.8656062327544229,7.894197630635487,1,0
EFRGP01_00,crop03,BA-TOS-LS,216,12164,284,0.7569496619083396,12090,12098,15964,1.3195569515622416,0.3195569515622417,2.937732074718435,1,1
EFRGP01_00,crop03,BA-TOS-LS,216,12172,279,0.5372592428603055,12134,12210,22509,1.8434889434889434,0.8434889434889435,6.088971897042741,1,0
EFRGP01_00,crop03,BA-TOS-LS,216,12173,280,0.7676476124741168,12234,12397,15774,1.2724046140195209,0.2724046140195209,2.3593784323616402,1,1
EFRGP01_00,crop03,BA-TOS-LS,216,13728,132,0.7631941832769211,12176,12306,15824,1.2858768080611085,0.2858768080611084,2.755594021547642,1,1
EFRGP01_00,crop03,BA-TOS-LS,216,13763,142,0.8857892053317794,12161,12292,13598,1.10624796615685,0.10624796615684999,0.06742899914124231,1,1
EFRGP01_00,crop03,BA-TOS-LS,216,13765,140,0.8861676690094921,12230,12261,13770,1.123073158796183,0.12307315879618302,0.08164601267281145,1,1
EFRGP01_00,crop03,BA-TOS-LS,216,13766,141,0.8779848573092603,12060,12264,13532,1.1033920417482062,0.10339204174820613,0.07200319470307082,1,1
EFRGP01_00,crop03,BA-TOS-LS,216,13777,144,0.7409487758715428,12136,12296,16219,1.3190468445022772,0.31904684450227716,2.6037277261137937,1,0
EFRGP01_00,crop03,BA-TOS-LS,216,13782,143,0.8910061540742937,12017,12059,13445,1.1149349033916576,0.11493490339165768,0.08427987806455906,1,1
EFRGP01_00,crop03,BA-TOS-LS,216,13790,149,0.8735838629455651,12646,12726,14396,1.1312274084551313,0.13122740845513123,0.15490372131572533,1,1
EFRGP01_00,crop03,BA-TOS-LS,216,13791,150,0.7500781396511846,11999,12114,15882,1.3110450718177316,0.31104507181773156,2.3211613847762362,1,1
EFRGP01_00,crop03,BA-TOS-LS,216,13824,153,0.8773571115334016,12004,12174,13512,1.1099063578117299,0.10990635781172992,0.1343312465194801,1,1
EFRGP01_00,crop03,BA-TOS-LS,216,13833,161,0.4605533958380974,12084,12186,26136,2.1447562776957163,1.1447562776957163,5.260491951402276,0,0
EFRGP01_00,crop03,BA-TOS-LS,216,13846,163,0.882742248759082,12271,12408,13764,1.109284332688588,0.109284332688588,0.030978298362515266,1,1
EFRGP01_00,crop03,BA-TOS-LS,216,13847,160,0.7398393918960339,12069,12086,16296,1.3483369187489658,0.3483369187489657,2.264366331897012,1,0
EFRGP01_00,crop03,BA-TOS-LS,216,13855,164,0.8772396920198604,12191,12329,13759,1.1159866980290372,0.11598669802903723,0.1277692731168692,1,1
EFRGP01_00,crop03,BA-TOS-LS,216,13861,172,0.8828531632578257,12043,12159,13525,1.1123447651945062,0.11234476519450613,0.13142581894247451,1,1
EFRGP01_00,crop03,BA-TOS-LS,216,13863,169,0.882691487849936,12423,12574,13923,1.1072848735485923,0.10728487354859233,0.05459616599082818,1,1
EFRGP01_00,crop03,BA-TOS-LS,216,13864,165,0.8869830656297696,12204,12282,13681,1.1139065298811268,0.11390652988112686,0.0760578552352267,1,1
EFRGP01_00,crop03,BA-TOS-LS,216,13865,170,0.7307552650689906,12075,12238,16361,1.3369014544860272,0.33690145448602715,2.203616852238642,1,0
EFRGP01_00,crop03,BA-TOS-LS,216,13866,168,0.8729246935201401,12461,12586,14150,1.1242650564118861,0.12426505641188622,0.07690638127526823,1,1
EFRGP01_00,crop03,BA-TOS-LS,216,13874,174,0.7398667237268448,12102,12288,16171,1.3159993489583333,0.3159993489583333,2.2324792332192294,1,0
EFRGP01_00,crop03,BA-TOS-LS,216,13884,177,0.884222805482648,12128,12256,13588,1.1086814621409922,0.10868146214099217,0.1189178109523812,1,1
EFRGP01_00,crop03,BA-TOS-LS,216,13893,180,0.6130445731553765,12172,12225,19802,1.619795501022495,0.6197955010224949,7.186477634792731,1,0
EFRGP01_00,crop03,BA-TOS-LS,216,13908,179,0.8690977771320645,11964,12107,13623,1.1252168167176013,0.12521681671760138,0.1332448343625702,1,1
EFRGP01_00,crop03,BA-TOS-LS,216,13909,182,0.876508888726315,11981,12152,13498,1.1107636603028308,0.11076366030283082,0.05355380017600009,1,1
EFRGP01_00,crop03,BA-TOS-LS,216,13914,192,0.873148281317417,12142,12326,13722,1.1132565309102709,0.11325653091027098,0.18712454610928095,1,1
EFRGP01_00,crop03,BA-TOS-LS,216,13919,197,0.6686374184992817,12101,12283,17916,1.4586013188960352,0.45860131889603517,5.114589342943564,1,0
EFRGP01_00,crop03,BA-TOS-LS,216,13921,201,0.8725122584366888,12100,12281,13687,1.11448579105936,0.11448579105935999,0.08674757877779647,1,1
EFRGP01_00,crop03,BA-TOS-LS,216,13923,213,0.756713278059646,12230,12373,16019,1.2946738866887577,0.29467388668875777,2.1692734739168786,1,1
EFRGP01_00,crop03,BA-TOS-LS,216,13929,212,0.882408828473288,12074,12207,13550,1.1100188416482346,0.11001884164823462,0.06807973666084437,1,1
EFRGP01_00,crop03,BA-TOS-LS,216,13938,221,0.8905679661264418,12199,12365,13532,1.0943792964011323,0.09437929640113223,0.1174315931001045,1,1
EFRGP01_00,crop03,BA-TOS-LS,216,13943,230,0.7099607118095679,12288,12363,17233,1.3939173339804254,0.39391733398042544,2.974672592975372,1,0
EFRGP01_00,crop03,BA-TOS-LS,216,13947,238,0.7549966176741898,12277,12381,16157,1.3049834423713755,0.3049834423713755,2.140210533197808,1,1
EFRGP01_00,crop03,BA-TOS-LS,216,13951,246,0.8839946698252887,11941,12183,13266,1.088894360994829,0.08889436099482886,0.15440507475555168,1,1
EFRGP01_00,crop03,BA-TOS-LS,216,13958,252,0.8866152053597437,12175,12312,13595,1.1042072774528915,0.10420727745289149,0.037314201688794874,1,1
EFRGP01_00,crop03,BA-TOS-LS,216,13965,259,0.8838128706347463,12072,12212,13519,1.1070258761873566,0.10702587618735669,0.18721056332988603,1,1
EFRGP01_00,crop03,BA-TOS-LS,216,13966,257,0.8897296503085512,12111,12224,13499,1.1043030104712042,0.10430301047120419,0.0501933055446163,1,1
EFRGP01_00,crop03,BA-TOS-LS,216,13976,276,0.8263219098433545,12080,12182,14517,1.1916762436381547,0.19167624363815466,0.940401865820128,1,1
EFRGP01_00,crop03,BA-TOS-LS,216,13978,283,0.5719631414004397,12228,12296,21311,1.7331652569941445,0.7331652569941445,6.008610518891207,1,0
EFRGP01_00,crop03,BA-TOS-LS,216,13981,287,0.6469464636281637,12193,12301,18739,1.5233720835704414,0.5233720835704414,6.144108446380493,1,0
EFRGP01_00,crop03,BA-TOS-LS,216,13985,288,0.7869451028121197,12285,12385,15511,1.252402099313686,0.2524020993136859,1.5012434078501908,1,1
EFRGP01_01,crop03,BA-TOS-LS,213,2167,20,0.8688489668394518,12236,12490,13829,1.1072057646116893,0.10720576461168935,0.3268441956725357,1,1
EFRGP01_01,crop03,BA-TOS-LS,213,2187,23,0.8145155949937091,12300,12402,14999,1.2094017094017093,0.2094017094017094,1.5078350839387846,1,1
EFRGP01_01,crop03,BA-TOS-LS,213,2191,33,0.7831821929101401,12350,12440,15679,1.260369774919614,0.26036977491961416,2.541593161775072,1,1
EFRGP01_01,crop03,BA-TOS-LS,213,2192,27,0.6487365390766606,12169,12295,18632,1.5154127694184627,0.5154127694184628,3.186759971979685,1,0
EFRGP01_01,crop03,BA-TOS-LS,213,2200,22,0.5520116644643915,12115,12267,21795,1.77671802396674,0.7767180239667401,5.150716505415655,1,0
EFRGP01_01,crop03,BA-TOS-LS,213,2201,24,0.7629030280740469,12446,12510,16250,1.2989608313349321,0.29896083133493206,2.3561363905374857,1,1
EFRGP01_01,crop03,BA-TOS-LS,213,2209,35,0.4363973664108254,11997,12070,27418,2.2715824357912178,1.271582435791218,6.250221381975209,0,0
EFRGP01_01,crop03,BA-TOS-LS,213,2210,37,0.7152028012839218,12255,12462,16928,1.3583694431070454,0.35836944310704544,4.5020065927728,1,0
EFRGP01_01,crop03,BA-TOS-LS,213,2230,46,0.8837843658028857,12312,12594,13649,1.083770049229792,0.08377004922979196,0.12566618350989564,1,1
EFRGP01_01,crop03,BA-TOS-LS,213,2242,45,0.8899322996287399,12225,12448,13514,1.0856362467866323,0.0856362467866324,0.09606479078508091,1,1
EFRGP01_01,crop03,BA-TOS-LS,213,2243,47,0.883596351527436,12206,12379,13641,1.1019468454640924,0.10194684546409241,0.148026278946238,1,1
EFRGP01_01,crop03,BA-TOS-LS,213,2246,48,0.8849506519703192,12284,12458,13707,1.1002568630598812,0.1002568630598812,0.09717586196859737,1,1
EFRGP01_01,crop03,BA-TOS-LS,213,2247,50,0.8173485653560042,12306,12429,14933,1.2014643173223911,0.20146431732239117,1.7551866871213313,1,1
EFRGP01_01,crop03,BA-TOS-LS,213,2288,64,0.8794435857805255,12518,12733,14019,1.100997408309118,0.10099740830911803,0.07414570589437532,1,1
EFRGP01_01,crop03,BA-TOS-LS,213,2299,67,0.8913185615691972,12269,12506,13528,1.0817207740284662,0.08172077402846634,0.1447199498350634,1,1
EFRGP01_01,crop03,BA-TOS-LS,213,2300,68,0.7536231884057971,12220,12320,16115,1.3080357142857142,0.3080357142857143,2.4002549893775456,1,1
EFRGP01_01,crop03,BA-TOS-LS,213,2303,71,0.7267867867867868,12101,12207,16544,1.3552879495371508,0.3552879495371508,2.652406382682117,1,0
EFRGP01_01,crop03,BA-TOS-LS,213,2313,76,0.8891236249726816,12205,12390,13542,1.0929782082324455,0.09297820823244551,0.07060394653417355,1,1
EFRGP01_01,crop03,BA-TOS-LS,213,2319,83,0.8787221740387395,12158,12372,13622,1.1010345942450694,0.10103459424506951,0.09432433715433172,1,1
EFRGP01_01,crop03,BA-TOS-LS,213,2322,74,0.8889612739775606,12281,12473,13623,1.092199150164355,0.09219915016435501,0.10220590535373254,1,1
EFRGP01_01,crop03,BA-TOS-LS,213,2326,82,0.4455627387599177,12130,12179,27175,2.231299778306922,1.2312997783069217,6.941404296104581,0,0
EFRGP01_01,crop03,BA-TOS-LS,213,2350,93,0.888,12099,12283,13441,1.0942766425140438,0.0942766425140438,0.15447846188859518,1,1
EFRGP01_01,crop03,BA-TOS-LS,213,2357,87,0.8713174976817176,12215,12349,13885,1.124382541096445,0.12438254109644506,0.4672099339301964,1,1
EFRGP01_01,crop03,BA-TOS-LS,213,2358,86,0.8892566741023242,12358,12559,13696,1.0905326857233857,0.09053268572338562,0.12645787847474962,1,1
EFRGP01_01,crop03,BA-TOS-LS,213,2359,95,0.8820148020406697,12275,12497,13695,1.0958630071217093,0.09586300712170921,0.11888287392569537,1,1
EFRGP01_01,crop03,BA-TOS-LS,213,2365,92,0.878843071543057,12063,12289,13500,1.0985434128082026,0.09854341280820246,0.12765595195883916,1,1
EFRGP01_01,crop03,BA-TOS-LS,213,2382,99,0.8829378039044924,12166,12445,13500,1.0847730012053034,0.08477300120530333,0.038991749970722564,1,1
EFRGP01_01,crop03,BA-TOS-LS,213,2392,102,0.7202681060561125,12143,12254,16748,1.3667373918720418,0.3667373918720418,2.5616829033484807,1,0
EFRGP01_01,crop03,BA-TOS-LS,213,2412,111,0.8838466462764065,12426,12565,13920,1.1078392359729408,0.1078392359729407,0.10940220668403745,1,1
EFRGP01_01,crop03,BA-TOS-LS,213,2413,106,0.8791868624755842,12153,12453,13523,1.085923070746005,0.08592307074600498,0.11380054355820837,1,1
EFRGP01_01,crop03,BA-TOS-LS,213,2430,116,0.8547462892647566,12381,12577,14289,1.1361214916116722,0.1361214916116721,0.8368749882498204,1,1
EFRGP01_01,crop03,BA-TOS-LS,213,2436,120,0.8871772618789325,12267,12487,13607,1.0896932810122528,0.08969328101225274,0.07590466757813788,1,1
EFRGP01_01,crop03,BA-TOS-LS,213,2439,118,0.575269570088223,12324,12529,21218,1.693511054353899,0.6935110543538989,8.25467420439495,1,0
EFRGP01_01,crop03,BA-TOS-LS,213,2459,125,0.814592503668134,12214,12344,14864,1.204147764095917,0.20414776409591703,1.4275940663587752,1,1
EFRGP01_01,crop03,BA-TOS-LS,213,2472,131,0.8752049034281234,12280,12420,13891,1.1184380032206118,0.11843800322061192,0.09963182079822207,1,1
EFRGP01_01,crop03,BA-TOS-LS,213,2474,127,0.883528900478053,12198,12405,13599,1.0962515114873035,0.0962515114873035,0.05053419150258744,1,1
EFRGP01_01,crop03,BA-TOS-LS,213,2488,134,0.7062941176470589,12007,12145,16862,1.3883902840675175,0.3883902840675175,2.086409280139416,1,0
EFRGP01_01,crop03,BA-TOS-LS,213,2495,139,0.8880466472303207,12184,12303,13601,1.1055027229131107,0.10550272291311062,0.05233682792298741,1,1
EFRGP01_01,crop03,BA-TOS-LS,213,2499,136,0.8178019499900511,12330,12463,14944,1.1990692449650966,0.19906924496509668,1.6437878522095541,1,1
EFRGP01_01,crop03,BA-TOS-LS,213,2506,143,0.8857040743388135,12391,12587,13794,1.0958925875903711,0.09589258759037102,0.1525307852127817,1,1
EFRGP01_01,crop03,BA-TOS-LS,213,2634,84,0.8909973201998986,12302,12482,13627,1.0917320942156705,0.09173209421567056,0.07717624649956102,1,1
EFRGP01_01,crop03,BA-TOS-LS,213,2660,147,0.7514702278853223,12267,12369,16222,1.311504567871291,0.3115045678712911,2.434086542973664,1,1
EFRGP01_01,crop03,BA-TOS-LS,213,2661,156,0.8894938198940553,12090,12239,13443,1.0983740501674975,0.09837405016749734,0.07610075248215999,1,1
EFRGP01_01,crop03,BA-TOS-LS,213,5262,11,0.7516637909785556,12198,12338,16088,1.3039390500891554,0.30393905008915545,1.7401589033220457,1,1
EFRGP01_01,crop03,BA-TOS-LS,213,5263,13,0.7497544204322201,12212,12361,16139,1.3056387023703584,0.3056387023703584,2.3771267718912155,1,0
EFRGP01_01,crop03,BA-TOS-LS,213,5275,17,0.8458646616541353,12375,12532,14473,1.154883498244494,0.1548834982444941,0.9478056067458295,1,1
EFRGP01_01,crop03,BA-TOS-LS,213,5280,18,0.5447583006712619,12092,12313,21976,1.7847803134898075,0.7847803134898075,4.658792973138784,1,0
EFRGP01_01,crop03,BA-TOS-LS,213,5283,32,0.7904829545454546,12243,12490,15241,1.2202562049639711,0.22025620496397116,2.1022661107523044,1,1
EFRGP01_01,crop03,BA-TOS-LS,213,5287,34,0.6509701213319793,12179,12267,18621,1.5179750550256788,0.5179750550256786,3.8860171403365444,1,0
EFRGP01_01,crop03,BA-TOS-LS,213,5303,41,0.7806228373702422,12408,12642,15661,1.2388071507672838,0.23880715076728365,2.709915045699892,1,1
EFRGP01_01,crop03,BA-TOS-LS,213,5322,42,0.8869954509350856,12284,12486,13647,1.092984142239308,0.09298414223930802,0.057389338794252655,1,1
EFRGP01_01,crop03,BA-TOS-LS,213,5328,44,0.8907458765143774,12205,12427,13480,1.0847348515329525,0.08473485153295245,0.08028091681088925,1,1
EFRGP01_01,crop03,BA-TOS-LS,213,5351,53,0.8928154205607477,12228,12367,13557,1.096223821460338,0.09622382146033799,0.03555282314392682,1,1
EFRGP01_01,crop03,BA-TOS-LS,213,5352,55,0.6459510357815442,12348,12475,18989,1.5221643286573145,0.5221643286573147,5.23837066180887,1,0
EFRGP01_01,crop03,BA-TOS-LS,213,5360,56,0.510726526467228,12070,12179,23524,1.9315214713851712,0.9315214713851712,5.003196736773488,1,0
EFRGP01_01,crop03,BA-TOS-LS,213,5383,61,0.8900908697533535,12342,12494,13714,1.097646870497839,0.09764687049783896,0.06988719381502227,1,1
EFRGP01_01,crop03,BA-TOS-LS,213,5389,62,0.890178828958754,12345,12497,13716,1.0975434104185005,0.09754341041850044,0.07709599070134485,1,1
EFRGP01_01,crop03,BA-TOS-LS,213,5390,63,0.74063417498532,12613,12721,16922,1.3302413332285197,0.3302413332285198,2.336395063067893,1,0
EFRGP01_01,crop03,BA-TOS-LS,213,5420,77,0.889797109910962,12192,12403,13491,1.0877207127307909,0.08772071273079093,0.06688049116601352,1,1
EFRGP01_01,crop03,BA-TOS-LS,213,5425,78,0.8892211201866977,12193,12383,13522,1.0919809416135025,0.09198094161350238,0.07763455544537234,1,1
EFRGP01_01,crop03,BA-TOS-LS,213,5435,79,0.8968225114520468,12334,12438,13649,1.0973629200836148,0.09736292008361473,0.10895493276530055,1,1
EFRGP01_01,crop03,BA-TOS-LS,213,5436,80,0.8783852097927349,12163,12417,13593,1.094708866876057,0.09470886687605702,0.05357121381637107,1,1
EFRGP01_01,crop03,BA-TOS-LS,213,5438,85,0.7946016260162602,12217,12416,15176,1.2222938144329898,0.22229381443298968,2.097528625092207,1,1
EFRGP01_01,crop03,BA-TOS-LS,213,5442,88,0.647824926607953,12137,12325,18547,1.5048275862068965,0.5048275862068966,6.897294177123074,1,0
EFRGP01_01,crop03,BA-TOS-LS,213,5468,97,0.8854567919180173,12183,12347,13595,1.1010771847412326,0.10107718474123269,0.04977305772536634,1,1
EFRGP01_01,crop03,BA-TOS-LS,213,5473,91,0.881215073792807,12300,12431,13827,1.1122998954227334,0.11229989542273348,0.021893513528491202,1,1
EFRGP01_01,crop03,BA-TOS-LS,213,5485,94,0.7312375068144649,12072,12214,16367,1.3400196495824463,0.34001964958244635,2.578874523018555,1,0
EFRGP01_01,crop03,BA-TOS-LS,213,5491,98,0.5101581077134871,12229,12335,23865,1.9347385488447506,0.9347385488447507,7.2579263379255705,1,0
EFRGP01_01,crop03,BA-TOS-LS,213,5501,103,0.8891650826144173,12162,12340,13500,1.0940032414910859,0.0940032414910859,0.12941214075961183,1,1
EFRGP01_01,crop03,BA-TOS-LS,213,5514,107,0.8732232591529074,12164,12412,13682,1.102320335159523,0.10232033515952305,0.13616065488452375,1,1
EFRGP01_01,crop03,BA-TOS-LS,213,5526,104,0.8874649002807977,12326,12535,13680,1.0913442361388113,0.09134423613881133,0.04377300633817588,1,1
EFRGP01_01,crop03,BA-TOS-LS,213,5529,105,0.7122583659405478,12196,12378,16941,1.368637905962191,0.368637905962191,3.7679509312595236,1,0
EFRGP01_01,crop03,BA-TOS-LS,213,5556,114,0.8900328587075576,12189,12384,13500,1.0901162790697674,0.09011627906976744,0.14727313115926619,1,1
EFRGP01_01,crop03,BA-TOS-LS,213,5562,119,0.8764578833693305,12174,12405,13659,1.1010882708585248,0.10108827085852479,0.17743701367812104,1,1
EFRGP01_01,crop03,BA-TOS-LS,213,5570,121,0.8862535252006652,12256,12439,13646,1.0970335235951443,0.0970335235951443,0.1598085401964445,1,1
EFRGP01_01,crop03,BA-TOS-LS,213,5571,122,0.680865411632481,12116,12276,17635,1.4365428478331703,0.43654284783317043,4.551889852211644,1,0
EFRGP01_01,crop03,BA-TOS-LS,213,5587,133,0.8969652650822669,12266,12397,13544,1.0925223844478502,0.09252238444785028,0.06297579695868459,1,1
EFRGP01_01,crop03,BA-TOS-LS,213,5588,123,0.8941150891433541,12337,12477,13658,1.0946541636611364,0.09465416366113649,0.04372264820526942,1,1
EFRGP01_01,crop03,BA-TOS-LS,213,5596,130,0.7393086570816764,12084,12186,16243,1.332923026423765,0.332923026423765,2.463912826941828,1,0
EFRGP01_01,crop03,BA-TOS-LS,213,5600,129,0.7028610823853844,12234,12385,17255,1.393217601937828,0.393217601937828,2.824749299020143,1,0
EFRGP01_01,crop03,BA-TOS-LS,213,5623,138,0.8829296424452133,12248,12474,13646,1.0939554272887606,0.09395542728876062,0.09130926935468758,1,1
EFRGP01_01,crop03,BA-TOS-LS,213,5635,140,0.8973724434092729,12329,12517,13551,1.082607653591116,0.08260765359111608,0.13187649359963954,1,1
EFRGP01_01,crop03,BA-TOS-LS,213,5867,12,0.6809481905180949,12381,12438,18125,1.457227850136678,0.45722785013667794,2.641768033941757,1,0
EFRGP01_01,crop03,BA-TOS-LS,213,5876,38,0.8846566140212964,12379,12464,13908,1.1158536585365855,0.11585365853658537,0.07173229874578144,1,1
EFRGP01_01,crop03,BA-TOS-LS,213,5877,39,0.8860805593998107,12165,12459,13435,1.078336945180191,0.07833694518019102,0.07074465551240051,1,1
EFRGP01_01,crop03,BA-TOS-LS,213,5880,49,0.8784569564600766,12388,12541,13949,1.1122717486643807,0.11227174866438083,0.07301306170649939,1,1
EFRGP01_01,crop03,BA-TOS-LS,213,5884,51,0.888470996672935,12284,12352,13758,1.113827720207254,0.11382772020725389,0.02524831506602342,1,1
EFRGP01_01,crop03,BA-TOS-LS,213,5896,65,0.7234004313443566,12075,12151,16616,1.3674594683565138,0.3674594683565139,2.659098751094617,1,0
EFRGP01_01,crop03,BA-TOS-LS,213,5899,75,0.8813767227072661,12215,12409,13665,1.1012168587315658,0.1012168587315658,0.14246878450599615,1,1
EFRGP01_01,crop03,BA-TOS-LS,213,5914,89,0.8924018357980622,12250,12418,13559,1.0918827508455469,0.09188275084554678,0.13103914186453597,1,1
EFRGP01_01,crop03,BA-TOS-LS,213,5915,90,0.878396886037627,12186,12410,13649,1.0998388396454473,0.09983883964544722,0.1493643931141532,1,1
EFRGP01_01,crop03,BA-TOS-LS,213,5926,110,0.8905040862081435,12313,12467,13673,1.0967353814069143,0.09673538140691425,0.05317875350984487,1,1
EFRGP01_01,crop03,BA-TOS-LS,213,5927,109,0.8953361862624212,12344,12492,13639,1.0918187640089658,0.09181876400896574,0.12023564385829909,1,1
EFRGP01_01,crop03,BA-TOS-LS,213,5928,112,0.6918195454020999,11992,12099,17227,1.4238366807174148,0.42383668071741465,2.932686148568067,1,0
EFRGP01_01,crop03,BA-TOS-LS,213,5936,124,0.8915916352018588,12279,12435,13616,1.0949738640932851,0.09497386409328508,0.040337488397492335,1,1
EFRGP01_01,crop03,BA-TOS-LS,213,5943,128,0.8925752703887753,12214,12393,13505,1.0897280722988785,0.0897280722988784,0.10484077537508675,1,1
EFRGP01_01,crop03,BA-TOS-LS,213,5945,137,0.8926466254052461,12115,12287,13400,1.0905835435826483,0.09058354358264832,0.04815270399479288,1,1
EFRGP01_01,crop03,BA-TOS-LS,213,5953,142,0.8786201022146508,12378,12593,13873,1.1016437703486064,0.10164377034860637,0.06824433158478582,1,1
EFRGP01_01,crop03,BA-TOS-LS,213,7749,196,0.8828528932643955,12465,12598,13986,1.1101762184473727,0.1101762184473726,0.06574493242152396,1,1
EFRGP01_01,crop03,BA-TOS-LS,213,7754,195,0.8919154499891043,12279,12392,13654,1.1018398967075533,0.10183989670755327,0.06161948714829693,1,1
EFRGP01_01,crop03,BA-TOS-LS,213,7763,207,0.8863998840075396,12227,12454,13567,1.0893688774690862,0.08936887746908624,0.10335948230286825,1,1
EFRGP01_01,crop03,BA-TOS-LS,213,7764,206,0.8848144952545298,12306,12478,13736,1.1008174386920981,0.1008174386920981,0.147921066028916,1,1
EFRGP01_01,crop03,BA-TOS-LS,213,7765,201,0.891024241100677,12240,12369,13608,1.100169779286927,0.100169779286927,0.1250470660561251,1,1
EFRGP01_01,crop03,BA-TOS-LS,213,7786,210,0.7401982172910303,11875,12045,15873,1.3178082191780822,0.3178082191780822,2.5900470647084335,1,0
EFRGP01_01,crop03,BA-TOS-LS,213,7792,214,0.6166883311668833,12335,12448,19889,1.5977667095115682,0.5977667095115681,7.4676654277523005,1,0
EFRGP01_01,crop03,BA-TOS-LS,213,7793,213,0.7090440185217748,12097,12314,16844,1.367873964593146,0.36787396459314603,2.5164600371742187,1,0
EFRGP01_01,crop03,BA-TOS-LS,213,7806,216,0.6607680722891566,12285,12471,18406,1.4759040975062143,0.47590409750621443,4.539444033262692,1,0
EFRGP01_01,crop03,BA-TOS-LS,213,7807,221,0.884125144843569,12208,12426,13590,1.0936745533558667,0.09367455335586673,0.11496575075019579,1,1
EFRGP01_01,crop03,BA-TOS-LS,213,7816,229,0.8810968921389397,12049,12250,13474,1.0999183673469388,0.09991836734693878,0.08034614758620173,1,1
EFRGP01_01,crop03,BA-TOS-LS,213,7819,222,0.6052853807560479,12185,12341,19975,1.618588445020663,0.6185884450206628,7.492591707103505,1,0
EFRGP01_01,crop03,BA-TOS-LS,213,7820,227,0.828826374225189,12168,12372,14477,1.170142256708697,0.17014225670869706,1.1246916524296717,1,1
EFRGP01_01,crop03,BA-TOS-LS,213,7831,231,0.8875893437296946,12294,12471,13674,1.0964637960067356,0.09646379600673563,0.050205691841593986,1,1
EFRGP01_01,crop03,BA-TOS-LS,213,7861,242,0.8883075357895501,12224,12443,13542,1.0883227517479708,0.08832275174797075,0.0960017941047311,1,1
EFRGP01_01,crop03,BA-TOS-LS,213,7867,239,0.7466261398176292,12282,12379,16353,1.3210275466515873,0.3210275466515874,2.4473129473666386,1,0
EFRGP01_01,crop03,BA-TOS-LS,213,7868,240,0.8867302315578177,12369,12516,13802,1.1027484819431128,0.10274848194311281,0.03448838012482737,1,1
EFRGP01_01,crop03,BA-TOS-LS,213,7885,247,0.8883870027684686,12194,12449,13471,1.082094947385332,0.08209494738533216,0.2329522246535685,1,1
EFRGP01_01,crop03,BA-TOS-LS,213,7896,246,0.8892701408249338,12440,12647,13782,1.0897446034632718,0.08974460346327193,0.062313643364778744,1,1
EFRGP01_01,crop03,BA-TOS-LS,213,7906,255,0.8967592256941928,12369,12487,13675,1.0951389445022823,0.09513894450228237,0.09587969020265963,1,1
EFRGP01_01,crop03,BA-TOS-LS,213,7923,259,0.7584641573671269,12030,12145,15746,1.2965006175380815,0.2965006175380815,2.4082262354034443,1,1
EFRGP01_01,crop03,BA-TOS-LS,213,7929,261,0.8873269896193772,12309,12600,13581,1.0778571428571428,0.07785714285714286,0.06470622909567643,1,1
EFRGP01_01,crop03,BA-TOS-LS,213,7937,263,0.8886165381010742,12326,12452,13745,1.1038387407645358,0.10383874076453582,0.09654220418387718,1,1
EFRGP01_01,crop03,BA-TOS-LS,213,7938,262,0.8952178999707516,12243,12421,13498,1.0867079945254006,0.08670799452540053,0.05255234386451706,1,1
EFRGP01_01,crop03,BA-TOS-LS,213,7946,267,0.8886874546773024,12255,12391,13654,1.1019288193043337,0.10192881930433378,0.12255670273499973,1,1
EFRGP01_01,crop03,BA-TOS-LS,213,7948,265,0.88814825666569,12125,12372,13405,1.0834949886841254,0.08349498868412544,0.07259559970704547,1,1
EFRGP01_01,crop03,BA-TOS-LS,213,7975,272,0.7551692021111456,12162,12330,15937,1.2925385239253853,0.29253852392538526,2.43123166718183,1,1
EFRGP01_01,crop03,BA-TOS-LS,213,7992,283,0.602200488997555,12315,12407,20358,1.6408479084387846,0.6408479084387846,6.892112741364129,1,0
EFRGP01_01,crop03,BA-TOS-LS,213,7996,288,0.7975376196990424,12243,12388,15206,1.2274782047142396,0.22747820471423957,2.369668656941203,1,1
EFRGP01_01,crop03,BA-TOS-LS,213,8002,299,0.7505565174375464,12138,12326,15984,1.2967710530585754,0.2967710530585754,3.6125978719877216,1,1
EFRGP01_01,crop03,BA-TOS-LS,213,8005,289,0.45312559232723,11953,12017,26315,2.189814429558126,1.1898144295581259,6.15144494381513,0,0
EFRGP01_01,crop03,BA-TOS-LS,213,8006,282,0.816078852085289,12171,12273,14812,1.2068768842173878,0.20687688421738776,1.4771088624810755,1,1
EFRGP01_01,crop03,BA-TOS-LS,213,9422,141,0.7337463199214916,11963,12242,16025,1.3090181342917824,0.3090181342917824,2.459075794637586,1,0
EFRGP01_01,crop03,BA-TOS-LS,213,9438,159,0.8879328887932889,12384,12483,13848,1.1093487142513818,0.10934871425138187,0.09531531715567383,1,1
EFRGP01_01,crop03,BA-TOS-LS,213,9439,151,0.8905483563950509,12164,12344,13479,1.091947504860661,0.09194750486066106,0.0910082024484013,1,1
EFRGP01_01,crop03,BA-TOS-LS,213,9451,148,0.7019965772960639,12306,12575,17261,1.3726441351888667,0.3726441351888668,4.179018232694033,1,0
EFRGP01_01,crop03,BA-TOS-LS,213,9465,155,0.8833886563717708,12242,12435,13665,1.0989143546441495,0.09891435464414958,0.12907365977325505,1,1
EFRGP01_01,crop03,BA-TOS-LS,213,9492,169,0.6315950607204817,12378,12505,19471,1.5570571771291484,0.5570571771291484,6.909519688786208,1,0
EFRGP01_01,crop03,BA-TOS-LS,213,9493,168,0.8911762566378119,12251,12486,13512,1.0821720326765978,0.08217203267659778,0.038465445841924635,1,1
EFRGP01_01,crop03,BA-TOS-LS,213,9517,171,0.8884424313267095,12161,12377,13472,1.0884705502141068,0.08847055021410681,0.0714620537742937,1,1
EFRGP01_01,crop03,BA-TOS-LS,213,9519,170,0.5165805983526098,12104,12180,23355,1.917487684729064,0.9174876847290641,6.3346944718426705,1,0
EFRGP01_01,crop03,BA-TOS-LS,213,9534,178,0.89017805020432,12199,12354,13549,1.0967298041120286,0.09672980411202849,0.05661102958607267,1,1
EFRGP01_01,crop03,BA-TOS-LS,213,9537,175,0.7529134639226382,12146,12215,16063,1.3150225133033155,0.3150225133033156,2.2826727574985846,1,1
EFRGP01_01,crop03,BA-TOS-LS,213,9541,182,0.8788528927983981,12289,12578,13694,1.088726347591032,0.08872634759103196,0.17390864457367325,1,1
EFRGP01_01,crop03,BA-TOS-LS,213,9542,187,0.8930110275323158,12228,12405,13516,1.0895606610237807,0.08956066102378073,0.12700825538941635,1,1
EFRGP01_01,crop03,BA-TOS-LS,213,9547,186,0.8330747959803062,12352,12519,14660,1.1710200495247225,0.1710200495247224,0.8750115907064571,1,1
EFRGP01_01,crop03,BA-TOS-LS,213,9548,190,0.8810057076800809,12194,12381,13654,1.102818835312172,0.10281883531217188,0.17561337824737427,1,1
EFRGP01_01,crop03,BA-TOS-LS,213,11865,199,0.8956682710107368,12096,12242,13359,1.0912432609050808,0.09124326090508086,0.0592858379288323,1,1
EFRGP01_01,crop03,BA-TOS-LS,213,11877,198,0.8839279456087474,12611,12910,13968,1.0819519752130131,0.08195197521301317,0.13358120492244976,1,1
EFRGP01_01,crop03,BA-TOS-LS,213,11884,205,0.7398181818181818,12207,12341,16366,1.3261486103233124,0.32614861032331255,2.442881086588043,1,0
EFRGP01_01,crop03,BA-TOS-LS,213,11889,203,0.8793190507105244,12190,12380,13673,1.1044426494345718,0.10444264943457189,0.14124615156793904,1,1
EFRGP01_01,crop03,BA-TOS-LS,213,11895,202,0.8840380013053883,12190,12475,13504,1.0824849699398797,0.08248496993987976,0.06256908124427955,1,1
EFRGP01_01,crop03,BA-TOS-LS,213,11900,208,0.7398272970118656,11909,12188,15818,1.2978339350180506,0.29783393501805056,2.468011084023657,1,0
EFRGP01_01,crop03,BA-TOS-LS,213,11918,209,0.8861637468716482,12393,12629,13749,1.088684773141183,0.08868477314118299,0.052720026427134935,1,1
EFRGP01_01,crop03,BA-TOS-LS,213,11949,220,0.7283081877273541,12213,12362,16620,1.3444426468209028,0.34444264682090275,2.4021562749686516,1,0
EFRGP01_01,crop03,BA-TOS-LS,213,11950,217,0.8949887591558489,12341,12522,13608,1.0867273598466698,0.08672735984666986,0.058912593572554024,1,1
EFRGP01_01,crop03,BA-TOS-LS,213,11964,219,0.8861747119731661,12153,12390,13477,1.0877320419693302,0.0877320419693301,0.10678319734302015,1,1
EFRGP01_01,crop03,BA-TOS-LS,213,11975,230,0.8826188290133484,12497,12638,14018,1.1091944927994937,0.10919449279949359,0.06413432081293875,1,1
EFRGP01_01,crop03,BA-TOS-LS,213,11981,233,0.8850843250346792,12123,12381,13439,1.0854535174864712,0.0854535174864712,0.057684142954198915,1,1
EFRGP01_01,crop03,BA-TOS-LS,213,11995,232,0.8940175910445591,12299,12495,13561,1.08531412565026,0.0853141256502601,0.1351938021629136,1,1
EFRGP01_01,crop03,BA-TOS-LS,213,12004,238,0.684621872364352,12176,12287,17674,1.4384308618865467,0.43843086188654673,4.1542103602096185,1,0
EFRGP01_01,crop03,BA-TOS-LS,213,12008,237,0.8820697089471793,12274,12437,13752,1.1057328937846747,0.10573289378467476,0.13575103885566933,1,1
EFRGP01_01,crop03,BA-TOS-LS,213,12013,241,0.885962971158811,12011,12256,13312,1.0861618798955615,0.08616187989556136,0.09618593743278564,1,1
EFRGP01_01,crop03,BA-TOS-LS,213,12014,235,0.7053181224814121,12427,12482,17564,1.4071462906585483,0.4071462906585483,2.6584487653448328,1,0
EFRGP01_01,crop03,BA-TOS-LS,213,12023,245,0.8830493791510251,12232,12512,13572,1.0847186700767264,0.08471867007672634,0.14068011116979656,1,1
EFRGP01_01,crop03,BA-TOS-LS,213,12027,243,0.8918115942028986,12307,12428,13679,1.1006598004505954,0.10065980045059543,0.10164520782145668,1,1
EFRGP01_01,crop03,BA-TOS-LS,213,12031,244,0.8975996476547016,12228,12327,13524,1.0971039182282794,0.09710391822827939,0.03563310466754214,1,1
EFRGP01_01,crop03,BA-TOS-LS,213,12051,253,0.6801546672475766,12489,12595,18256,1.4494640730448591,0.4494640730448591,5.112826661058857,1,0
EFRGP01_01,crop03,BA-TOS-LS,213,12059,256,0.7364198664951926,12025,12094,16260,1.344468331404002,0.34446833140400196,2.4386150410439447,1,0
EFRGP01_01,crop03,BA-TOS-LS,213,12062,257,0.8853987378083764,12346,12514,13776,1.1008470513025412,0.10084705130254115,0.12483107007830382,1,1
EFRGP01_01,crop03,BA-TOS-LS,213,12070,258,0.8924372187545362,12296,12380,13694,1.1061389337641356,0.1061389337641357,0.042580991809405784,1,1
EFRGP01_01,crop03,BA-TOS-LS,213,12093,264,0.7563558017851647,12287,12358,16174,1.3087878297459137,0.30878782974591357,2.309789258458465,1,1
EFRGP01_01,crop03,BA-TOS-LS,213,12110,270,0.8904916102443332,12100,12267,13421,1.0940735306105813,0.09407353061058124,0.10927174486165452,1,1
EFRGP01_01,crop03,BA-TOS-LS,213,12136,281,0.773071668115762,12448,12606,15944,1.2647945422814533,0.26479454228145327,2.783570426174543,1,1
EFRGP01_01,crop03,BA-TOS-LS,213,12138,276,0.8939219357626387,12413,12542,13757,1.0968745016743742,0.0968745016743741,0.07098087696791056,1,1
EFRGP01_01,crop03,BA-TOS-LS,213,12148,278,0.5245144583513164,12153,12367,22956,1.8562302902886714,0.8562302902886715,8.283980902505844,1,0
EFRGP01_01,crop03,BA-TOS-LS,213,12157,284,0.5928718958643546,12343,12512,20650,1.650415601023018,0.6504156010230179,6.177203848146851,1,0
EFRGP01_01,crop03,BA-TOS-LS,213,12164,298,0.8184811827956989,12179,12262,14797,1.2067362583591583,0.20673625835915838,1.742726601696773,1,1
EFRGP01_01,crop03,BA-TOS-LS,213,12172,292,0.5864355908408772,12114,12258,20513,1.6734377549355524,0.6734377549355522,4.738724020574949,1,0
EFRGP01_01,crop03,BA-TOS-LS,213,12173,293,0.43979206722210357,12352,12512,27926,2.231937340153453,1.2319373401534526,7.6901144097596505,0,0
EFRGP01_01,crop03,BA-TOS-LS,213,13728,144,0.7901990811638591,12384,12547,15509,1.2360723678967083,0.23607236789670838,2.261103923150743,1,1
EFRGP01_01,crop03,BA-TOS-LS,213,13763,154,0.8869219653179191,12275,12451,13664,1.0974218938237892,0.09742189382378925,0.11578608999820901,1,1
EFRGP01_01,crop03,BA-TOS-LS,213,13765,152,0.8931849389318494,12359,12442,13754,1.1054492846809194,0.10544928468091946,0.14326509477068297,1,1
EFRGP01_01,crop03,BA-TOS-LS,213,13766,153,0.8890186063480482,12184,12386,13503,1.0901824640723397,0.09018246407233974,0.07791766104937206,1,1
EFRGP01_01,crop03,BA-TOS-LS,213,13777,158,0.7667709637046308,12253,12411,15822,1.274836838288615,0.27483683828861494,2.1905992541606114,1,1
EFRGP01_01,crop03,BA-TOS-LS,213,13782,157,0.8986366330764671,12128,12201,13423,1.1001557249405787,0.10015572494057864,0.12916646184974467,1,1
EFRGP01_01,crop03,BA-TOS-LS,213,13790,161,0.8910856746444675,12845,12945,14315,1.1058323677095403,0.10583236770954037,0.057889256230237586,1,1
EFRGP01_01,crop03,BA-TOS-LS,213,13791,162,0.7478762324052831,12061,12205,15983,1.3095452683326505,0.30954526833265056,2.4383682591440436,1,0
EFRGP01_01,crop03,BA-TOS-LS,213,13824,165,0.8863206861462422,12194,12417,13535,1.0900378513328501,0.09003785133285012,0.16092300523025824,1,1
EFRGP01_01,crop03,BA-TOS-LS,213,13846,176,0.8913262370540852,12393,12548,13749,1.0957124641377112,0.09571246413771119,0.059435235467318645,1,1
EFRGP01_01,crop03,BA-TOS-LS,213,13847,172,0.743505305525064,12192,12234,16356,1.3369298675821482,0.3369298675821481,2.3856277726138115,1,0
EFRGP01_01,crop03,BA-TOS-LS,213,13855,177,0.8917151162790697,12270,12467,13563,1.0879120879120878,0.08791208791208792,0.11810335336250236,1,1
EFRGP01_01,crop03,BA-TOS-LS,213,13861,184,0.8953879941434846,12231,12357,13534,1.095249656065388,0.09524965606538804,0.09496843070907084,1,1
EFRGP01_01,crop03,BA-TOS-LS,213,13863,185,0.8929177268871925,12633,12797,13984,1.0927561147143863,0.09275611471438619,0.07146235714579088,1,1
EFRGP01_01,crop03,BA-TOS-LS,213,13864,179,0.891545316235601,12306,12443,13666,1.0982881941653941,0.0982881941653942,0.07934966399051244,1,1
EFRGP01_01,crop03,BA-TOS-LS,213,13865,181,0.721392734086925,11934,12176,16301,1.338781208935611,0.33878120893561103,2.4685523919320507,1,0
EFRGP01_01,crop03,BA-TOS-LS,213,13866,180,0.8844481839854158,12614,12748,14128,1.1082522748666457,0.10825227486664575,0.08048477073288077,1,1
EFRGP01_01,crop03,BA-TOS-LS,213,13874,183,0.7385957472587387,12192,12339,16360,1.325877299619094,0.32587729961909395,2.4287073717540455,1,0
EFRGP01_01,crop03,BA-TOS-LS,213,13884,191,0.8936465095922387,12251,12419,13541,1.0903454384410982,0.09034543844109831,0.1029911862811737,1,1
EFRGP01_01,crop03,BA-TOS-LS,213,13893,192,0.6399874778253156,12266,12389,19043,1.5370893534587133,0.5370893534587133,6.715898965254861,1,0
EFRGP01_01,crop03,BA-TOS-LS,213,13908,193,0.8674785616487714,12038,12202,13713,1.1238321586625144,0.12383215866251435,0.16804558939300127,1,1
EFRGP01_01,crop03,BA-TOS-LS,213,13909,194,0.8814971854667739,12058,12258,13479,1.0996084189916788,0.09960841899167891,0.02722935574402163,1,1
EFRGP01_01,crop03,BA-TOS-LS,213,13914,204,0.8766485091743119,12231,12542,13641,1.087625578057726,0.08762557805772604,0.11973135629676361,1,1
EFRGP01_01,crop03,BA-TOS-LS,213,13921,215,0.8775890489500466,12245,12445,13753,1.1051024507834473,0.10510245078344717,0.06705280655021409,1,1
EFRGP01_01,crop03,BA-TOS-LS,213,13923,224,0.7531883432936972,12225,12435,16021,1.2883795737836752,0.2883795737836751,2.30757387542912,1,1
EFRGP01_01,crop03,BA-TOS-LS,213,13929,226,0.8914067098293114,12116,12332,13376,1.0846578008433345,0.08465780084333442,0.09659350956271344,1,1
EFRGP01_01,crop03,BA-TOS-LS,213,13938,234,0.8947750890196934,12313,12550,13524,1.077609561752988,0.07760956175298805,0.0738545878685206,1,1
EFRGP01_01,crop03,BA-TOS-LS,213,13947,252,0.7557336621454994,12258,12356,16122,1.3047911945613466,0.30479119456134673,2.3357167485086383,1,1
EFRGP01_01,crop03,BA-TOS-LS,213,13951,260,0.8853231267481231,12028,12315,13299,1.0799025578562729,0.07990255785627284,0.21286894263605766,1,1
EFRGP01_01,crop03,BA-TOS-LS,213,13958,266,0.8970330312774043,12275,12463,13496,1.0828853406082002,0.08288534060820027,0.0843902381711985,1,1
EFRGP01_01,crop03,BA-TOS-LS,213,13965,273,0.888331150880256,12211,12388,13569,1.0953341943816597,0.09533419438165967,0.06670720756121558,1,1
EFRGP01_01,crop03,BA-TOS-LS,213,13966,271,0.8923724508309747,12296,12390,13685,1.1045197740112995,0.10451977401129943,0.07324102954335744,1,1
EFRGP01_01,crop03,BA-TOS-LS,213,13976,290,0.5797480389826479,12195,12272,20958,1.7077900912646675,0.7077900912646675,6.683766861069212,1,0
EFRGP01_01,crop03,BA-TOS-LS,213,13978,297,0.6034040453872719,12231,12290,20211,1.6445077298616761,0.6445077298616761,4.312308678179517,1,0
EFRGP01_01,crop03,BA-TOS-LS,213,13981,300,0.6792473652265077,12310,12441,17992,1.446185997910136,0.44618599791013586,4.124758965616698,1,0
EFRGP01_00,crop04,BA-TOS-LS,272,7251,36,0.7187261744179227,12255,12337,16969,1.3754559455297073,0.3754559455297074,3.7776675496329646,1,0
EFRGP01_00,crop04,BA-TOS-LS,272,7257,20,0.8616773647457149,12216,12310,14083,1.144029244516653,0.14402924451665314,1.6876408844000363,1,1
EFRGP01_00,crop04,BA-TOS-LS,272,7258,37,0.9109858319115792,12281,12352,13410,1.0856541450777202,0.0856541450777202,0.928006511430747,1,1
EFRGP01_00,crop04,BA-TOS-LS,272,7259,27,0.7622915245830492,12295,12397,16027,1.292812777284827,0.29281277728482696,4.142511239372033,1,1
EFRGP01_00,crop04,BA-TOS-LS,272,7264,32,0.854182763222589,12161,12260,14138,1.1531810766721045,0.1531810766721044,1.5146898096426726,1,1
EFRGP01_00,crop04,BA-TOS-LS,272,7265,24,0.9030563161400134,12203,12281,13435,1.0939662893901148,0.09396628939011481,0.7422851289008616,1,1
EFRGP01_00,crop04,BA-TOS-LS,272,7269,30,0.5952658695440848,12247,12327,20494,1.66252940699278,0.6625294069927801,7.475679356963483,1,0
EFRGP01_00,crop04,BA-TOS-LS,272,7270,31,0.9187995809010627,12277,12358,13281,1.074688460916006,0.07468846091600582,0.8682259631413554,1,1
EFRGP01_00,crop04,BA-TOS-LS,272,7271,22,0.8588555098626891,12322,12421,14248,1.1470896063118912,0.14708960631189116,2.0473366971546976,1,1
EFRGP01_00,crop04,BA-TOS-LS,272,7273,25,0.7146324549237171,12366,12454,17216,1.3823671109683635,0.38236711096836357,3.759285179742836,1,0
EFRGP01_00,crop04,BA-TOS-LS,272,7276,40,0.8424479166666666,12293,12418,14467,1.1650024158479626,0.16500241584796263,2.7125317918863625,1,1
EFRGP01_00,crop04,BA-TOS-LS,272,7277,34,0.8939991239597022,12246,12376,13568,1.0963154492566258,0.09631544925662573,1.2297046864246302,1,1
EFRGP01_00,crop04,BA-TOS-LS,272,7278,29,0.4549881936245573,12332,12414,27022,2.176735943289834,1.176735943289834,10.356883369910106,0,0
EFRGP01_00,crop04,BA-TOS-LS,272,7280,39,0.8587877931619101,12157,12235,14078,1.1506334286881896,0.15063342868818963,1.8010953702986419,1,1
EFRGP01_00,crop04,BA-TOS-LS,272,7282,41,0.8862449216482878,12216,12422,13578,1.093060698760264,0.09306069876026404,1.3019272288611878,1,1
EFRGP01_00,crop04,BA-TOS-LS,272,7284,47,0.84986972748398,12069,12207,14063,1.1520439092324077,0.15204390923240763,2.2105385265371047,1,1
EFRGP01_00,crop04,BA-TOS-LS,272,7285,38,0.6721764608325501,12159,12213,18035,1.476705150249734,0.47670515024973387,6.655111062307653,1,0
EFRGP01_00,crop04,BA-TOS-LS,272,7292,46,0.9636032035524542,12152,12267,12496,1.0186679709790494,0.018667970979049483,0.023443900379668384,1,1
EFRGP01_00,crop04,BA-TOS-LS,272,7294,49,0.6699493838028169,12177,12250,18103,1.477795918367347,0.4777959183673469,7.272260801423922,1,0
EFRGP01_00,crop04,BA-TOS-LS,272,7297,51,0.6971076284858262,12099,12173,17282,1.4196993345929516,0.4196993345929516,6.896193610064078,1,0
EFRGP01_00,crop04,BA-TOS-LS,272,7298,52,0.9554675118858954,12058,12196,12482,1.0234503115775664,0.023450311577566416,0.06464863787109308,1,1
EFRGP01_00,crop04,BA-TOS-LS,272,7301,59,0.752141458639256,12293,12372,16265,1.3146621403168446,0.3146621403168445,4.9603383473570295,1,1
EFRGP01_00,crop04,BA-TOS-LS,272,7304,53,0.9623361144219309,12111,12237,12459,1.0181417013974012,0.018141701397401323,0.04333064281029989,1,1
EFRGP01_00,crop04,BA-TOS-LS,272,7306,54,0.8175987171777911,12237,12295,14909,1.2126067507116713,0.2126067507116714,2.4237382974781467,1,1
EFRGP01_00,crop04,BA-TOS-LS,272,7310,60,0.9471157629652948,12035,12203,12539,1.0275342128984677,0.02753421289846759,0.12219130509721535,1,1
EFRGP01_00,crop04,BA-TOS-LS,272,7312,58,0.7067855089131685,12291,12362,17319,1.4009868953243811,0.40098689532438114,6.081223434395024,1,0
EFRGP01_00,crop04,BA-TOS-LS,272,7319,50,0.7868167202572347,12235,12320,15465,1.255275974025974,0.255275974025974,4.387524197823434,1,1
EFRGP01_00,crop04,BA-TOS-LS,272,7322,61,0.9542670802513322,11998,12122,12449,1.0269757465764726,0.026975746576472528,0.1175094569952084,1,1
EFRGP01_00,crop04,BA-TOS-LS,272,7324,64,0.9573369349328672,12050,12179,12458,1.0229082847524427,0.02290828475244273,0.0985721286400896,1,1
EFRGP01_00,crop04,BA-TOS-LS,272,7327,63,0.961956953379398,12112,12211,12492,1.0230120383260994,0.023012038326099417,0.07326243236081574,1,1
EFRGP01_00,crop04,BA-TOS-LS,272,7328,65,0.9507875558341823,12133,12280,12614,1.027198697068404,0.02719869706840391,0.0362917208023202,1,1
EFRGP01_00,crop04,BA-TOS-LS,272,7335,73,0.9577988915281077,12097,12177,12550,1.0306315184363966,0.030631518436396485,0.07239276182104626,1,1
EFRGP01_00,crop04,BA-TOS-LS,272,7336,70,0.9543594586087504,12128,12217,12619,1.0329049684865352,0.03290496848653516,0.08759864271473479,1,1
EFRGP01_00,crop04,BA-TOS-LS,272,7339,66,0.8599804168415163,12296,12402,14192,1.1443315594258991,0.14433155942589904,1.580369059650722,1,1
EFRGP01_00,crop04,BA-TOS-LS,272,7341,69,0.9531738586616635,12193,12358,12627,1.0217672762582943,0.02176727625829422,0.14313591352435112,1,1
EFRGP01_00,crop04,BA-TOS-LS,272,7342,68,0.9576437367636678,12209,12332,12626,1.0238404151800196,0.02384041518001946,0.07471915134905346,1,1
EFRGP01_00,crop04,BA-TOS-LS,272,7345,75,0.95625,12240,12375,12665,1.0234343434343434,0.023434343434343436,0.028359143682420745,1,1
EFRGP01_00,crop04,BA-TOS-LS,272,7351,81,0.9583268178264269,12257,12359,12688,1.0266202767214176,0.02662027672141759,0.016297201049466737,1,1
EFRGP01_00,crop04,BA-TOS-LS,272,7353,77,0.9631737000158053,12188,12275,12567,1.0237881873727088,0.02378818737270876,0.03857409090979178,1,1
EFRGP01_00,crop04,BA-TOS-LS,272,7360,72,0.958195298943051,12148,12245,12581,1.0274397713352388,0.027439771335238873,0.07916236807682657,1,1
EFRGP01_00,crop04,BA-TOS-LS,272,7363,80,0.959428344581183,12084,12207,12472,1.0217088555746703,0.021708855574670272,0.06744340408992307,1,1
EFRGP01_00,crop04,BA-TOS-LS,272,7364,85,0.949092062485132,11969,12109,12471,1.0298951193327277,0.02989511933272772,0.08836729634797968,1,1
EFRGP01_00,crop04,BA-TOS-LS,272,7365,82,0.9611234528721041,12114,12215,12503,1.023577568563242,0.023577568563241915,0.03599422795797185,1,1
EFRGP01_00,crop04,BA-TOS-LS,272,7366,78,0.9599906228022193,12285,12389,12693,1.0245378965211074,0.024537896521107435,0.05699154302911368,1,1
EFRGP01_00,crop04,BA-TOS-LS,272,7368,76,0.9549744700603435,12344,12442,12828,1.0310239511332584,0.03102395113325832,0.04466304222293602,1,1
EFRGP01_00,crop04,BA-TOS-LS,272,7371,79,0.9554655870445344,12036,12188,12445,1.021086314407614,0.021086314407614045,0.08446517587717249,1,1
EFRGP01_00,crop04,BA-TOS-LS,272,7373,86,0.9572275991258196,12264,12401,12675,1.0220949923393274,0.022094992339327473,0.07369796907307635,1,1
EFRGP01_00,crop04,BA-TOS-LS,272,7376,84,0.9524144397562119,12189,12322,12665,1.0278363901963967,0.02783639019639669,0.05871667149229585,1,1
EFRGP01_00,crop04,BA-TOS-LS,272,7380,87,0.9562273657691702,12146,12229,12619,1.0318914056750348,0.031891405675034755,0.058311275920397164,1,1
EFRGP01_00,crop04,BA-TOS-LS,272,7382,90,0.9648328967214416,12154,12279,12472,1.0157178923365096,0.015717892336509488,0.09441919053413088,1,1
EFRGP01_00,crop04,BA-TOS-LS,272,7383,91,0.963679060665362,12311,12384,12702,1.0256782945736433,0.02567829457364341,0.04330947585172775,1,1
EFRGP01_00,crop04,BA-TOS-LS,272,7388,89,0.9482948294829483,12068,12204,12590,1.0316289741068503,0.03162897410685021,0.07524017753961909,1,1
EFRGP01_00,crop04,BA-TOS-LS,272,7389,94,0.9591964355506918,12271,12422,12642,1.0177105136048945,0.01771051360489454,0.034380738494080965,1,1
EFRGP01_00,crop04,BA-TOS-LS,272,7390,98,0.956365623292483,12252,12365,12698,1.026930853214719,0.026930853214718966,0.06425461501644056,1,1
EFRGP01_00,crop04,BA-TOS-LS,272,7392,95,0.9562072489975627,12162,12299,12582,1.0230100008130742,0.023010000813074232,0.08287055658947494,1,1
EFRGP01_00,crop04,BA-TOS-LS,272,7396,93,0.7710843373493976,12352,12387,15984,1.2903850811334463,0.29038508113344635,4.836562166403244,1,1
EFRGP01_00,crop04,BA-TOS-LS,272,7397,100,0.6132277834525025,12007,12081,19506,1.6146014402781226,0.6146014402781227,8.175436604657225,1,0
EFRGP01_00,crop04,BA-TOS-LS,272,7401,92,0.7333333333333333,12232,12343,16569,1.3423802965243459,0.34238029652434576,5.4000728656082,1,0
EFRGP01_00,crop04,BA-TOS-LS,272,7404,99,0.6127939317319848,12118,12169,19724,1.6208398389349987,0.6208398389349987,7.877563101551806,1,0
EFRGP01_00,crop04,BA-TOS-LS,272,7405,107,0.9494894379920492,12181,12333,12677,1.0278926457471824,0.027892645747182355,0.024320154414807674,1,1
EFRGP01_00,crop04,BA-TOS-LS,272,7410,105,0.9569039956040506,12190,12272,12657,1.0313722294654497,0.031372229465449805,0.035398941320146496,1,1
EFRGP01_00,crop04,BA-TOS-LS,272,7412,106,0.961648177496038,12136,12229,12527,1.0243683048491292,0.024368304849129118,0.04565471081123081,1,1
EFRGP01_00,crop04,BA-TOS-LS,272,7413,104,0.9584315574414585,12197,12321,12602,1.0228065903741579,0.022806590374157942,0.08485030424228662,1,1
EFRGP01_00,crop04,BA-TOS-LS,272,7417,113,0.7254105597739714,12324,12422,16891,1.3597649331830624,0.3597649331830623,5.75194159737665,1,0
EFRGP01_00,crop04,BA-TOS-LS,272,7420,109,0.9553025672371638,12503,12674,12917,1.0191731103045605,0.01917311030456052,0.08870856626685164,1,1
EFRGP01_00,crop04,BA-TOS-LS,272,7424,108,0.9645055559996802,12065,12155,12419,1.0217194570135746,0.02171945701357466,0.07367513295385465,1,1
EFRGP01_00,crop04,BA-TOS-LS,272,7428,114,0.9564634434892342,12127,12220,12586,1.0299509001636662,0.02995090016366612,0.07121794314842067,1,1
EFRGP01_00,crop04,BA-TOS-LS,272,7430,112,0.9632017612832207,12250,12389,12579,1.0153361853256921,0.015336185325692146,0.12392433755389692,1,1
EFRGP01_00,crop04,BA-TOS-LS,272,7433,110,0.8445003741242092,12415,12501,14615,1.1691064714822814,0.16910647148228142,2.7446353313047243,1,1
EFRGP01_00,crop04,BA-TOS-LS,272,7434,111,0.958004223039024,12250,12410,12627,1.0174858984689765,0.01748589846897663,0.08400379686051129,1,1
EFRGP01_00,crop04,BA-TOS-LS,272,7436,116,0.9613572101790764,12240,12294,12678,1.031234748657882,0.031234748657881894,0.027321128692045418,1,1
EFRGP01_00,crop04,BA-TOS-LS,272,7441,119,0.9530159228174759,12150,12282,12617,1.0272756879986973,0.02727568799869728,0.0356176368033816,1,1
EFRGP01_00,crop04,BA-TOS-LS,272,7443,120,0.9539643949494158,12164,12270,12645,1.0305623471882641,0.030562347188264057,0.10346495133713904,1,1
EFRGP01_00,crop04,BA-TOS-LS,272,7447,121,0.9572717202088938,12098,12177,12559,1.0313706167364705,0.031370616736470396,0.06198640794076213,1,1
EFRGP01_00,crop04,BA-TOS-LS,272,7448,122,0.9649510577833912,12224,12312,12580,1.0217673814165043,0.021767381416504222,0.03935342361060839,1,1
EFRGP01_00,crop04,BA-TOS-LS,272,7449,117,0.9626168224299065,12257,12343,12647,1.0246293445677712,0.024629344567771206,0.02389750402854013,1,1
EFRGP01_00,crop04,BA-TOS-LS,272,7460,131,0.9614079393891564,12182,12361,12492,1.0105978480705444,0.010597848070544454,0.043825961228959626,1,1
EFRGP01_00,crop04,BA-TOS-LS,272,7462,129,0.7420537897310513,12140,12262,16238,1.3242537922035558,0.3242537922035557,5.381229921708008,1,0
EFRGP01_00,crop04,BA-TOS-LS,272,7465,124,0.5571864885809363,12223,12385,21775,1.7581752119499394,0.7581752119499394,6.249097215476605,1,0
EFRGP01_00,crop04,BA-TOS-LS,272,7466,132,0.9593540333905446,12297,12391,12724,1.0268743442821402,0.026874344282140264,0.04621108950271805,1,1
EFRGP01_00,crop04,BA-TOS-LS,272,7467,128,0.9591562648127666,12141,12293,12506,1.0173269340274953,0.017326934027495324,0.08449493828444643,1,1
EFRGP01_00,crop04,BA-TOS-LS,272,7472,134,0.8150866058442418,12329,12438,15017,1.2073484483035857,0.2073484483035858,2.9519183426568874,1,1
EFRGP01_00,crop04,BA-TOS-LS,272,7473,130,0.9646769328464836,12153,12257,12494,1.0193358896956841,0.0193358896956841,0.0855892146502293,1,1
EFRGP01_00,crop04,BA-TOS-LS,272,7476,138,0.9598101265822785,12132,12242,12530,1.023525567717693,0.023525567717693187,0.07969388614956549,1,1
EFRGP01_00,crop04,BA-TOS-LS,272,7477,141,0.9613189600507293,12128,12261,12483,1.018106190359677,0.018106190359677025,0.049660035130808744,1,1
EFRGP01_00,crop04,BA-TOS-LS,272,7480,139,0.955390625,12229,12386,12643,1.0207492330050056,0.02074923300500565,0.12807905540076145,1,1
EFRGP01_00,crop04,BA-TOS-LS,272,7481,135,0.9555241238409555,12160,12264,12622,1.029191128506197,0.029191128506196998,0.03891665629019106,1,1
EFRGP01_00,crop04,BA-TOS-LS,272,7482,136,0.6213729653220099,12292,12338,19736,1.599610958015886,0.5996109580158859,7.341016449872604,1,0
EFRGP01_00,crop04,BA-TOS-LS,272,7483,133,0.8906903381996919,12141,12239,13533,1.1057275921235394,0.10572759212353951,1.4325720537619555,1,1
EFRGP01_00,crop04,BA-TOS-LS,272,7484,142,0.879905301671569,12265,12399,13805,1.1133962416323897,0.1133962416323897,1.652712004952834,1,1
EFRGP01_00,crop04,BA-TOS-LS,272,7488,140,0.9632051686101482,12225,12410,12507,1.00781627719581,0.00781627719580983,0.053536303730346686,1,1
EFRGP01_00,crop04,BA-TOS-LS,272,7491,145,0.9587369084179856,12175,12259,12615,1.029039889061098,0.02903988906109797,0.05067660647382098,1,1
EFRGP01_00,crop04,BA-TOS-LS,272,7494,144,0.953064088570092,12224,12337,12713,1.030477425630218,0.030477425630218043,0.051393317334913695,1,1
EFRGP01_00,crop04,BA-TOS-LS,272,7495,143,0.9514449056308246,12149,12319,12599,1.0227291176231836,0.0227291176231837,0.03960081102669829,1,1
EFRGP01_00,crop04,BA-TOS-LS,272,7496,146,0.9568396226415095,12171,12287,12604,1.0257996256205746,0.02579962562057459,0.05068684076234277,1,1
EFRGP01_00,crop04,BA-TOS-LS,272,7497,147,0.9597188215780744,12151,12269,12543,1.0223327084521967,0.022332708452196592,0.0419471748685283,1,1
EFRGP01_00,crop04,BA-TOS-LS,272,7501,148,0.8653122114086809,12181,12316,13942,1.1320233842156544,0.13202338421565443,1.359396502829856,1,1
EFRGP01_00,crop04,BA-TOS-LS,272,7509,151,0.6521969016020727,12335,12419,18829,1.5161446171189306,0.5161446171189307,6.510404010434037,1,0
EFRGP01_00,crop04,BA-TOS-LS,272,7512,159,0.9673991210547344,12107,12225,12397,1.0140695296523516,0.014069529652351738,0.09146366697425565,1,1
EFRGP01_00,crop04,BA-TOS-LS,272,7513,149,0.9533772136028835,12167,12245,12684,1.0358513679052674,0.03585136790526745,0.06910530971180479,1,1
EFRGP01_00,crop04,BA-TOS-LS,272,7514,160,0.9672026747333227,12150,12246,12466,1.0179650498121835,0.01796504981218357,0.057225021131157155,1,1
EFRGP01_00,crop04,BA-TOS-LS,272,7516,157,0.9591115994349396,12221,12321,12642,1.0260530801071341,0.026053080107134162,0.022580339568594423,1,1
EFRGP01_00,crop04,BA-TOS-LS,272,7517,153,0.9559284818067754,12190,12305,12637,1.0269809020723284,0.02698090207232832,0.05742751167790648,1,1
EFRGP01_00,crop04,BA-TOS-LS,272,7519,150,0.9595034910783553,12368,12476,12782,1.024527092016672,0.02452709201667201,0.04948733708368575,1,1
EFRGP01_00,crop04,BA-TOS-LS,272,7523,162,0.873252365485101,12367,12487,14042,1.1245295106911188,0.12452951069111877,1.6364018880840487,1,1
EFRGP01_00,crop04,BA-TOS-LS,272,7527,155,0.708027933283315,12268,12302,17293,1.4057063892050072,0.4057063892050073,3.5264710284415055,1,0
EFRGP01_00,crop04,BA-TOS-LS,272,7529,161,0.9616453585325181,12110,12198,12505,1.0251680603377602,0.025168060337760288,0.029459136289820078,1,1
EFRGP01_00,crop04,BA-TOS-LS,272,7532,158,0.6228337902850344,12040,12127,19244,1.586872268491795,0.5868722684917952,6.261031591434825,1,0
EFRGP01_00,crop04,BA-TOS-LS,272,7542,168,0.9588425451391627,12161,12248,12596,1.028412802090137,0.028412802090137166,0.05884993612160817,1,1
EFRGP01_00,crop04,BA-TOS-LS,272,7543,166,0.9622345843453733,12281,12387,12657,1.0217970452894163,0.021797045289416325,0.03319486375578903,1,1
EFRGP01_00,crop04,BA-TOS-LS,272,7544,167,0.959776007571575,12169,12296,12552,1.0208197787898503,0.02081977878985036,0.0660835162782694,1,1
EFRGP01_00,crop04,BA-TOS-LS,272,7545,164,0.9542503863987635,12348,12506,12782,1.0220694066847913,0.0220694066847913,0.03226349090383849,1,1
EFRGP01_00,crop04,BA-TOS-LS,272,7546,171,0.9602538675128917,12104,12260,12449,1.015415986949429,0.015415986949429037,0.06378487633947887,1,1
EFRGP01_00,crop04,BA-TOS-LS,272,7549,176,0.9537417113988002,12082,12221,12529,1.0252025202520252,0.025202520252025202,0.05227083568199494,1,1
EFRGP01_00,crop04,BA-TOS-LS,272,7550,169,0.9620213185945519,12184,12300,12549,1.0202439024390244,0.02024390243902439,0.04636621902281284,1,1
EFRGP01_00,crop04,BA-TOS-LS,272,7555,173,0.9536516853932584,12222,12349,12689,1.0275325937322861,0.027532593732286014,0.0752839247536363,1,1
EFRGP01_00,crop04,BA-TOS-LS,272,7558,172,0.9454928259513412,12125,12305,12644,1.0275497765136123,0.027549776513612352,0.07076792870569114,1,1
EFRGP01_00,crop04,BA-TOS-LS,272,7559,175,0.5775692163303613,12308,12350,21268,1.7221052631578948,0.7221052631578947,7.6963735705615,1,0
EFRGP01_00,crop04,BA-TOS-LS,272,7562,177,0.9613412228796844,12185,12295,12565,1.021960146400976,0.021960146400976006,0.07160389052958284,1,1
EFRGP01_00,crop04,BA-TOS-LS,272,7709,174,0.9576231794236133,12361,12477,12792,1.0252464534743928,0.02524645347439288,0.06590529550922085,1,1
EFRGP01_00,crop04,BA-TOS-LS,272,7712,180,0.9559783035924848,12161,12272,12610,1.027542372881356,0.02754237288135593,0.053929874856772315,1,1
EFRGP01_00,crop04,BA-TOS-LS,272,14349,233,0.9605992041819459,12312,12375,12754,1.0306262626262626,0.030626262626262626,0.08716307144036789,1,1
EFRGP01_00,crop04,BA-TOS-LS,272,14351,241,0.9518627373103503,11983,12184,12388,1.0167432698621142,0.01674326986211425,0.06334467945576135,1,1
EFRGP01_00,crop04,BA-TOS-LS,272,14352,240,0.9574905183312263,12118,12197,12577,1.0311552020988768,0.03115520209887677,0.05060404788070608,1,1
EFRGP01_00,crop04,BA-TOS-LS,272,14353,237,0.9505546008436182,12169,12310,12661,1.0285134037367993,0.02851340373679935,0.08677516955846175,1,1
EFRGP01_00,crop04,BA-TOS-LS,272,14354,234,0.9569513055751588,12204,12341,12616,1.0222834454258163,0.022283445425816385,0.055428607558711776,1,1
EFRGP01_00,crop04,BA-TOS-LS,272,14355,238,0.9581914640905852,12101,12237,12493,1.0209201601699762,0.0209201601699763,0.06963212715504458,1,1
EFRGP01_00,crop04,BA-TOS-LS,272,14356,235,0.7733207190160832,12261,12324,15792,1.2814021421616357,0.28140214216163584,4.223228655020525,1,1
EFRGP01_00,crop04,BA-TOS-LS,272,14359,244,0.9539489011415703,12284,12416,12745,1.0264980670103092,0.026498067010309278,0.11440331330076006,1,1
EFRGP01_00,crop04,BA-TOS-LS,272,14360,239,0.9585743317179928,12264,12395,12663,1.0216216216216216,0.021621621621621623,0.059303760412501974,1,1
EFRGP01_00,crop04,BA-TOS-LS,272,14364,245,0.9542513863216266,12390,12515,12859,1.0274870155813025,0.027487015581302437,0.09094931110452796,1,1
EFRGP01_00,crop04,BA-TOS-LS,272,14368,246,0.9465423465423466,12182,12328,12724,1.0321219987021415,0.03212199870214147,0.09017944657323981,1,1
EFRGP01_00,crop04,BA-TOS-LS,272,14369,250,0.9662376866857324,12163,12201,12550,1.028604212769445,0.028604212769445126,0.041587876756952295,1,1
EFRGP01_00,crop04,BA-TOS-LS,272,14373,249,0.9567192730750836,12003,12108,12441,1.0275024777006938,0.027502477700693757,0.0668147775143759,1,1
EFRGP01_00,crop04,BA-TOS-LS,272,14377,251,0.8823313782991202,12035,12091,13584,1.1234802745844017,0.12348027458440163,1.7440540237026232,1,1
EFRGP01_00,crop04,BA-TOS-LS,272,14380,254,0.95479646576207,12103,12244,12535,1.023766742894479,0.02376674289447893,0.06405975422977482,1,1
EFRGP01_00,crop04,BA-TOS-LS,272,14384,255,0.9480957989791912,12074,12234,12575,1.0278731404283146,0.027873140428314534,0.05027892698453003,1,1
EFRGP01_00,crop04,BA-TOS-LS,272,14387,253,0.8315537303216974,12149,12250,14509,1.184408163265306,0.18440816326530612,2.7463705954246236,1,1
EFRGP01_00,crop04,BA-TOS-LS,272,14394,256,0.9658404829996823,12158,12238,12508,1.022062428501389,0.022062428501389116,0.05947060572788197,1,1
EFRGP01_00,crop04,BA-TOS-LS,272,14396,262,0.963656650992269,12091,12172,12466,1.0241537955964508,0.02415379559645087,0.031617681104366455,1,1
EFRGP01_00,crop04,BA-TOS-LS,272,14397,259,0.9440700286621737,12187,12385,12711,1.0263221639079532,0.02632216390795317,0.11701515805131628,1,1
EFRGP01_00,crop04,BA-TOS-LS,272,14398,258,0.9589525831564049,12195,12292,12620,1.0266840221282134,0.026684022128213473,0.0612883494076201,1,1
EFRGP01_00,crop04,BA-TOS-LS,272,14399,266,0.9615233299236762,12220,12314,12615,1.0244437225921714,0.02444372259217151,0.07409143666020286,1,1
EFRGP01_00,crop04,BA-TOS-LS,272,14408,264,0.956370534302877,12100,12170,12582,1.0338537387017255,0.033853738701725554,0.08872498841245473,1,1
EFRGP01_00,crop04,BA-TOS-LS,272,14410,271,0.9631978701746143,12301,12388,12684,1.0238940910558605,0.02389409105586051,0.050118149437362515,1,1
EFRGP01_00,crop04,BA-TOS-LS,272,14411,260,0.9677470481020684,12212,12283,12548,1.0215745339086542,0.02157453390865424,0.03373398463813231,1,1
EFRGP01_00,crop04,BA-TOS-LS,272,14412,268,0.9597278265685576,12130,12315,12454,1.0112870483150629,0.011287048315062932,0.08189232255984175,1,1
EFRGP01_00,crop04,BA-TOS-LS,272,14417,267,0.9578052428560183,12167,12254,12616,1.0295413742451445,0.02954137424514444,0.03192183891465618,1,1
EFRGP01_00,crop04,BA-TOS-LS,272,14418,261,0.9554030874785592,12254,12392,12688,1.023886378308586,0.023886378308586184,0.05694046139872507,1,1
EFRGP01_00,crop04,BA-TOS-LS,272,14419,270,0.9507877086257994,12191,12335,12678,1.0278070531009322,0.027807053100932306,0.06277283453448906,1,1
EFRGP01_00,crop04,BA-TOS-LS,272,14422,272,0.9643567507359376,12121,12219,12471,1.0206236189540878,0.020623618954087895,0.08328692874004838,1,1
EFRGP01_00,crop04,BA-TOS-LS,272,14423,275,0.5324595893403233,12188,12288,22790,1.8546549479166667,0.8546549479166666,6.9834715934313785,1,0
EFRGP01_00,crop04,BA-TOS-LS,272,14429,277,0.948509485094851,12250,12404,12761,1.0287810383747178,0.02878103837471783,0.044248600611438905,1,1
EFRGP01_00,crop04,BA-TOS-LS,272,14430,273,0.9617619346733668,12249,12310,12675,1.029650690495532,0.029650690495532088,0.10601592569925586,1,1
EFRGP01_00,crop04,BA-TOS-LS,272,14432,282,0.7188643607602409,12179,12275,16846,1.3723828920570265,0.37238289205702646,4.369838132360975,1,0
EFRGP01_00,crop04,BA-TOS-LS,272,14433,283,0.9634136828145721,12350,12458,12711,1.0203082356718574,0.020308235671857442,0.05956521128350528,1,1
EFRGP01_00,crop04,BA-TOS-LS,272,14442,289,0.9607765764343777,12174,12295,12550,1.0207401382675885,0.02074013826758845,0.0659180915198488,1,1
EFRGP01_00,crop04,BA-TOS-LS,272,14443,290,0.9510724909973384,12149,12268,12655,1.0315454841865015,0.031545484186501466,0.11233950992862274,1,1
EFRGP01_00,crop04,BA-TOS-LS,272,14444,292,0.9676403432800567,12290,12382,12609,1.0183330641253432,0.01833306412534324,0.08219936430628559,1,1
EFRGP01_00,crop04,BA-TOS-LS,272,14445,285,0.9627260522782911,12191,12304,12550,1.0199934980494147,0.019993498049414825,0.11669885363356156,1,1
EFRGP01_00,crop04,BA-TOS-LS,272,14446,286,0.9623576794981024,12425,12503,12833,1.0263936655202752,0.026393665520275136,0.019025401496512804,1,1
EFRGP01_00,crop04,BA-TOS-LS,272,14451,291,0.956806179553874,12139,12310,12516,1.0167343623070675,0.016734362307067426,0.08019788861351543,1,1
EFRGP01_00,crop04,BA-TOS-LS,272,14453,297,0.9622280659813531,12075,12170,12454,1.0233360723089564,0.02333607230895645,0.046498301031946895,1,1
EFRGP01_00,crop04,BA-TOS-LS,272,14457,287,0.9617021276595744,12204,12298,12596,1.0242315823711172,0.024231582371117256,0.03190615726841348,1,1
EFRGP01_00,crop04,BA-TOS-LS,272,14465,300,0.9594615745813116,12260,12350,12688,1.0273684210526315,0.02736842105263158,0.04748659060486701,1,1
EFRGP01_00,crop04,BA-TOS-LS,272,14467,294,0.9582874232645994,12176,12284,12598,1.0255617062845979,0.025561706284597852,0.14056909938511242,1,1
EFRGP01_00,crop04,BA-TOS-LS,272,14468,299,0.6897251013970257,12244,12287,17709,1.4412794009929193,0.44127940099291935,6.569746940697165,1,0
EFRGP01_00,crop04,BA-TOS-LS,272,14471,296,0.9533885071830106,12211,12334,12685,1.028457921193449,0.028457921193449004,0.04201218908714029,1,1
EFRGP01_00,crop04,BA-TOS-LS,272,14473,303,0.955759794376509,12271,12451,12659,1.0167054855031725,0.016705485503172437,0.09454098763211854,1,1
EFRGP01_00,crop04,BA-TOS-LS,272,14476,298,0.7812363545630341,12524,12563,15992,1.2729443604234658,0.27294436042346576,4.5442074104920485,1,1
EFRGP01_00,crop04,BA-TOS-LS,272,14477,301,0.9549013466958973,12196,12315,12653,1.027446203816484,0.027446203816483963,0.08169165795305554,1,1
EFRGP01_00,crop04,BA-TOS-LS,272,14479,307,0.9537527250077857,12250,12405,12689,1.022893994357114,0.02289399435711407,0.028210382939236837,1,1
EFRGP01_00,crop04,BA-TOS-LS,272,14482,302,0.9119307489649982,12115,12287,13113,1.067225522910393,0.0672255229103931,0.8432357623075436,1,1
EFRGP01_00,crop04,BA-TOS-LS,272,14492,305,0.6203274006833597,12164,12253,19520,1.5930792458989635,0.5930792458989635,6.980652873424413,1,0
EFRGP01_00,crop04,BA-TOS-LS,272,14494,310,0.9614926558157999,12110,12220,12485,1.0216857610474632,0.021685761047463174,0.06410316794711685,1,1
EFRGP01_00,crop04,BA-TOS-LS,272,14495,308,0.953782172002511,12155,12256,12643,1.0315763707571801,0.03157637075718016,0.058554801156406815,1,1
EFRGP01_00,crop04,BA-TOS-LS,272,14496,304,0.9254073904062429,12096,12204,12963,1.0621927236971485,0.062192723697148476,0.6607181549000832,1,1
EFRGP01_00,crop04,BA-TOS-LS,272,14501,306,0.9594658659924147,12143,12249,12550,1.024573434566087,0.024573434566087026,0.06629619661977547,1,1
EFRGP01_00,crop04,BA-TOS-LS,272,14503,309,0.9537682077264091,12048,12186,12494,1.0252749056294108,0.025274905629410798,0.10119960001738003,1,1
EFRGP01_00,crop04,BA-TOS-LS,272,14504,311,0.9549620114357328,12192,12305,12654,1.0283624542868752,0.028362454286875255,0.08887000791667407,1,1
EFRGP01_00,crop04,BA-TOS-LS,272,14506,312,0.9636449480642115,12246,12304,12650,1.0281209362808843,0.028120936280884266,0.08025959376219234,1,1
EFRGP01_00,crop04,BA-TOS-LS,272,14510,320,0.9468384074941452,12129,12296,12643,1.028220559531555,0.028220559531554976,0.0737846485793218,1,1
EFRGP01_00,crop04,BA-TOS-LS,272,14511,321,0.9586737900691389,12202,12349,12581,1.0187869463114423,0.01878694631144222,0.026977285172067083,1,1
EFRGP01_00,crop04,BA-TOS-LS,272,14512,318,0.9559984368894099,12232,12366,12661,1.0238557334627203,0.023855733462720363,0.08057293645277422,1,1
EFRGP01_00,crop04,BA-TOS-LS,272,14513,324,0.967596260497544,12213,12286,12549,1.0214064789190949,0.021406478919094904,0.07546939313908674,1,1
EFRGP01_00,crop04,BA-TOS-LS,272,14517,319,0.9584520417853751,12111,12176,12571,1.0324408672798948,0.032440867279894876,0.07525513177531057,1,1
EFRGP01_00,crop04,BA-TOS-LS,272,14521,322,0.9492979719188768,12170,12299,12691,1.0318725099601593,0.03187250996015936,0.08580712101084875,1,1
EFRGP01_00,crop04,BA-TOS-LS,272,14523,334,0.9610897987943318,12276,12379,12670,1.0235075531141449,0.023507553114144923,0.11964513007022452,1,1
EFRGP01_00,crop04,BA-TOS-LS,272,14524,323,0.9581197255304046,12148,12264,12563,1.0243803000652316,0.02438030006523157,0.07101377275290013,1,1
EFRGP01_00,crop04,BA-TOS-LS,272,14533,330,0.951206097273513,12106,12262,12571,1.0251998042733648,0.025199804273364868,0.06771104266906496,1,1
EFRGP01_00,crop04,BA-TOS-LS,272,14534,326,0.9544955280087871,12166,12303,12609,1.0248719824433066,0.02487198244330651,0.09556528657529488,1,1
EFRGP01_00,crop04,BA-TOS-LS,272,14538,333,0.9543361173991102,12226,12352,12685,1.0269591968911918,0.02695919689119171,0.0638378006790747,1,1
EFRGP01_00,crop04,BA-TOS-LS,272,14542,329,0.9601289713746461,12209,12321,12604,1.0229689148608068,0.022968914860806752,0.0506876790486851,1,1
EFRGP01_00,crop04,BA-TOS-LS,272,14543,332,0.9570358691367757,12140,12330,12495,1.0133819951338199,0.01338199513381995,0.031090695069447748,1,1
EFRGP01_00,crop04,BA-TOS-LS,272,14549,338,0.6734873972753846,12211,12362,17980,1.4544572075715902,0.45445720757159036,7.050931557695602,1,0
EFRGP01_00,crop04,BA-TOS-LS,272,14553,347,0.7761127121357669,12119,12202,15532,1.2729060809703328,0.27290608097033275,2.4813373551387508,1,1
EFRGP01_00,crop04,BA-TOS-LS,272,14554,337,0.9542973015130245,12236,12386,12672,1.0230905861456483,0.023090586145648313,0.07299421150723025,1,1
EFRGP01_00,crop04,BA-TOS-LS,272,14556,344,0.8917472881852829,12167,12323,13488,1.0945386675322568,0.09453866753225676,1.2097425938661341,1,1
EFRGP01_00,crop04,BA-TOS-LS,272,14557,345,0.6077304261645193,12264,12348,20096,1.627470035633301,0.627470035633301,5.487961521931435,1,0
EFRGP01_00,crop04,BA-TOS-LS,272,14559,336,0.897963668326985,12259,12382,13529,1.0926344693910515,0.09263446939105152,1.1753008325263796,1,1
EFRGP01_00,crop04,BA-TOS-LS,272,14562,341,0.9652215340638399,12156,12261,12489,1.0185955468558845,0.018595546855884514,0.04005697490149822,1,1
EFRGP01_00,crop04,BA-TOS-LS,272,14563,339,0.9534920509372775,12055,12203,12495,1.0239285421617634,0.023928542161763502,0.034526299949466016,1,1
EFRGP01_00,crop04,BA-TOS-LS,272,14566,348,0.9598210782390332,12231,12299,12675,1.0305715911862754,0.030571591186275306,0.08372127544811041,1,1
EFRGP01_00,crop04,BA-TOS-LS,272,14567,340,0.9538604940189529,12280,12422,12732,1.0249557237159879,0.024955723715987765,0.05396790653451411,1,1
EFRGP01_00,crop04,BA-TOS-LS,272,14568,349,0.9587685976574866,12115,12251,12500,1.0203248714390662,0.020324871439066198,0.042311149915432576,1,1
EFRGP01_00,crop04,BA-TOS-LS,272,14569,351,0.957030940887869,12094,12255,12476,1.018033455732354,0.01803345573235414,0.06931458760260348,1,1
EFRGP01_00,crop04,BA-TOS-LS,272,14571,342,0.9502638112973308,12247,12361,12774,1.0334115362834722,0.03341153628347221,0.04310967306792294,1,1
EFRGP01_00,crop04,BA-TOS-LS,272,14572,343,0.9536758893280632,12064,12233,12481,1.0202730319627238,0.02027303196272378,0.02193233774701281,1,1
EFRGP01_00,crop04,BA-TOS-LS,272,14576,350,0.9608291298865069,12191,12339,12540,1.0162898127887188,0.016289812788718695,0.05081134981262408,1,1
EFRGP01_00,crop04,BA-TOS-LS,272,14577,352,0.9551393042657013,12136,12312,12530,1.017706302794022,0.01770630279402209,0.08957787928932558,1,1
EFRGP01_00,crop04,BA-TOS-LS,272,14579,353,0.9506845052893591,12222,12343,12735,1.0317588916794944,0.03175889167949445,0.11057499386479586,1,1
EFRGP01_00,crop04,BA-TOS-LS,272,14585,359,0.8821903861537342,12131,12205,13677,1.1206063088897993,0.12060630888979926,1.6790467921019576,1,1
EFRGP01_00,crop04,BA-TOS-LS,272,14594,356,0.9667644959149678,12188,12287,12508,1.0179864897859527,0.017986489785952634,0.045478344430275104,1,1
EFRGP01_00,crop04,BA-TOS-LS,272,14598,358,0.9609843470134725,12340,12417,12764,1.0279455585084964,0.027945558508496417,0.05540101761505364,1,1
EFRGP01_00,crop04,BA-TOS-LS,272,14600,364,0.9590112146580319,12143,12242,12563,1.0262212056853455,0.02622120568534553,0.02720554255548363,1,1
EFRGP01_00,crop04,BA-TOS-LS,272,14601,360,0.9648056310990242,12062,12134,12430,1.0243942640514256,0.024394264051425744,0.0419807989686345,1,1
EFRGP01_00,crop04,BA-TOS-LS,272,14606,363,0.9308253358925144,12124,12243,12906,1.0541533937760352,0.054153393776035286,0.5286368228854873,1,1
EFRGP01_00,crop04,BA-TOS-LS,272,14610,361,0.8941547026076765,12207,12288,13571,1.1044108072916667,0.10441080729166667,1.2929064478850627,1,1
EFRGP01_00,crop04,BA-TOS-LS,272,14614,368,0.8380611401817681,12172,12302,14394,1.1700536498130385,0.17005364981303853,2.212758979273277,1,1
EFRGP01_00,crop04,BA-TOS-LS,272,14617,374,0.7698077529152222,12213,12293,15785,1.2840641015211909,0.28406410152119094,4.103097668630691,1,1
EFRGP01_00,crop04,BA-TOS-LS,272,14620,371,0.5805367539167889,12265,12367,21025,1.7000889463895852,0.7000889463895852,8.826855778163447,1,0
EFRGP01_00,crop04,BA-TOS-LS,272,14621,362,0.6320769350085311,12225,12321,19245,1.5619673727781835,0.5619673727781835,7.062502895003631,1,0
EFRGP01_00,crop04,BA-TOS-LS,272,14629,376,0.6746451433342611,12120,12232,17853,1.4595323741007193,0.4595323741007194,4.5434644693823545,1,0
EFRGP01_00,crop04,BA-TOS-LS,272,14630,378,0.6162602448649196,12181,12243,19704,1.6094094584660623,0.6094094584660622,8.837651685393052,1,0
EFRGP01_00,crop04,BA-TOS-LS,272,14631,369,0.8080422855613542,12077,12240,14783,1.2077614379084967,0.20776143790849674,2.9906894904625623,1,1
EFRGP01_00,crop04,BA-TOS-LS,272,14632,383,0.8574714295982175,11930,12006,13837,1.1525070797934367,0.1525070797934366,1.954645079928568,1,1
EFRGP01_00,crop04,BA-TOS-LS,272,14633,380,0.857202973769112,12222,12331,14149,1.1474332981915498,0.14743329819154977,1.7042872146846653,1,1
EFRGP01_00,crop04,BA-TOS-LS,272,14637,370,0.529065713787694,12141,12225,22864,1.8702658486707566,0.8702658486707566,7.439261775597054,1,0
EFRGP01_00,crop04,BA-TOS-LS,272,14643,379,0.8732940669444046,12158,12270,13810,1.1255093724531378,0.12550937245313773,1.3879596147928868,1,1
EFRGP01_00,crop04,BA-TOS-LS,272,14646,375,0.5440193748037853,12130,12176,22251,1.8274474375821288,0.8274474375821288,8.426768826726914,1,0
EFRGP01_00,crop04,BA-TOS-LS,272,14654,389,0.7447272727272727,12288,12318,16470,1.3370677057963956,0.3370677057963955,4.782808885883215,1,0
EFRGP01_00,crop04,BA-TOS-LS,272,14656,395,0.7808410621267946,12292,12392,15642,1.2622659780503551,0.26226597805035506,2.5608553054018763,1,1
EFRGP01_00,crop04,BA-TOS-LS,272,14657,390,0.754033747998522,12244,12265,16217,1.32221769262128,0.3222176926212801,4.0571151687323805,1,1
EFRGP01_00,crop04,BA-TOS-LS,272,14665,392,0.8799179427064254,12010,12066,13593,1.126553953257086,0.12655395325708602,1.530422832110514,1,1
EFRGP01_00,crop04,BA-TOS-LS,272,15983,179,0.9500433377984399,12057,12268,12480,1.0172807303553961,0.01728073035539615,0.06888629216348519,1,1
EFRGP01_00,crop04,BA-TOS-LS,272,15984,182,0.6475917978063901,12222,12279,18816,1.5323723430246763,0.5323723430246763,5.775588172524475,1,0
EFRGP01_00,crop04,BA-TOS-LS,272,15988,186,0.9614026829842316,12255,12381,12621,1.019384540828689,0.01938454082868912,0.049430086686677345,1,1
EFRGP01_00,crop04,BA-TOS-LS,272,15991,184,0.9596055226824458,12163,12269,12569,1.0244518705680985,0.02445187056809846,0.04345360104975335,1,1
EFRGP01_00,crop04,BA-TOS-LS,272,15994,189,0.963275039745628,12118,12181,12517,1.0275839422050734,0.027583942205073476,0.07290600163891178,1,1
EFRGP01_00,crop04,BA-TOS-LS,272,15996,185,0.955255899479007,12468,12628,12892,1.0209059233449478,0.020905923344947737,0.1260738026335406,1,1
EFRGP01_00,crop04,BA-TOS-LS,272,15997,187,0.8991991771361398,12239,12380,13470,1.0880452342487883,0.08804523424878836,1.1679639367726606,1,1
EFRGP01_00,crop04,BA-TOS-LS,272,16000,191,0.9292577740788378,12282,12375,13124,1.0605252525252524,0.060525252525252524,0.36993441828694623,1,1
EFRGP01_00,crop04,BA-TOS-LS,272,16001,188,0.9582544191919192,12143,12288,12527,1.0194498697916667,0.019449869791666668,0.07840140385422212,1,1
EFRGP01_00,crop04,BA-TOS-LS,272,16010,198,0.9099279720798991,12254,12390,13331,1.0759483454398708,0.07594834543987086,0.5955902712623433,1,1
EFRGP01_00,crop04,BA-TOS-LS,272,16011,197,0.9486802384085455,12256,12373,12802,1.0346722702659015,0.03467227026590156,0.08854298239847169,1,1
EFRGP01_00,crop04,BA-TOS-LS,272,16013,194,0.9547707071501612,12138,12223,12628,1.0331342550928577,0.03313425509285773,0.07191665053279613,1,1
EFRGP01_00,crop04,BA-TOS-LS,272,16015,195,0.9594159667163827,12222,12380,12581,1.0162358642972535,0.016235864297253634,0.03269763508943361,1,1
EFRGP01_00,crop04,BA-TOS-LS,272,16016,196,0.950883308246851,12003,12174,12452,1.0228355511746345,0.022835551174634466,0.009575140134455496,1,1
EFRGP01_00,crop04,BA-TOS-LS,272,16019,202,0.9664684898929845,12192,12301,12506,1.0166653117632714,0.016665311763271278,0.07270663127781013,1,1
EFRGP01_00,crop04,BA-TOS-LS,272,16021,199,0.9147723009978243,12193,12292,13230,1.0763097949886105,0.07630979498861047,1.0428531915656805,1,1
EFRGP01_00,crop04,BA-TOS-LS,272,16022,203,0.9580838323353293,12160,12269,12583,1.0255929578612764,0.025592957861276387,0.07199974764758527,1,1
EFRGP01_00,crop04,BA-TOS-LS,272,16023,201,0.9614109848484849,12183,12270,12585,1.0256723716381417,0.02567237163814181,0.06760721820025871,1,1
EFRGP01_00,crop04,BA-TOS-LS,272,16024,200,0.9484907879263034,12098,12283,12570,1.02336562728975,0.02336562728975006,0.022397052361572137,1,1
EFRGP01_00,crop04,BA-TOS-LS,272,16026,207,0.9592092877314089,12228,12351,12625,1.0221844385070036,0.02218443850700348,0.04096985141673176,1,1
EFRGP01_00,crop04,BA-TOS-LS,272,16028,206,0.9556187317381347,12101,12259,12505,1.020066889632107,0.020066889632107024,0.06851112283547885,1,1
EFRGP01_00,crop04,BA-TOS-LS,272,16029,204,0.9182456405223824,12164,12316,13095,1.063251055537512,0.06325105553751217,0.555677879705314,1,1
EFRGP01_00,crop04,BA-TOS-LS,272,16045,209,0.9622241419932459,12252,12351,12634,1.022913124443365,0.02291312444336491,0.0634810887059653,1,1
EFRGP01_00,crop04,BA-TOS-LS,272,16046,211,0.9582905442767992,12131,12227,12563,1.0274801668438702,0.027480166843870123,0.06273017758388287,1,1
EFRGP01_00,crop04,BA-TOS-LS,272,16047,208,0.9541901188242652,12206,12322,12676,1.0287291024184386,0.028729102418438564,0.06938079452397142,1,1
EFRGP01_00,crop04,BA-TOS-LS,272,16050,213,0.9603048586852969,12096,12236,12456,1.017979731938542,0.017979731938542007,0.0813739847362931,1,1
EFRGP01_00,crop04,BA-TOS-LS,272,16052,216,0.9582908663269306,12223,12351,12627,1.0223463687150838,0.0223463687150838,0.03566424112359948,1,1
EFRGP01_00,crop04,BA-TOS-LS,272,16059,221,0.9578275264070629,12151,12273,12564,1.0237105842092398,0.023710584209239795,0.08820621652869086,1,1
EFRGP01_00,crop04,BA-TOS-LS,272,16061,218,0.6403717197317704,12128,12237,18830,1.5387758437525538,0.5387758437525537,9.417721677777953,1,0
EFRGP01_00,crop04,BA-TOS-LS,272,16062,219,0.9665265328785595,12185,12262,12530,1.0218561409231772,0.021856140923177295,0.016641741700030886,1,1
EFRGP01_00,crop04,BA-TOS-LS,272,16064,217,0.9666428967593693,12200,12293,12528,1.019116570405922,0.01911657040592207,0.04033432649560916,1,1
EFRGP01_00,crop04,BA-TOS-LS,272,16065,220,0.9568817372285581,12250,12383,12669,1.023096180247113,0.023096180247112977,0.054142886371368146,1,1
EFRGP01_00,crop04,BA-TOS-LS,272,16072,225,0.9571853475266124,12229,12324,12681,1.0289678675754625,0.028967867575462512,0.06095816916227279,1,1
EFRGP01_00,crop04,BA-TOS-LS,272,16073,227,0.9580549945626845,12334,12451,12757,1.0245763392498595,0.024576339249859448,0.04851872529769983,1,1
EFRGP01_00,crop04,BA-TOS-LS,272,16078,223,0.9585859381151091,12175,12295,12581,1.0232614884099227,0.02326148840992273,0.016503425025072623,1,1
EFRGP01_00,crop04,BA-TOS-LS,272,16079,224,0.9628434228135087,12231,12316,12618,1.0245209483598572,0.024520948359857096,0.05315237322296605,1,1
EFRGP01_00,crop04,BA-TOS-LS,272,16084,232,0.9599746875494384,12136,12260,12518,1.0210440456769985,0.021044045676998368,0.04887588962107711,1,1
EFRGP01_00,crop04,BA-TOS-LS,272,16085,226,0.9530612244897959,12142,12248,12634,1.0315153494448073,0.031515349444807314,0.059011958833548275,1,1
EFRGP01_01,crop04,BA-TOS-LS,264,7250,41,0.870757363253857,12417,12536,14141,1.1280312699425654,0.12803126994256542,1.6981553813456984,1,1
EFRGP01_01,crop04,BA-TOS-LS,264,7251,42,0.602996254681648,12236,12355,20173,1.6327802509105624,0.6327802509105626,5.680195620169222,1,0
EFRGP01_01,crop04,BA-TOS-LS,264,7257,27,0.8044564217168397,12239,12345,15108,1.2238153098420412,0.22381530984204132,3.319168033731627,1,1
EFRGP01_01,crop04,BA-TOS-LS,264,7258,44,0.821476241324079,12309,12385,14908,1.20371417036738,0.2037141703673799,2.794560114116941,1,1
EFRGP01_01,crop04,BA-TOS-LS,264,7259,38,0.7416902937805393,12295,12469,16403,1.3155024460662443,0.3155024460662443,4.4071224239276425,1,0
EFRGP01_01,crop04,BA-TOS-LS,264,7264,40,0.7994626122288485,12199,12353,15105,1.222779891524326,0.22277989152432606,3.810621958828586,1,1
EFRGP01_01,crop04,BA-TOS-LS,264,7265,32,0.8686875841065231,12265,12360,14024,1.1346278317152103,0.13462783171521037,1.385036393176422,1,1
EFRGP01_01,crop04,BA-TOS-LS,264,7269,35,0.5383706168191569,12298,12410,22731,1.8316680096696212,0.8316680096696213,8.557603989321422,1,0
EFRGP01_01,crop04,BA-TOS-LS,264,7270,39,0.9641399874450722,12287,12407,12624,1.0174901265414684,0.017490126541468524,0.03355112093385613,1,1
EFRGP01_01,crop04,BA-TOS-LS,264,7271,28,0.7366068768249806,12361,12479,16663,1.3352832759035178,0.3352832759035179,5.158551029783341,1,0
EFRGP01_01,crop04,BA-TOS-LS,264,7273,37,0.48628185614486985,12460,12586,25497,2.0258223422850787,1.0258223422850787,8.696415982084925,0,0
EFRGP01_01,crop04,BA-TOS-LS,264,7276,47,0.9440172254690864,12276,12461,12819,1.0287296364657732,0.02872963646577321,0.11286981841035365,1,1
EFRGP01_01,crop04,BA-TOS-LS,264,7277,36,0.8185837743685939,12219,12371,14775,1.194325438525584,0.19432543852558404,2.8757433526672047,1,1
EFRGP01_01,crop04,BA-TOS-LS,264,7278,43,0.42006120367222033,12354,12474,29290,2.3480840147506816,1.3480840147506814,10.738579641633347,0,0
EFRGP01_01,crop04,BA-TOS-LS,264,7280,46,0.7915265200517464,12237,12394,15303,1.2347103437147007,0.23471034371470068,3.3265422828031856,1,1
EFRGP01_01,crop04,BA-TOS-LS,264,7282,48,0.8299932750504371,12342,12566,14646,1.1655260226006685,0.16552602260066848,2.745135925867536,1,1
EFRGP01_01,crop04,BA-TOS-LS,264,7284,52,0.7614296539530184,12058,12258,15636,1.2755751346059716,0.2755751346059716,4.365262269337668,1,1
EFRGP01_01,crop04,BA-TOS-LS,264,7285,45,0.966753947472824,12184,12263,12524,1.0212835358395171,0.021283535839517247,0.0594080851025244,1,1
EFRGP01_01,crop04,BA-TOS-LS,264,7292,51,0.9657599240866678,12213,12348,12511,1.0132005183025592,0.01320051830255912,0.02423435623583451,1,1
EFRGP01_01,crop04,BA-TOS-LS,264,7294,56,0.9623536855425499,12168,12284,12528,1.0198632367307066,0.01986323673070661,0.13600716284979775,1,1
EFRGP01_01,crop04,BA-TOS-LS,264,7297,58,0.9658855412083532,12118,12242,12422,1.0147034798235584,0.014703479823558243,0.04898216406907044,1,1
EFRGP01_01,crop04,BA-TOS-LS,264,7298,55,0.9591691675880588,12145,12256,12551,1.0240698433420365,0.024069843342036552,0.05943164794898708,1,1
EFRGP01_01,crop04,BA-TOS-LS,264,7301,63,0.6831307838109042,12254,12410,17782,1.4328767123287671,0.4328767123287671,6.969824102585866,1,0
EFRGP01_01,crop04,BA-TOS-LS,264,7304,59,0.9576798802112065,12152,12296,12545,1.0202504879635654,0.020250487963565388,0.0726890316239083,1,1
EFRGP01_01,crop04,BA-TOS-LS,264,7306,60,0.8513522860897835,12308,12413,14352,1.1562072021268026,0.15620720212680256,1.9197155273733024,1,1
EFRGP01_01,crop04,BA-TOS-LS,264,7310,66,0.9487942373943,12118,12336,12554,1.0176718547341115,0.017671854734111543,0.09797644623542265,1,1
EFRGP01_01,crop04,BA-TOS-LS,264,7312,65,0.7301313677703144,12283,12417,16689,1.3440444551824111,0.3440444551824112,5.5359718330184595,1,0
EFRGP01_01,crop04,BA-TOS-LS,264,7319,57,0.8047360502387649,12302,12403,15186,1.2243811980972346,0.22438119809723453,3.9088660925885943,1,1
EFRGP01_01,crop04,BA-TOS-LS,264,7322,69,0.9514440859368852,12090,12282,12515,1.0189708516528253,0.018970851652825273,0.10484909186594063,1,1
EFRGP01_01,crop04,BA-TOS-LS,264,7324,67,0.9558614143331752,12084,12281,12445,1.0133539614037945,0.01335396140379448,0.031942190322016284,1,1
EFRGP01_01,crop04,BA-TOS-LS,264,7327,71,0.9607131587251498,12178,12292,12562,1.0219655060201758,0.021965506020175725,0.04344610592762995,1,1
EFRGP01_01,crop04,BA-TOS-LS,264,7328,72,0.9494728621632175,12158,12365,12598,1.0188435099069955,0.018843509906995553,0.03247015868797524,1,1
EFRGP01_01,crop04,BA-TOS-LS,264,7335,80,0.9619702719797596,12167,12301,12514,1.0173156653930575,0.017315665393057476,0.08121324864635943,1,1
EFRGP01_01,crop04,BA-TOS-LS,264,7339,73,0.8494423791821561,12339,12486,14379,1.151609802979337,0.15160980297933685,1.7901157601762179,1,1
EFRGP01_01,crop04,BA-TOS-LS,264,7341,77,0.9524178549287042,12290,12504,12690,1.0148752399232246,0.014875239923224568,0.07894487804604917,1,1
EFRGP01_01,crop04,BA-TOS-LS,264,7342,76,0.9533447952485151,12199,12361,12634,1.0220855917806002,0.022085591780600274,0.05113115346314808,1,1
EFRGP01_01,crop04,BA-TOS-LS,264,7345,82,0.9527816736792893,12228,12383,12679,1.023903738997012,0.023903738997012033,0.06202993398726321,1,1
EFRGP01_01,crop04,BA-TOS-LS,264,7351,84,0.9545667447306792,12228,12375,12663,1.0232727272727273,0.02327272727272727,0.09035751096433488,1,1
EFRGP01_01,crop04,BA-TOS-LS,264,7353,85,0.9637322004562977,12250,12387,12574,1.015096472107855,0.01509647210785501,0.06790186945385739,1,1
EFRGP01_01,crop04,BA-TOS-LS,264,7360,79,0.9590041624126286,12211,12331,12613,1.0228691914686563,0.022869191468656232,0.02633270843873209,1,1
EFRGP01_01,crop04,BA-TOS-LS,264,7363,88,0.9630652671454503,12203,12299,12575,1.0224408488495,0.02244084884949996,0.0386483607611206,1,1
EFRGP01_01,crop04,BA-TOS-LS,264,7364,92,0.9497778483021263,11971,12190,12385,1.015996718621821,0.015996718621821164,0.11295618990774882,1,1
EFRGP01_01,crop04,BA-TOS-LS,264,7365,89,0.9584357896406758,12083,12228,12462,1.0191364082433758,0.019136408243375858,0.05380358381123327,1,1
EFRGP01_01,crop04,BA-TOS-LS,264,7366,90,0.9612733328169778,12411,12516,12806,1.0231703419622882,0.02317034196228827,0.0528892601732666,1,1
EFRGP01_01,crop04,BA-TOS-LS,264,7368,83,0.9538390164694966,12336,12507,12762,1.0203885823938594,0.02038858239385944,0.04565426716282895,1,1
EFRGP01_01,crop04,BA-TOS-LS,264,7371,87,0.9564297468850403,12205,12421,12545,1.0099830931486997,0.009983093148699782,0.06880612756941681,1,1
EFRGP01_01,crop04,BA-TOS-LS,264,7373,93,0.9552447552447553,12294,12421,12743,1.0259238386603333,0.025923838660333307,0.06310145102185612,1,1
EFRGP01_01,crop04,BA-TOS-LS,264,7376,91,0.9503568104250698,12252,12405,12739,1.0269246271664652,0.026924627166465136,0.08454387353219406,1,1
EFRGP01_01,crop04,BA-TOS-LS,264,7380,94,0.9593233674272227,12193,12370,12533,1.0131770412287793,0.013177041228779305,0.0499045151409262,1,1
EFRGP01_01,crop04,BA-TOS-LS,264,7382,97,0.9677009761130069,12194,12307,12488,1.0147070772730966,0.014707077273096612,0.045709931473247846,1,1
EFRGP01_01,crop04,BA-TOS-LS,264,7383,98,0.9628470864294094,12310,12400,12695,1.023790322580645,0.02379032258064516,0.08024089483500443,1,1
EFRGP01_01,crop04,BA-TOS-LS,264,7388,96,0.9483096713467722,12090,12301,12538,1.019266726282416,0.019266726282416064,0.11066647321329416,1,1
EFRGP01_01,crop04,BA-TOS-LS,264,7389,101,0.956630070855719,12286,12438,12691,1.0203408908184595,0.02034089081845956,0.060774909451055556,1,1
EFRGP01_01,crop04,BA-TOS-LS,264,7390,106,0.9585710935667944,12263,12440,12616,1.0141479099678457,0.01414790996784566,0.04720762976361835,1,1
EFRGP01_01,crop04,BA-TOS-LS,264,7392,102,0.9546236895634486,12202,12361,12623,1.0211956961410888,0.021195696141088908,0.07800763408643598,1,1
EFRGP01_01,crop04,BA-TOS-LS,264,7396,100,0.7636051291490276,12446,12545,16200,1.2913511359107215,0.2913511359107214,5.158636886366646,1,1
EFRGP01_01,crop04,BA-TOS-LS,264,7397,104,0.6065261998898954,12119,12223,19877,1.6261965147672421,0.626196514767242,8.39003669452338,1,0
EFRGP01_01,crop04,BA-TOS-LS,264,7401,99,0.7512120282295183,12241,12464,16072,1.2894736842105263,0.2894736842105263,4.98365041822264,1,1
EFRGP01_01,crop04,BA-TOS-LS,264,7404,107,0.8847108644859814,12117,12267,13546,1.1042634711013288,0.10426347110132878,1.430955547530933,1,1
EFRGP01_01,crop04,BA-TOS-LS,264,7405,113,0.9475646702400373,12198,12422,12649,1.0182740299468684,0.01827402994686846,0.05545066728108792,1,1
EFRGP01_01,crop04,BA-TOS-LS,264,7410,111,0.9561526479750779,12277,12384,12733,1.0281815245478036,0.028181524547803618,0.07960907665622997,1,1
EFRGP01_01,crop04,BA-TOS-LS,264,7412,112,0.9603073997781651,12121,12285,12458,1.014082214082214,0.014082214082214082,0.10146914342111424,1,1
EFRGP01_01,crop04,BA-TOS-LS,264,7413,110,0.9619219596451284,12252,12383,12606,1.0180085601227489,0.01800856012274893,0.04072911284553152,1,1
EFRGP01_01,crop04,BA-TOS-LS,264,7417,115,0.7865448504983389,12311,12478,15485,1.2409841320724475,0.2409841320724475,4.182901204005942,1,1
EFRGP01_01,crop04,BA-TOS-LS,264,7420,116,0.9577808260935833,12568,12729,12961,1.0182260978867155,0.018226097886715375,0.06179312863901792,1,1
EFRGP01_01,crop04,BA-TOS-LS,264,7424,114,0.9593180015860429,12097,12235,12472,1.0193706579485085,0.01937065794850838,0.047871302955163016,1,1
EFRGP01_01,crop04,BA-TOS-LS,264,7428,120,0.9619002450399178,12169,12310,12510,1.016246953696182,0.016246953696181964,0.06740329543470319,1,1
EFRGP01_01,crop04,BA-TOS-LS,264,7430,119,0.9598092110407381,12275,12385,12679,1.0237383932176018,0.023738393217601936,0.10230713884848865,1,1
EFRGP01_01,crop04,BA-TOS-LS,264,7433,117,0.9664309581164038,12437,12525,12781,1.020439121756487,0.020439121756487027,0.028572621033160887,1,1
EFRGP01_01,crop04,BA-TOS-LS,264,7434,118,0.953914535246413,12233,12413,12644,1.0186095222750342,0.01860952227503424,0.09681368986742155,1,1
EFRGP01_01,crop04,BA-TOS-LS,264,7436,123,0.960660096981073,12283,12401,12668,1.0215305217321184,0.021530521732118377,0.08245766605049036,1,1
EFRGP01_01,crop04,BA-TOS-LS,264,7441,126,0.9549909825139183,12179,12378,12554,1.014218775246405,0.014218775246404912,0.057982842595367894,1,1
EFRGP01_01,crop04,BA-TOS-LS,264,7443,127,0.9642010431484116,12201,12372,12483,1.0089718719689622,0.008971871968962172,0.0317047541295779,1,1
EFRGP01_01,crop04,BA-TOS-LS,264,7447,128,0.9610358565737052,12061,12260,12351,1.0074225122349103,0.007422512234910277,0.07259037104310265,1,1
EFRGP01_01,crop04,BA-TOS-LS,264,7448,129,0.96608306508597,12305,12390,12652,1.0211460855528651,0.021146085552865214,0.04418899152838307,1,1
EFRGP01_01,crop04,BA-TOS-LS,264,7449,124,0.9612207976087469,12220,12342,12591,1.0201750121536217,0.020175012153621778,0.03553161869780015,1,1
EFRGP01_01,crop04,BA-TOS-LS,264,7460,137,0.9590926867422761,12262,12380,12667,1.0231825525040388,0.02318255250403877,0.037193858774342496,1,1
EFRGP01_01,crop04,BA-TOS-LS,264,7462,135,0.9606617065062529,12137,12282,12489,1.0168539325842696,0.016853932584269662,0.08232308418035766,1,1
EFRGP01_01,crop04,BA-TOS-LS,264,7465,131,0.6047777886785048,12329,12472,20243,1.62307568954458,0.6230756895445798,5.456960688484084,1,0
EFRGP01_01,crop04,BA-TOS-LS,264,7466,138,0.9546619051315892,12297,12436,12742,1.0246059826310712,0.024605982631071083,0.05686476667272572,1,1
EFRGP01_01,crop04,BA-TOS-LS,264,7467,134,0.9546494203012856,12104,12282,12501,1.0178309721543723,0.01783097215437225,0.1140988405156513,1,1
EFRGP01_01,crop04,BA-TOS-LS,264,7472,140,0.7967008183516979,12364,12448,15435,1.2399582262210798,0.23995822622107968,3.401707558142363,1,1
EFRGP01_01,crop04,BA-TOS-LS,264,7473,136,0.9657296272899558,12230,12384,12510,1.010174418604651,0.010174418604651164,0.08208059475300328,1,1
EFRGP01_01,crop04,BA-TOS-LS,264,7476,144,0.9590661724110734,12160,12335,12504,1.0137008512363195,0.013700851236319417,0.08772375512634081,1,1
EFRGP01_01,crop04,BA-TOS-LS,264,7477,145,0.9615384615384616,12175,12295,12542,1.0200894672631151,0.02008946726311509,0.01051863453441436,1,1
EFRGP01_01,crop04,BA-TOS-LS,264,7480,141,0.9537432947212936,12268,12477,12654,1.0141861024284684,0.014186102428468381,0.035463376064599685,1,1
EFRGP01_01,crop04,BA-TOS-LS,264,7481,142,0.9509711779448622,12142,12319,12591,1.0220797142625213,0.022079714262521307,0.05361934741626559,1,1
EFRGP01_01,crop04,BA-TOS-LS,264,7482,143,0.6165196151737201,12368,12463,19966,1.6020219850758244,0.6020219850758245,7.414061188435844,1,0
EFRGP01_01,crop04,BA-TOS-LS,264,7483,139,0.8867471632237416,12191,12325,13614,1.1045841784989858,0.1045841784989858,1.633674358775465,1,1
EFRGP01_01,crop04,BA-TOS-LS,264,7484,147,0.8720061989292759,12379,12503,14072,1.1254898824282171,0.12548988242821724,1.8915596911472559,1,1
EFRGP01_01,crop04,BA-TOS-LS,264,7488,146,0.9589360709286048,12330,12491,12697,1.0164918741493876,0.016491874149387558,0.11009831808816126,1,1
EFRGP01_01,crop04,BA-TOS-LS,264,7491,151,0.9574133731437102,12185,12316,12596,1.0227346541084767,0.02273465410847678,0.04925279787434213,1,1
EFRGP01_01,crop04,BA-TOS-LS,264,7494,148,0.9522184300341296,12276,12457,12711,1.0203901420887853,0.020390142088785423,0.08998233594067158,1,1
EFRGP01_01,crop04,BA-TOS-LS,264,7495,150,0.9543925526089337,12200,12323,12660,1.0273472368741379,0.02734723687413779,0.025220634960965674,1,1
EFRGP01_01,crop04,BA-TOS-LS,264,7496,149,0.955977793416217,12226,12386,12629,1.0196189245922815,0.01961892459228161,0.07629374398569605,1,1
EFRGP01_01,crop04,BA-TOS-LS,264,7497,152,0.9595093953927195,12204,12300,12623,1.0262601626016261,0.026260162601626016,0.07040546022282616,1,1
EFRGP01_01,crop04,BA-TOS-LS,264,7509,156,0.6793579489426975,12401,12505,18150,1.4514194322271092,0.4514194322271092,5.9776504185948935,1,0
EFRGP01_01,crop04,BA-TOS-LS,264,7512,164,0.9672602411562724,12113,12216,12420,1.0166994106090372,0.01669941060903733,0.054953764606379185,1,1
EFRGP01_01,crop04,BA-TOS-LS,264,7513,154,0.9582225003911751,12248,12405,12625,1.0177347843611446,0.0177347843611447,0.016122404262325137,1,1
EFRGP01_01,crop04,BA-TOS-LS,264,7514,218,0.9605137204850032,12041,12250,12327,1.0062857142857142,0.006285714285714286,0.0648339674189044,1,1
EFRGP01_01,crop04,BA-TOS-LS,264,7516,158,0.9559571305640303,12220,12344,12659,1.0255184705119895,0.02551847051198963,0.058666221792480266,1,1
EFRGP01_01,crop04,BA-TOS-LS,264,7517,159,0.9612305760477162,12248,12389,12601,1.0171119541528775,0.017111954152877553,0.057079139964106726,1,1
EFRGP01_01,crop04,BA-TOS-LS,264,7519,155,0.9591394520971985,12394,12526,12790,1.0210761615839055,0.021076161583905476,0.04406755735761765,1,1
EFRGP01_01,crop04,BA-TOS-LS,264,7523,165,0.8674268924024066,12399,12631,14062,1.1132926925817432,0.11329269258174333,1.8736262538886364,1,1
EFRGP01_01,crop04,BA-TOS-LS,264,7527,161,0.7628161312371838,12276,12345,16024,1.2980153908464966,0.29801539084649653,2.9479068062893434,1,1
EFRGP01_01,crop04,BA-TOS-LS,264,7529,166,0.9591771900563895,12077,12226,12442,1.0176672664812694,0.017667266481269425,0.04411670160064661,1,1
EFRGP01_01,crop04,BA-TOS-LS,264,7532,163,0.6477115117891817,12142,12218,18670,1.5280733344246193,0.5280733344246195,5.820108875204991,1,0
EFRGP01_01,crop04,BA-TOS-LS,264,7542,173,0.9614203606015275,12211,12333,12579,1.0199464850401363,0.01994648504013622,0.045012834009979644,1,1
EFRGP01_01,crop04,BA-TOS-LS,264,7543,172,0.9582680864390855,12239,12424,12587,1.0131197681905988,0.013119768190598841,0.05300557297761575,1,1
EFRGP01_01,crop04,BA-TOS-LS,264,7544,170,0.9585032946344525,12219,12348,12619,1.0219468739876902,0.021946873987690314,0.029102587204398213,1,1
EFRGP01_01,crop04,BA-TOS-LS,264,7545,169,0.950950950950951,12350,12591,12746,1.0123103804304663,0.012310380430466205,0.06401707934563158,1,1
EFRGP01_01,crop04,BA-TOS-LS,264,7546,177,0.9589873018376843,12159,12328,12510,1.014763140817651,0.014763140817650877,0.09488431376985756,1,1
EFRGP01_01,crop04,BA-TOS-LS,264,7549,180,0.9540121269391291,12115,12316,12498,1.01477752517051,0.014777525170509906,0.04964281504231803,1,1
EFRGP01_01,crop04,BA-TOS-LS,264,7550,171,0.9562186716791979,12209,12363,12614,1.0203025155706544,0.02030251557065437,0.07648088150165168,1,1
EFRGP01_01,crop04,BA-TOS-LS,264,7555,175,0.9575908489611703,12306,12421,12736,1.025360276950326,0.025360276950326062,0.0727255082014593,1,1
EFRGP01_01,crop04,BA-TOS-LS,264,7558,178,0.9471759763497744,12175,12344,12685,1.0276247569669474,0.027624756966947505,0.07245179265370444,1,1
EFRGP01_01,crop04,BA-TOS-LS,264,7559,179,0.5705134113743202,12379,12443,21634,1.7386482359559592,0.7386482359559592,7.930887779171107,1,0
EFRGP01_01,crop04,BA-TOS-LS,264,7562,182,0.954437963108939,12108,12297,12497,1.0162641294624706,0.016264129462470522,0.084399830568291,1,1
EFRGP01_01,crop04,BA-TOS-LS,264,7709,176,0.9536694418748073,12371,12520,12823,1.0242012779552716,0.024201277955271567,0.11745680044053389,1,1
EFRGP01_01,crop04,BA-TOS-LS,264,7712,184,0.9543519394512772,12105,12362,12427,1.0052580488594078,0.005258048859407863,0.01865234061270859,1,1
EFRGP01_01,crop04,BA-TOS-LS,264,14349,240,0.9648103055533737,12283,12429,12585,1.0125512913347816,0.01255129133478156,0.03187896297606756,1,1
EFRGP01_01,crop04,BA-TOS-LS,264,14351,247,0.9525685471162937,12090,12259,12523,1.0215351986295782,0.02153519862957827,0.07180515235362385,1,1
EFRGP01_01,crop04,BA-TOS-LS,264,14352,244,0.955630861375995,12126,12260,12555,1.0240619902120718,0.02406199021207178,0.049515666027987244,1,1
EFRGP01_01,crop04,BA-TOS-LS,264,14353,245,0.9505275498241501,12162,12366,12591,1.0181950509461426,0.018195050946142648,0.06356160954190335,1,1
EFRGP01_01,crop04,BA-TOS-LS,264,14354,239,0.9582845090227325,12267,12453,12615,1.0130089135148157,0.013008913514815708,0.09236317292989574,1,1
EFRGP01_01,crop04,BA-TOS-LS,264,14355,242,0.9610636277302944,12144,12278,12502,1.0182440136830102,0.018244013683010263,0.05899931183614229,1,1
EFRGP01_01,crop04,BA-TOS-LS,264,14356,241,0.7875568072713307,12304,12422,15505,1.2481886974722267,0.2481886974722267,3.938538209551957,1,1
EFRGP01_01,crop04,BA-TOS-LS,264,14359,250,0.9546087225487163,12345,12504,12773,1.0215131158029431,0.02151311580294306,0.028793167103245303,1,1
EFRGP01_01,crop04,BA-TOS-LS,264,14360,246,0.9570939106058246,12291,12481,12652,1.0137008252543867,0.013700825254386668,0.08615338390742583,1,1
EFRGP01_01,crop04,BA-TOS-LS,264,14364,251,0.9513883547419429,12369,12580,12790,1.0166931637519874,0.016693163751987282,0.01518885166673974,1,1
EFRGP01_01,crop04,BA-TOS-LS,264,14368,252,0.9514088333462702,12257,12400,12740,1.0274193548387096,0.027419354838709678,0.05978596639443912,1,1
EFRGP01_01,crop04,BA-TOS-LS,264,14369,256,0.9702717781142902,12174,12230,12491,1.021340964840556,0.02134096484055601,0.03409862010651539,1,1
EFRGP01_01,crop04,BA-TOS-LS,264,14373,255,0.9593612774451098,12016,12188,12353,1.013537906137184,0.013537906137184115,0.06547914792508212,1,1
EFRGP01_01,crop04,BA-TOS-LS,264,14377,258,0.874384236453202,12070,12163,13711,1.1272712324262106,0.12727123242621063,1.8946407068191538,1,1
EFRGP01_01,crop04,BA-TOS-LS,264,14380,261,0.9582936129647283,12063,12222,12429,1.0169366715758468,0.016936671575846832,0.05419419015357018,1,1
EFRGP01_01,crop04,BA-TOS-LS,264,14384,263,0.9466854283927455,12110,12342,12560,1.0176632636525684,0.017663263652568467,0.024924019446214078,1,1
EFRGP01_01,crop04,BA-TOS-LS,264,14387,259,0.8172677302587478,12192,12335,14775,1.1978111066072152,0.19781110660721524,3.1025783873164,1,1
EFRGP01_01,crop04,BA-TOS-LS,264,14394,260,0.9683969345026467,12257,12375,12539,1.0132525252525253,0.013252525252525252,0.042524684772239085,1,1
EFRGP01_01,crop04,BA-TOS-LS,264,14396,270,0.9618714750973072,12109,12243,12455,1.0173160173160174,0.017316017316017316,0.11227035449667665,1,1
EFRGP01_01,crop04,BA-TOS-LS,264,14397,265,0.9448654500463965,12219,12429,12722,1.0235738997505832,0.023573899750583313,0.0630497037369457,1,1
EFRGP01_01,crop04,BA-TOS-LS,264,14398,262,0.9628929331127393,12222,12359,12556,1.0159398009547698,0.015939800954769802,0.11318522946255102,1,1
EFRGP01_01,crop04,BA-TOS-LS,264,14399,272,0.9563284722763784,12263,12400,12686,1.0230645161290322,0.023064516129032257,0.04017302587695359,1,1
EFRGP01_01,crop04,BA-TOS-LS,264,14408,268,0.9638783269961977,12168,12263,12529,1.0216912664111555,0.02169126641115551,0.05790157874826047,1,1
EFRGP01_01,crop04,BA-TOS-LS,264,14410,276,0.9591597688583476,12283,12401,12688,1.023143294895573,0.023143294895572937,0.04101521581520554,1,1
EFRGP01_01,crop04,BA-TOS-LS,264,14411,266,0.9744487781580833,12242,12336,12469,1.0107814526588845,0.010781452658884565,0.051971212598000215,1,1
EFRGP01_01,crop04,BA-TOS-LS,264,14412,274,0.9610266159695817,12132,12326,12430,1.008437449294175,0.008437449294174915,0.03760218478719422,1,1
EFRGP01_01,crop04,BA-TOS-LS,264,14417,273,0.9577130186886285,12094,12291,12431,1.0113904482955007,0.011390448295500772,0.060482749863888664,1,1
EFRGP01_01,crop04,BA-TOS-LS,264,14418,269,0.9576125915536855,12290,12448,12676,1.0183161953727506,0.018316195372750643,0.01650446081629346,1,1
EFRGP01_01,crop04,BA-TOS-LS,264,14419,275,0.9527142634935448,12250,12463,12645,1.014603225547621,0.014603225547620958,0.049172211743410556,1,1
EFRGP01_01,crop04,BA-TOS-LS,264,14422,279,0.9670663469224621,12098,12244,12364,1.0098007187193727,0.009800718719372754,0.058871543613693865,1,1
EFRGP01_01,crop04,BA-TOS-LS,264,14423,281,0.5438408227140622,12163,12280,22248,1.8117263843648208,0.8117263843648208,6.476147644127414,1,0
EFRGP01_01,crop04,BA-TOS-LS,264,14429,283,0.9459687956344631,12308,12496,12823,1.0261683738796414,0.026168373879641486,0.0509584518791996,1,1
EFRGP01_01,crop04,BA-TOS-LS,264,14430,278,0.9646024644847343,12290,12396,12635,1.0192804130364634,0.019280413036463374,0.06364779369338239,1,1
EFRGP01_01,crop04,BA-TOS-LS,264,14433,286,0.9606225680933852,12344,12497,12697,1.0160038409218213,0.016003840921821236,0.07076182988375325,1,1
EFRGP01_01,crop04,BA-TOS-LS,264,14442,295,0.9593725490196079,12232,12353,12629,1.0223427507488059,0.02234275074880596,0.1029111266759289,1,1
EFRGP01_01,crop04,BA-TOS-LS,264,14443,294,0.9504564250604666,12182,12370,12629,1.0209377526273242,0.020937752627324172,0.02407860698599079,1,1
EFRGP01_01,crop04,BA-TOS-LS,264,14444,297,0.9700353912701534,12334,12440,12609,1.0135852090032154,0.013585209003215434,0.05611346461901468,1,1
EFRGP01_01,crop04,BA-TOS-LS,264,14445,289,0.960287679799875,12284,12403,12673,1.0217689268725307,0.02176892687253084,0.03282610345298829,1,1
EFRGP01_01,crop04,BA-TOS-LS,264,14446,291,0.9600617999227501,12428,12579,12794,1.0170919786946497,0.017091978694649814,0.06393581049119017,1,1
EFRGP01_01,crop04,BA-TOS-LS,264,14451,296,0.9584961700797249,12263,12367,12690,1.0261178943963774,0.026117894396377458,0.049478475382723174,1,1
EFRGP01_01,crop04,BA-TOS-LS,264,14453,302,0.9578528827037773,12045,12208,12412,1.0167103538663171,0.016710353866317168,0.07944815782333436,1,1
EFRGP01_01,crop04,BA-TOS-LS,264,14457,292,0.9594415412214335,12301,12409,12713,1.0244983479732452,0.024498347973245224,0.03439170973820287,1,1
EFRGP01_01,crop04,BA-TOS-LS,264,14465,305,0.9633063565647836,12260,12381,12606,1.018173007026896,0.01817300702689605,0.02435780914886003,1,1
EFRGP01_01,crop04,BA-TOS-LS,264,14467,298,0.9628285060374082,12200,12343,12528,1.0149882524507818,0.01498825245078182,0.06195055322654906,1,1
EFRGP01_01,crop04,BA-TOS-LS,264,14468,303,0.7027352485807672,12255,12327,17367,1.4088586030664396,0.4088586030664395,6.3046343401146645,1,0
EFRGP01_01,crop04,BA-TOS-LS,264,14471,301,0.9551842598376015,12234,12425,12617,1.0154527162977867,0.01545271629778672,0.00829043493050228,1,1
EFRGP01_01,crop04,BA-TOS-LS,264,14473,307,0.9555006180469716,12368,12532,12780,1.019789339291414,0.01978933929141398,0.08533778866144333,1,1
EFRGP01_01,crop04,BA-TOS-LS,264,14476,304,0.7676172953081877,12516,12600,16221,1.2873809523809523,0.2873809523809524,4.960047522564177,1,1
EFRGP01_01,crop04,BA-TOS-LS,264,14477,306,0.9599468043495267,12271,12404,12650,1.0198323121573687,0.01983231215736859,0.012431552169662009,1,1
EFRGP01_01,crop04,BA-TOS-LS,264,14479,311,0.9526099433801287,12282,12445,12730,1.0229007633587786,0.022900763358778626,0.044032909438522054,1,1
EFRGP01_01,crop04,BA-TOS-LS,264,14482,310,0.902046892445106,12119,12366,13188,1.0664725861232411,0.06647258612324114,1.0458639553177802,1,1
EFRGP01_01,crop04,BA-TOS-LS,264,14492,309,0.6495789863898744,12266,12414,18735,1.5091831802803286,0.5091831802803286,6.435696232016727,1,0
EFRGP01_01,crop04,BA-TOS-LS,264,14494,313,0.9650155044923273,12137,12253,12461,1.016975434587448,0.016975434587447973,0.09988510415935728,1,1
EFRGP01_01,crop04,BA-TOS-LS,264,14495,314,0.9533411488862837,12198,12310,12683,1.0303005686433793,0.030300568643379367,0.07525745557244988,1,1
EFRGP01_01,crop04,BA-TOS-LS,264,14496,308,0.9417227768748548,12168,12309,12780,1.038264684377285,0.03826468437728491,0.4579947554336317,1,1
EFRGP01_01,crop04,BA-TOS-LS,264,14501,312,0.9618020004725526,12212,12334,12575,1.0195394843521972,0.019539484352197177,0.08711316915916463,1,1
EFRGP01_01,crop04,BA-TOS-LS,264,14503,315,0.9595617215828472,12173,12341,12518,1.0143424357831619,0.014342435783161819,0.07345877409831808,1,1
EFRGP01_01,crop04,BA-TOS-LS,264,14504,316,0.95470873028268,12226,12402,12630,1.0183841315916788,0.018384131591678763,0.0837554543706152,1,1
EFRGP01_01,crop04,BA-TOS-LS,264,14506,318,0.9615960886365429,12194,12306,12569,1.0213716886071835,0.021371688607183487,0.04454530204348287,1,1
EFRGP01_01,crop04,BA-TOS-LS,264,14510,325,0.9489835656982631,12184,12406,12617,1.0170078994035143,0.01700789940351443,0.05392106356824303,1,1
EFRGP01_01,crop04,BA-TOS-LS,264,14511,328,0.9600093911410237,12267,12409,12636,1.0182931743089694,0.018293174308969297,0.054920141627838155,1,1
EFRGP01_01,crop04,BA-TOS-LS,264,14512,323,0.9592636114375245,12245,12389,12621,1.0187262894503188,0.01872628945031883,0.05183757717338275,1,1
EFRGP01_01,crop04,BA-TOS-LS,264,14513,327,0.9631379962192816,12228,12341,12583,1.0196094319747184,0.019609431974718417,0.08610018291625263,1,1
EFRGP01_01,crop04,BA-TOS-LS,264,14517,324,0.9641531780497434,12211,12286,12590,1.0247436106137067,0.024743610613706658,0.05291939590934262,1,1
EFRGP01_01,crop04,BA-TOS-LS,264,14521,326,0.9510032664489034,12228,12435,12651,1.0173703256936069,0.017370325693606754,0.05869110855536358,1,1
EFRGP01_01,crop04,BA-TOS-LS,264,14523,338,0.9659724950884087,12292,12427,12590,1.0131166009495454,0.013116600949545344,0.048600422899205006,1,1
EFRGP01_01,crop04,BA-TOS-LS,264,14524,329,0.9576944247857199,12179,12365,12531,1.013424989890821,0.013424989890820865,0.05566375125056165,1,1
EFRGP01_01,crop04,BA-TOS-LS,264,14533,333,0.9540844406006762,12135,12299,12555,1.0208147003821448,0.02081470038214489,0.02329135864749921,1,1
EFRGP01_01,crop04,BA-TOS-LS,264,14534,331,0.9572188330987017,12239,12371,12654,1.022876081157546,0.02287608115754587,0.07270040713865347,1,1
EFRGP01_01,crop04,BA-TOS-LS,264,14538,339,0.9547008547008548,12287,12425,12732,1.024708249496982,0.02470824949698189,0.08749916520298391,1,1
EFRGP01_01,crop04,BA-TOS-LS,264,14542,332,0.9577805525206805,12273,12435,12652,1.0174507438681142,0.017450743868114193,0.07021550348079458,1,1
EFRGP01_01,crop04,BA-TOS-LS,264,14543,337,0.5792391149855498,12226,12378,20955,1.6929229277750848,0.6929229277750848,7.85010989177494,1,0
EFRGP01_01,crop04,BA-TOS-LS,264,14549,342,0.6930715414127736,12284,12481,17527,1.4042945276820769,0.40429452768207674,6.4482934916264,1,0
EFRGP01_01,crop04,BA-TOS-LS,264,14553,356,0.6917664415820235,12191,12336,17478,1.4168287937743191,0.4168287937743191,4.846800822241617,1,0
EFRGP01_01,crop04,BA-TOS-LS,264,14554,341,0.9502591475206931,12284,12483,12728,1.01962669230153,0.01962669230153008,0.07363838646499393,1,1
EFRGP01_01,crop04,BA-TOS-LS,264,14556,349,0.8806498194945849,12197,12350,13697,1.1090688259109311,0.10906882591093117,1.419452034733332,1,1
EFRGP01_01,crop04,BA-TOS-LS,264,14557,350,0.540015743899239,12348,12411,22803,1.8373217307227458,0.837321730722746,4.782695090898027,1,0
EFRGP01_01,crop04,BA-TOS-LS,264,14559,343,0.920730797912006,12347,12479,13278,1.0640275663114032,0.06402756631140316,0.7944821461340595,1,1
EFRGP01_01,crop04,BA-TOS-LS,264,14562,346,0.9616418854792788,12159,12351,12452,1.008177475508056,0.008177475508056028,0.06836390046203213,1,1
EFRGP01_01,crop04,BA-TOS-LS,264,14563,344,0.95,12065,12231,12534,1.0247731174883492,0.024773117488349275,0.07265017393764117,1,1
EFRGP01_01,crop04,BA-TOS-LS,264,14566,353,0.9596553074813945,12250,12401,12614,1.0171760341907912,0.017176034190791067,0.04999315872931439,1,1
EFRGP01_01,crop04,BA-TOS-LS,264,14567,345,0.9519008773279976,12369,12524,12839,1.025151708719259,0.025151708719259022,0.06337524630033159,1,1
EFRGP01_01,crop04,BA-TOS-LS,264,14568,354,0.9573333333333334,12206,12349,12607,1.0208923799497935,0.020892379949793507,0.06099084311901851,1,1
EFRGP01_01,crop04,BA-TOS-LS,264,14569,358,0.9611619829491632,12176,12338,12506,1.0136164694439942,0.013616469443994165,0.016618168739020018,1,1
EFRGP01_01,crop04,BA-TOS-LS,264,14571,347,0.9505256648113791,12296,12460,12772,1.025040128410915,0.02504012841091493,0.15404458007050356,1,1
EFRGP01_01,crop04,BA-TOS-LS,264,14572,348,0.9528865817209375,12115,12314,12515,1.0163228845216827,0.016322884521682637,0.05593353545304842,1,1
EFRGP01_01,crop04,BA-TOS-LS,264,14576,355,0.9585101367279585,12198,12390,12534,1.0116222760290556,0.01162227602905569,0.10599304655148505,1,1
EFRGP01_01,crop04,BA-TOS-LS,264,14577,357,0.9593151115300032,12214,12396,12550,1.0124233623749597,0.012423362374959664,0.07944014364395284,1,1
EFRGP01_01,crop04,BA-TOS-LS,264,14579,359,0.9529741513547182,12240,12425,12659,1.0188329979879276,0.018832997987927567,0.04856335471585523,1,1
EFRGP01_01,crop04,BA-TOS-LS,264,14585,365,0.6244994352602936,12164,12273,19369,1.5781797441538337,0.5781797441538337,7.739322264608957,1,0
EFRGP01_01,crop04,BA-TOS-LS,264,14594,361,0.9657512626262627,12238,12335,12575,1.0194568301580866,0.019456830158086746,0.04934483112871235,1,1
EFRGP01_01,crop04,BA-TOS-LS,264,14598,364,0.9628249902987971,12406,12509,12782,1.0218242865137102,0.02182428651371013,0.03656577778185615,1,1
EFRGP01_01,crop04,BA-TOS-LS,264,14600,373,0.7387327757386124,12277,12343,16553,1.3410840152313053,0.3410840152313052,4.894593995650293,1,0
EFRGP01_01,crop04,BA-TOS-LS,264,14601,366,0.9656110044785668,12074,12196,12382,1.0152509019350606,0.015250901935060675,0.05792127551971395,1,1
EFRGP01_01,crop04,BA-TOS-LS,264,14606,367,0.9303744375810264,12200,12374,12939,1.0456602553741716,0.04566025537417165,0.6376844245751291,1,1
EFRGP01_01,crop04,BA-TOS-LS,264,14610,368,0.9335368180083937,12234,12356,12983,1.0507445775331823,0.05074457753318226,0.49805851373353144,1,1
EFRGP01_01,crop04,BA-TOS-LS,264,14614,375,0.8973607038123167,12240,12413,13467,1.0849109804237493,0.0849109804237493,0.8812028598421129,1,1
EFRGP01_01,crop04,BA-TOS-LS,264,14617,378,0.7905361964767905,12296,12405,15445,1.245062474808545,0.24506247480854493,3.1338197427566366,1,1
EFRGP01_01,crop04,BA-TOS-LS,264,14620,379,0.5412298475905206,12287,12397,22592,1.8223763813825926,0.8223763813825926,7.924563888251743,1,0
EFRGP01_01,crop04,BA-TOS-LS,264,14621,372,0.6970454545454545,12268,12441,17427,1.4007716421509524,0.4007716421509525,5.418703617797065,1,0
EFRGP01_01,crop04,BA-TOS-LS,264,14629,382,0.7577300384949708,12204,12312,15998,1.2993827160493827,0.2993827160493827,3.0318920694720437,1,1
EFRGP01_01,crop04,BA-TOS-LS,264,14631,376,0.6240931848370287,12216,12370,19420,1.5699272433306386,0.5699272433306386,6.95758743229272,1,0
EFRGP01_01,crop04,BA-TOS-LS,264,14632,388,0.8746046922115173,11892,11973,13516,1.1288732982544059,0.12887329825440574,1.3720427767133596,1,1
EFRGP01_01,crop04,BA-TOS-LS,264,14637,377,0.8352253181974544,12140,12309,14366,1.1671134941912422,0.1671134941912422,2.4705572831805207,1,1
EFRGP01_01,crop04,BA-TOS-LS,264,14643,385,0.9287894977865975,12169,12350,12921,1.0462348178137653,0.046234817813765185,0.3536155135296215,1,1
EFRGP01_01,crop04,BA-TOS-LS,264,14654,394,0.8078639884468951,12307,12358,15183,1.2285968603333872,0.22859686033338728,3.5099525809607854,1,1
EFRGP01_01,crop04,BA-TOS-LS,264,14665,400,0.9371995658241588,12088,12180,12806,1.0513957307060755,0.05139573070607553,0.4783798110378282,1,1
EFRGP01_01,crop04,BA-TOS-LS,264,15983,183,0.9533988212180746,12132,12313,12544,1.0187606594656056,0.018760659465605456,0.038434112416418066,1,1
EFRGP01_01,crop04,BA-TOS-LS,264,15984,186,0.6777028520893212,12261,12330,18023,1.4617193836171938,0.46171938361719383,5.191067532267329,1,0
EFRGP01_01,crop04,BA-TOS-LS,264,15988,191,0.9613009147056524,12296,12438,12649,1.0169641421450395,0.016964142145039395,0.05140895505861887,1,1
EFRGP01_01,crop04,BA-TOS-LS,264,15991,188,0.960271700497591,12158,12311,12508,1.0160019494760784,0.016001949476078303,0.050193852074336166,1,1
EFRGP01_01,crop04,BA-TOS-LS,264,15994,194,0.9650710486623799,12157,12252,12502,1.0204048318641854,0.02040483186418544,0.04638628156755593,1,1
EFRGP01_01,crop04,BA-TOS-LS,264,15996,189,0.9574419315403423,12531,12687,12932,1.0193111058563884,0.019311105856388427,0.10614038804303179,1,1
EFRGP01_01,crop04,BA-TOS-LS,264,15997,190,0.6193075562294668,12253,12443,19595,1.57478100136623,0.57478100136623,8.019910969389127,1,0
EFRGP01_01,crop04,BA-TOS-LS,264,16000,195,0.9302010390783827,12354,12505,13130,1.0499800079968014,0.04998000799680128,0.44105406071986414,1,1
EFRGP01_01,crop04,BA-TOS-LS,264,16001,192,0.9564540001557996,12278,12408,12707,1.0240973565441651,0.024097356544165054,0.03866641182576404,1,1
EFRGP01_01,crop04,BA-TOS-LS,264,16011,201,0.9555520898315658,12254,12452,12626,1.013973658849984,0.013973658849983939,0.05428736053259886,1,1
EFRGP01_01,crop04,BA-TOS-LS,264,16013,197,0.9598390405554679,12165,12287,12552,1.021567510376821,0.02156751037682103,0.08259312409872117,1,1
EFRGP01_01,crop04,BA-TOS-LS,264,16015,199,0.9658574784651527,12334,12494,12610,1.0092844565391388,0.009284456539138787,0.04596064409713914,1,1
EFRGP01_01,crop04,BA-TOS-LS,264,16016,200,0.9517447343602641,12110,12327,12507,1.0146020929666586,0.014602092966658554,0.1108675434594197,1,1
EFRGP01_01,crop04,BA-TOS-LS,264,16019,207,0.9580974842767296,12187,12340,12567,1.0183954619124798,0.01839546191247974,0.07901657264386278,1,1
EFRGP01_01,crop04,BA-TOS-LS,264,16021,202,0.9009395575941407,12178,12270,13425,1.0941320293398533,0.0941320293398533,1.267507744909013,1,1
EFRGP01_01,crop04,BA-TOS-LS,264,16022,208,0.9612531565656566,12181,12324,12529,1.0166342096721843,0.016634209672184357,0.04307290140829944,1,1
EFRGP01_01,crop04,BA-TOS-LS,264,16023,204,0.9635808270676691,12303,12407,12664,1.0207141130007253,0.020714113000725398,0.09024265443980359,1,1
EFRGP01_01,crop04,BA-TOS-LS,264,16024,205,0.9468209900680379,12107,12387,12507,1.009687575684185,0.009687575684185032,0.05242483423222552,1,1
EFRGP01_01,crop04,BA-TOS-LS,264,16026,213,0.9582326813683473,12297,12429,12701,1.0218843028401319,0.021884302840131948,0.027901412959822475,1,1
EFRGP01_01,crop04,BA-TOS-LS,264,16028,209,0.951105574587356,12216,12406,12654,1.0199903272610027,0.01999032726100274,0.10496160781226442,1,1
EFRGP01_01,crop04,BA-TOS-LS,264,16029,210,0.9349040006119483,12222,12357,12938,1.047017884599822,0.047017884599821966,0.3078503517361794,1,1
EFRGP01_01,crop04,BA-TOS-LS,264,16045,215,0.9597388465723613,12348,12456,12758,1.0242453436095054,0.02424534360950546,0.06464452459057919,1,1
EFRGP01_01,crop04,BA-TOS-LS,264,16046,219,0.9542104437823428,12170,12290,12634,1.0279902359641986,0.027990235964198536,0.02364136498315769,1,1
EFRGP01_01,crop04,BA-TOS-LS,264,16047,212,0.9614178168130489,12260,12400,12612,1.0170967741935484,0.017096774193548388,0.07664546474633775,1,1
EFRGP01_01,crop04,BA-TOS-LS,264,16050,217,0.9606144151240646,12195,12338,12552,1.0173447884584212,0.017344788458421138,0.0509592543849615,1,1
EFRGP01_01,crop04,BA-TOS-LS,264,16052,221,0.9556947162426614,12209,12402,12582,1.0145137880986939,0.01451378809869376,0.065084187201399,1,1
EFRGP01_01,crop04,BA-TOS-LS,264,16059,227,0.9518541601745092,12218,12384,12670,1.0230943152454781,0.023094315245478038,0.12300233957698635,1,1
EFRGP01_01,crop04,BA-TOS-LS,264,16061,222,0.8630408611288153,12187,12306,14002,1.1378189501056395,0.13781895010563952,2.361751539062725,1,1
EFRGP01_01,crop04,BA-TOS-LS,264,16062,224,0.9624565286120771,12177,12332,12497,1.0133798248459294,0.01337982484592929,0.048849116751350764,1,1
EFRGP01_01,crop04,BA-TOS-LS,264,16064,226,0.9646170781569429,12268,12374,12612,1.0192338774850493,0.019233877485049296,0.026798160848386706,1,1
EFRGP01_01,crop04,BA-TOS-LS,264,16065,225,0.9551157172913582,12257,12421,12669,1.0199661862973997,0.019966186297399564,0.04762740355807499,1,1
EFRGP01_01,crop04,BA-TOS-LS,264,16072,230,0.9567592881673431,12258,12441,12629,1.015111325456153,0.015111325456153043,0.03836760520726581,1,1
EFRGP01_01,crop04,BA-TOS-LS,264,16073,238,0.9536772098058928,12332,12481,12782,1.0241166573191252,0.02411665731912507,0.0910128954885659,1,1
EFRGP01_01,crop04,BA-TOS-LS,264,16078,228,0.9565353345841151,12236,12355,12673,1.0257385673816268,0.025738567381626873,0.02905409013979386,1,1
EFRGP01_01,crop04,BA-TOS-LS,264,16079,231,0.9663488060524864,12262,12339,12612,1.0221249696085581,0.02212496960855823,0.056149496283010164,1,1
EFRGP01_01,crop04,BA-TOS-LS,264,16084,236,0.9628141495312377,12221,12347,12567,1.0178180934639993,0.017818093463999353,0.04534590351629777,1,1
EFRGP01_01,crop04,BA-TOS-LS,264,16085,237,0.9551981169085916,12174,12333,12586,1.0205140679477824,0.020514067947782374,0.05344167361285084,1,1
EFRGP01_00,crop05,BA-TOS-LS,129,13381,7,0.7189666409906974,12134,12284,16727,1.3616900032562682,0.3616900032562683,2.1616912379397464,1,0
EFRGP01_00,crop05,BA-TOS-LS,129,13382,14,0.8175255664728294,12231,12359,14833,1.2001780079294442,0.20017800792944412,0.9276899140639222,1,1
EFRGP01_00,crop05,BA-TOS-LS,129,13385,12,0.49987677647252116,12170,12303,24213,1.9680565715679104,0.9680565715679103,2.9435391907463964,0,0
EFRGP01_00,crop05,BA-TOS-LS,129,13386,13,0.48815933287454966,12059,12217,24545,2.009085700253745,1.0090857002537448,5.641221978673759,0,0
EFRGP01_00,crop05,BA-TOS-LS,129,13387,15,0.7408296405711472,12037,12201,16084,1.3182526022457175,0.31825260224571755,1.8873143953220806,1,0
EFRGP01_00,crop05,BA-TOS-LS,129,13393,21,0.701994501959408,12002,12243,16856,1.3767867352773013,0.37678673527730133,2.233556973720823,1,0
EFRGP01_00,crop05,BA-TOS-LS,129,13398,22,0.6998921496282,12330,12492,17455,1.3972942683317322,0.3972942683317323,1.8405807346689802,1,0
EFRGP01_00,crop05,BA-TOS-LS,129,13399,16,0.7502937356997094,12133,12289,16015,1.3031979819350639,0.30319798193506386,1.9978062743593386,1,1
EFRGP01_00,crop05,BA-TOS-LS,129,13400,18,0.4445247560534875,12300,12407,27563,2.2215684694124285,1.2215684694124285,10.61357520212909,0,0
EFRGP01_00,crop05,BA-TOS-LS,129,13409,20,0.6738536965847679,12095,12175,17869,1.4676796714579055,0.46767967145790557,3.7583511668838594,1,0
EFRGP01_00,crop05,BA-TOS-LS,129,13419,25,0.5935860058309038,12216,12546,20250,1.6140602582496413,0.6140602582496413,4.523236703358842,1,0
EFRGP01_00,crop05,BA-TOS-LS,129,13434,28,0.6524205949414073,12304,12454,18709,1.502248273647021,0.5022482736470211,1.8103804056211008,1,0
EFRGP01_00,crop05,BA-TOS-LS,129,13448,27,0.7814484572454936,12182,12363,15408,1.2462994418830382,0.2462994418830381,1.5615363534646531,1,1
EFRGP01_00,crop05,BA-TOS-LS,129,13465,32,0.7267483349191246,12221,12524,16513,1.3185084637496007,0.3185084637496008,1.8777178915587975,1,0
EFRGP01_00,crop05,BA-TOS-LS,129,13466,33,0.8366936880759371,12076,12209,14300,1.1712670980424278,0.1712670980424277,0.12295092384965939,1,1
EFRGP01_00,crop05,BA-TOS-LS,129,13469,29,0.7107848871213007,12153,12326,16925,1.373113743306831,0.3731137433068311,2.133198662647968,1,0
EFRGP01_00,crop05,BA-TOS-LS,129,13471,35,0.8399384916474453,12017,12343,13981,1.1327067973750304,0.13270679737503038,0.14254426050617275,1,1
EFRGP01_00,crop05,BA-TOS-LS,129,13478,34,0.8428502046763339,12148,12325,14236,1.155050709939148,0.15505070993914807,0.21939941609002422,1,1
EFRGP01_00,crop05,BA-TOS-LS,129,13490,37,0.4239069702472412,12139,12263,28512,2.325042811710022,1.325042811710022,9.202286498259996,0,0
EFRGP01_00,crop05,BA-TOS-LS,129,13491,42,0.6782837415748808,12378,12460,18167,1.4580256821829856,0.45802568218298556,1.7265906396067583,1,0
EFRGP01_00,crop05,BA-TOS-LS,129,13499,38,0.844157646405773,12166,12326,14252,1.1562550705825085,0.1562550705825085,0.20151187360657158,1,1
EFRGP01_00,crop05,BA-TOS-LS,129,13500,39,0.7011749942961442,12293,12531,17294,1.380097358550794,0.380097358550794,2.284468149907122,1,0
EFRGP01_00,crop05,BA-TOS-LS,129,13504,40,0.8382605116949037,12221,12316,14484,1.176031178954206,0.17603117895420592,0.0934823224901017,1,1
EFRGP01_00,crop05,BA-TOS-LS,129,13509,41,0.8432015297411732,12347,12540,14450,1.1523125996810208,0.15231259968102073,0.09462499028761935,1,1
EFRGP01_00,crop05,BA-TOS-LS,129,13510,43,0.8368963868588212,12253,12523,14371,1.1475684740078256,0.1475684740078256,0.1627937477016088,1,1
EFRGP01_00,crop05,BA-TOS-LS,129,13523,45,0.8454877553781627,12498,12770,14510,1.1362568519968677,0.13625685199686766,0.09281946218559882,1,1
EFRGP01_00,crop05,BA-TOS-LS,129,13527,46,0.8404048807542984,12122,12251,14295,1.166843522977716,0.1668435229777161,0.05820593571365914,1,1
EFRGP01_00,crop05,BA-TOS-LS,129,13541,48,0.834925434678029,12149,12408,14292,1.1518375241779497,0.1518375241779497,0.18784621696532938,1,1
EFRGP01_00,crop05,BA-TOS-LS,129,13545,49,0.7156794827387137,12397,12513,17206,1.375049948054024,0.3750499480540238,1.9171173472342122,1,0
EFRGP01_00,crop05,BA-TOS-LS,129,13551,51,0.7137476459510358,12128,12359,16761,1.3561776842786633,0.3561776842786633,2.213521411161527,1,0
EFRGP01_00,crop05,BA-TOS-LS,129,13569,53,0.6913726820443238,12229,12400,17517,1.4126612903225806,0.41266129032258064,2.8814438264586575,1,0
EFRGP01_00,crop05,BA-TOS-LS,129,13576,55,0.708454302636163,12201,12396,17027,1.3735882542755729,0.37358825427557274,2.0102839542810913,1,0
EFRGP01_00,crop05,BA-TOS-LS,129,13597,66,0.8368784434060953,12000,12237,14102,1.1524066356133038,0.15240663561330392,0.07227449358548955,1,1
EFRGP01_00,crop05,BA-TOS-LS,129,13598,61,0.6860280858969455,12555,12776,18080,1.4151534126487164,0.41515341264871636,1.6600738647725517,1,0
EFRGP01_00,crop05,BA-TOS-LS,129,13604,59,0.7146285781185975,12208,12392,16899,1.3637023886378308,0.36370238863783083,2.161436868897628,1,0
EFRGP01_00,crop05,BA-TOS-LS,129,13605,56,0.838698487581518,12089,12319,14184,1.15139215845442,0.15139215845442,0.20295179881420997,1,1
EFRGP01_00,crop05,BA-TOS-LS,129,13614,60,0.8450877312760292,12378,12567,14458,1.150473462242381,0.15047346224238084,0.0984284097516956,1,1
EFRGP01_00,crop05,BA-TOS-LS,129,13620,63,0.8490860138869208,11984,12132,13966,1.15117045829212,0.15117045829212,0.1395777163611481,1,1
EFRGP01_00,crop05,BA-TOS-LS,129,13621,64,0.8350180005538632,12061,12330,14175,1.1496350364963503,0.14963503649635038,0.13128396282826735,1,1
EFRGP01_00,crop05,BA-TOS-LS,129,13626,70,0.8526985458612976,12197,12336,14165,1.1482652399481192,0.14826523994811933,0.039717946374493066,1,1
EFRGP01_00,crop05,BA-TOS-LS,129,13628,69,0.8435618902649968,12192,12353,14292,1.1569659192099084,0.15696591920990852,0.12100285336071148,1,1
EFRGP01_00,crop05,BA-TOS-LS,129,13630,68,0.8403332650413167,12305,12526,14422,1.1513651604662303,0.15136516046623025,0.10284001694758674,1,1
EFRGP01_00,crop05,BA-TOS-LS,129,13646,67,0.8399138050882803,12083,12235,14234,1.163383735185942,0.16338373518594196,0.13385911297394487,1,1
EFRGP01_00,crop05,BA-TOS-LS,129,13647,72,0.7256028241488661,12127,12264,16576,1.3515981735159817,0.3515981735159817,1.9914847704246783,1,0
EFRGP01_00,crop05,BA-TOS-LS,129,13663,76,0.7041406430719408,12176,12500,16968,1.35744,0.35744,2.2823400513093897,1,0
EFRGP01_00,crop05,BA-TOS-LS,129,13669,75,0.7255064565809738,12248,12490,16640,1.3322658126501201,0.3322658126501201,2.1086706780403057,1,0
EFRGP01_00,crop05,BA-TOS-LS,129,13679,78,0.8485732139137679,12222,12391,14234,1.148736986522476,0.148736986522476,0.17128881481053185,1,1
EFRGP01_00,crop05,BA-TOS-LS,129,13685,79,0.8239823245848955,12307,12427,14816,1.1922426973525388,0.19224269735253882,0.5347724243173432,1,1
EFRGP01_00,crop05,BA-TOS-LS,129,13689,80,0.7195036700454387,12351,12605,16912,1.3416898056326854,0.3416898056326854,2.060205490894142,1,0
EFRGP01_00,crop05,BA-TOS-LS,129,13705,83,0.7170878247040113,12174,12364,16787,1.3577321255257198,0.3577321255257198,1.995169253007062,1,0
EFRGP01_00,crop05,BA-TOS-LS,129,13708,84,0.8371705963938973,12072,12312,14180,1.1517218973359324,0.15172189733593242,0.11702519920703677,1,1
EFRGP01_00,crop05,BA-TOS-LS,129,13709,82,0.7174445740956826,12297,12471,16966,1.3604362120118676,0.36043621201186754,2.049853818557012,1,0
EFRGP01_00,crop05,BA-TOS-LS,129,13722,87,0.8347443044944594,12128,12266,14391,1.1732431110386434,0.1732431110386434,0.02686608802813962,1,1
EFRGP01_00,crop05,BA-TOS-LS,129,13724,89,0.8348913847602394,12414,12524,14759,1.1784573618652188,0.17845736186521877,0.17942709191490586,1,1
EFRGP01_00,crop05,BA-TOS-LS,129,13725,88,0.7106512691248021,12123,12448,16734,1.3443123393316196,0.34431233933161953,2.0520272018344543,1,0
EFRGP01_00,crop05,BA-TOS-LS,129,20287,119,0.8482651840382855,12053,12244,14018,1.1448872917347273,0.14488729173472722,0.1793495857692115,1,1
EFRGP01_00,crop05,BA-TOS-LS,129,20290,117,0.7052864462040056,12114,12286,17004,1.38401432524825,0.38401432524825,2.1810700677196855,1,0
EFRGP01_00,crop05,BA-TOS-LS,129,20292,118,0.5311990387091237,12378,12496,23184,1.855313700384123,0.8553137003841229,6.020181479948075,1,0
EFRGP01_00,crop05,BA-TOS-LS,129,20297,122,0.6824432539901696,12357,12452,18012,1.4465146161259235,0.4465146161259235,1.717512304976974,1,0
EFRGP01_00,crop05,BA-TOS-LS,129,20316,120,0.8338800054667214,12203,12338,14499,1.1751499432647106,0.17514994326471064,0.189945908354496,1,1
EFRGP01_00,crop05,BA-TOS-LS,129,20317,125,0.5789125920332263,12266,12365,21089,1.7055398301657905,0.7055398301657906,7.7393289559639316,1,0
EFRGP01_00,crop05,BA-TOS-LS,129,20318,121,0.8443983402489627,12210,12333,14337,1.1624908781318415,0.1624908781318414,0.046758866313095344,1,1
EFRGP01_00,crop05,BA-TOS-LS,129,20325,129,0.7211150652431791,12158,12377,16641,1.3445099781853438,0.3445099781853438,1.980861524608512,1,0
EFRGP01_00,crop05,BA-TOS-LS,129,20333,130,0.570566214319139,12193,12400,21163,1.7066935483870969,0.7066935483870967,5.51251753229045,1,0
EFRGP01_00,crop05,BA-TOS-LS,129,20339,128,0.7115407010597414,12220,12406,16988,1.3693374173786876,0.36933741737868775,2.165557149568875,1,0
EFRGP01_00,crop05,BA-TOS-LS,129,20359,133,0.7221993531314319,12281,12498,16788,1.343254920787326,0.34325492078732595,2.1286441689792346,1,0
EFRGP01_00,crop05,BA-TOS-LS,129,20362,139,0.6201346358252772,12252,12395,19614,1.5824122630092778,0.582412263009278,5.4363468049967105,1,0
EFRGP01_00,crop05,BA-TOS-LS,129,20364,137,0.8416490341956181,12331,12539,14443,1.1518462397320361,0.15184623973203604,0.12758996745028853,1,1
EFRGP01_00,crop05,BA-TOS-LS,129,20372,134,0.8390852680750192,12035,12139,14239,1.172996128181893,0.17299612818189308,0.050605778690782255,1,1
EFRGP01_00,crop05,BA-TOS-LS,129,20375,135,0.838036809815951,12294,12591,14373,1.141529664045747,0.14152966404574696,0.07596544279348304,1,1
EFRGP01_00,crop05,BA-TOS-LS,129,20376,136,0.842956437960223,12249,12341,14439,1.1700024309213193,0.17000243092131917,0.06225317847118925,1,1
EFRGP01_00,crop05,BA-TOS-LS,129,20378,140,0.717229670394005,12251,12445,16887,1.3569304941743672,0.35693049417436723,2.296546985682376,1,0
EFRGP01_00,crop05,BA-TOS-LS,129,20392,141,0.7845725749045492,12124,12264,15313,1.2486138290932811,0.24861382909328114,1.3701274383555486,1,1
EFRGP01_00,crop05,BA-TOS-LS,129,20417,142,0.5895571711830799,12488,12689,20981,1.6534793915990227,0.6534793915990228,2.844851214971704,1,0
EFRGP01_00,crop05,BA-TOS-LS,129,20418,143,0.6925863991081382,12425,12591,17774,1.4116432372329442,0.41164323723294416,1.8233198654851368,1,0
EFRGP01_00,crop05,BA-TOS-LS,129,20420,144,0.8452290471913217,12233,12438,14268,1.1471297636275928,0.14712976362759286,0.15758069667522132,1,1
EFRGP01_00,crop05,BA-TOS-LS,129,20424,145,0.8433335683564831,11961,12258,13886,1.1328112253222384,0.13281122532223855,0.21531588172345784,1,1
EFRGP01_00,crop05,BA-TOS-LS,129,20434,149,0.8395963813500348,12065,12285,14150,1.1518111518111518,0.15181115181115182,0.1682114990081946,1,1
EFRGP01_00,crop05,BA-TOS-LS,129,20442,147,0.7095033650498955,12229,12405,17060,1.3752519145505844,0.37525191455058443,2.1088316739432513,1,0
EFRGP01_00,crop05,BA-TOS-LS,129,20443,151,0.528337639965547,12268,12417,23071,1.8580172344366594,0.8580172344366594,6.154080504759703,1,0
EFRGP01_00,crop05,BA-TOS-LS,129,20446,148,0.8431332095454233,12260,12382,14419,1.1645130027459214,0.1645130027459215,0.0647412862149429,1,1
EFRGP01_00,crop05,BA-TOS-LS,129,20453,152,0.7195959833225674,12254,12486,16797,1.3452666987025468,0.34526669870254684,2.01483054677192,1,0
EFRGP01_00,crop05,BA-TOS-LS,129,20454,150,0.7206510919843082,12308,12500,16887,1.35096,0.35096,2.013916589982787,1,0
EFRGP01_00,crop05,BA-TOS-LS,129,20463,154,0.5262032085561498,12300,12393,23282,1.878641168401517,0.878641168401517,5.6080714217805445,1,0
EFRGP01_00,crop05,BA-TOS-LS,129,20473,155,0.8481083344967193,12150,12333,14143,1.146760723262791,0.14676072326279088,0.0671467747123773,1,1
EFRGP01_00,crop05,BA-TOS-LS,129,20477,158,0.7398916967509025,12297,12350,16567,1.3414574898785425,0.3414574898785425,1.8346347641005274,1,0
EFRGP01_00,crop05,BA-TOS-LS,129,20478,157,0.8398197460057354,12300,12445,14501,1.1652069104057854,0.16520691040578545,0.09419010270910941,1,1
EFRGP01_00,crop05,BA-TOS-LS,129,20483,160,0.7196175021732831,12417,12575,17097,1.3596023856858848,0.3596023856858847,1.898782157472523,1,0
EFRGP01_00,crop05,BA-TOS-LS,129,20489,156,0.8416972381809372,12160,12454,14153,1.1364220330817407,0.1364220330817408,0.08632895020098154,1,1
EFRGP01_00,crop05,BA-TOS-LS,129,20504,159,0.8198076141444248,12102,12272,14592,1.1890482398956974,0.18904823989569752,0.4786670752255811,1,1
EFRGP01_00,crop05,BA-TOS-LS,129,20513,162,0.7701291478712229,12463,12603,16043,1.2729508847099897,0.2729508847099897,1.515280978109327,1,1
EFRGP01_00,crop05,BA-TOS-LS,129,20515,164,0.8098299183072184,12094,12284,14744,1.2002605014653207,0.20026050146532073,0.7821734583174438,1,1
EFRGP01_00,crop05,BA-TOS-LS,129,20516,165,0.8420871243451888,12217,12363,14362,1.1616921459192753,0.16169214591927525,0.15025341405361406,1,1
EFRGP01_00,crop05,BA-TOS-LS,129,20518,163,0.694755143436685,11988,12181,17062,1.4007060175683441,0.4007060175683441,2.518486771695777,1,0
EFRGP01_00,crop05,BA-TOS-LS,129,20527,167,0.7302317247969422,12227,12347,16624,1.346399935206933,0.34639993520693285,2.967780160738227,1,0
EFRGP01_00,crop05,BA-TOS-LS,129,20529,168,0.6109629033069915,12138,12239,19766,1.615001225590326,0.615001225590326,6.379556798711303,1,0
EFRGP01_00,crop05,BA-TOS-LS,129,20547,170,0.6968279903093132,12368,12673,17444,1.3764696599068886,0.3764696599068887,2.349088248526893,1,0
EFRGP01_00,crop05,BA-TOS-LS,129,20556,169,0.7871583676525645,12615,12754,15887,1.2456484240238357,0.24564842402383566,1.273234637167909,1,1
EFRGP01_00,crop05,BA-TOS-LS,129,20557,171,0.4298916064480267,12374,12491,28667,2.295012408934433,1.2950124089344328,9.253921619494022,0,0
EFRGP01_00,crop05,BA-TOS-LS,129,20562,174,0.8436814692982456,12311,12450,14453,1.1608835341365462,0.16088353413654619,0.12837620420346346,1,1
EFRGP01_00,crop05,BA-TOS-LS,129,20563,175,0.6999535801322966,12063,12305,16992,1.3809020723283219,0.3809020723283218,2.1765474311783257,1,0
EFRGP01_00,crop05,BA-TOS-LS,129,20575,173,0.4227467065243839,12162,12394,28537,2.302485073422624,1.3024850734226239,8.95378048085121,0,0
EFRGP01_00,crop05,BA-TOS-LS,129,20577,177,0.8491494446787572,12080,12257,14049,1.1462021701884637,0.14620217018846374,0.05200520152765054,1,1
EFRGP01_00,crop05,BA-TOS-LS,129,20578,176,0.8356758991318727,12129,12183,14460,1.1868997783797095,0.18689977837970942,0.14671972678555015,1,1
EFRGP01_00,crop05,BA-TOS-LS,129,20603,182,0.5382793296089385,12044,12151,22268,1.8326063698461033,0.8326063698461033,7.613964546738275,1,0
EFRGP01_00,crop05,BA-TOS-LS,129,20607,186,0.8039111700364601,12127,12293,14919,1.2136175058976653,0.21361750589766534,0.864184083117121,1,1
EFRGP01_00,crop05,BA-TOS-LS,129,20611,184,0.7739820134898826,12393,12506,15899,1.2713097713097714,0.2713097713097713,1.3744492411268083,1,1
EFRGP01_00,crop05,BA-TOS-LS,129,20616,181,0.49034075131897337,12361,12510,25060,2.0031974420463627,1.003197442046363,7.2226881571737485,0,0
EFRGP01_00,crop05,BA-TOS-LS,129,20620,183,0.3656758945442548,12192,12430,33103,2.6631536604987933,1.6631536604987933,8.642317885062864,0,0
EFRGP01_00,crop05,BA-TOS-LS,129,20635,188,0.4192955589586524,12321,12394,29312,2.3650153299983865,1.3650153299983863,7.990794599223542,0,0
EFRGP01_00,crop05,BA-TOS-LS,129,22165,90,0.8481875739233284,12191,12332,14232,1.1540707103470647,0.15407071034706454,0.16238927105827353,1,1
EFRGP01_00,crop05,BA-TOS-LS,129,22175,96,0.8416031844073846,12263,12378,14456,1.1678784941024398,0.16787849410243982,0.04044546807107089,1,1
EFRGP01_00,crop05,BA-TOS-LS,129,22176,91,0.8439098575971243,12208,12308,14366,1.1672083197920051,0.1672083197920052,0.15868509077071744,1,1
EFRGP01_00,crop05,BA-TOS-LS,129,22186,95,0.7239551969167771,12022,12345,16283,1.3189955447549615,0.3189955447549615,2.0792657311379688,1,0
EFRGP01_00,crop05,BA-TOS-LS,129,22193,92,0.7093138109348672,12208,12349,17070,1.3822981617944772,0.3822981617944773,3.7422035717234303,1,0
EFRGP01_00,crop05,BA-TOS-LS,129,22197,97,0.8390670152745286,12195,12293,14436,1.1743268526803872,0.17432685268038722,0.1303016474891415,1,1
EFRGP01_00,crop05,BA-TOS-LS,129,22201,93,0.7043579314352121,12122,12378,16954,1.3696881564065277,0.3696881564065277,1.5825471498429755,1,0
EFRGP01_00,crop05,BA-TOS-LS,129,22215,99,0.7204796503042117,12197,12462,16664,1.337185042529289,0.33718504252928905,2.0507740168867628,1,0
EFRGP01_00,crop05,BA-TOS-LS,129,22220,100,0.57384025439581,12271,12374,21281,1.7198157426862777,0.7198157426862777,3.82123872491776,1,0
EFRGP01_00,crop05,BA-TOS-LS,129,22228,103,0.8447863247863248,12355,12471,14509,1.1634191323871381,0.16341913238713815,0.11044965867063493,1,1
EFRGP01_00,crop05,BA-TOS-LS,129,22246,105,0.7032750839023261,12154,12269,17167,1.3992175401418208,0.39921754014182087,2.2888426584482757,1,0
EFRGP01_00,crop05,BA-TOS-LS,129,22247,108,0.7610445468509984,12386,12541,16120,1.2853839406745873,0.28538394067458733,1.8561290061360365,1,1
EFRGP01_00,crop05,BA-TOS-LS,129,22270,109,0.7090582231500812,12227,12469,17002,1.3635415831261528,0.36354158312615287,2.1261875168132445,1,0
EFRGP01_00,crop05,BA-TOS-LS,129,22278,111,0.843300687643259,12141,12351,14187,1.1486519310177314,0.14865193101773136,0.09966196101476661,1,1
EFRGP01_00,crop05,BA-TOS-LS,129,22283,110,0.7046121347259712,12008,12163,16887,1.3883910219518212,0.38839102195182107,2.2827042438490732,1,0
EFRGP01_00,crop05,BA-TOS-LS,129,22288,112,0.8422299651567944,12086,12365,14071,1.1379700768297614,0.13797007682976142,0.08263960273656829,1,1
EFRGP01_00,crop05,BA-TOS-LS,129,22289,115,0.8427672955974843,12060,12268,14102,1.1494946201499836,0.1494946201499837,0.15474165688111655,1,1
EFRGP01_00,crop05,BA-TOS-LS,129,22291,113,0.7704815117082051,12273,12420,15782,1.2706924315619967,0.2706924315619968,1.3957389182604525,1,1
EFRGP01_00,crop05,BA-TOS-LS,129,22318,116,0.8329674852517492,12143,12383,14338,1.1578777356052652,0.15787773560526527,0.09720373990444584,1,1
EFRGP01_01,crop05,BA-TOS-LS,128,13363,12,0.6156807131280388,12156,12216,19684,1.6113294040602488,0.6113294040602488,2.720510856982611,1,0
EFRGP01_01,crop05,BA-TOS-LS,128,13381,11,0.8011857707509882,12162,12372,14970,1.2099903006789525,0.20999030067895247,0.9133069754941501,1,1
EFRGP01_01,crop05,BA-TOS-LS,128,13382,16,0.7813152731185518,12344,12416,15727,1.2666720360824741,0.26667203608247425,1.8483558972533298,1,1
EFRGP01_01,crop05,BA-TOS-LS,128,13385,17,0.4973968925404702,12229,12322,24493,1.9877454958610614,0.9877454958610615,6.842196781245952,0,0
EFRGP01_01,crop05,BA-TOS-LS,128,13386,15,0.6178607983623337,12073,12309,19304,1.568283369891949,0.5682833698919489,4.138451672962361,1,0
EFRGP01_01,crop05,BA-TOS-LS,128,13387,18,0.6683124375901476,12047,12227,17846,1.459556718737221,0.4595567187372209,3.575680625799552,1,0
EFRGP01_01,crop05,BA-TOS-LS,128,13393,23,0.6944087778685655,11898,12142,16890,1.3910393674847636,0.39103936748476364,2.515921193868849,1,0
EFRGP01_01,crop05,BA-TOS-LS,128,13398,24,0.5204438495747161,12054,12279,22936,1.8679045524879876,0.8679045524879876,6.805039622383955,1,0
EFRGP01_01,crop05,BA-TOS-LS,128,13399,19,0.6730123796423659,12232,12392,18015,1.453760490639122,0.453760490639122,3.9957216689272648,1,0
EFRGP01_01,crop05,BA-TOS-LS,128,13400,21,0.3722109839678754,12328,12431,33018,2.6561016812806693,1.6561016812806693,12.859406475662714,0,0
EFRGP01_01,crop05,BA-TOS-LS,128,13409,20,0.6155449369662465,12109,12279,19502,1.588240084697451,0.5882400846974509,5.438158363629077,1,0
EFRGP01_01,crop05,BA-TOS-LS,128,13419,25,0.5452584269662921,12132,12431,21951,1.7658273670662055,0.7658273670662055,6.027927603997136,1,0
EFRGP01_01,crop05,BA-TOS-LS,128,13448,28,0.7982232673590698,12220,12508,15021,1.2009114166933164,0.20091141669331627,1.1688983740576069,1,1
EFRGP01_01,crop05,BA-TOS-LS,128,13465,32,0.7220471972894252,12147,12458,16512,1.3254133889869963,0.3254133889869963,2.119700236330511,1,0
EFRGP01_01,crop05,BA-TOS-LS,128,13466,33,0.8467707893626003,12036,12337,13913,1.1277458053011267,0.1277458053011267,0.1263959424512081,1,1
EFRGP01_01,crop05,BA-TOS-LS,128,13469,30,0.7016713417484806,12007,12257,16862,1.3757036795300646,0.37570367953006445,2.4391597500951776,1,0
EFRGP01_01,crop05,BA-TOS-LS,128,13471,35,0.8374810944589578,12182,12436,14292,1.14924412994532,0.14924412994532005,0.19812896705700725,1,1
EFRGP01_01,crop05,BA-TOS-LS,128,13478,34,0.8443587802023818,12266,12430,14363,1.1555108608205953,0.15551086082059534,0.05262325846827249,1,1
EFRGP01_01,crop05,BA-TOS-LS,128,13490,36,0.5774814394476758,12212,12408,20951,1.6885074145712444,0.6885074145712443,6.595616852208451,1,0
EFRGP01_01,crop05,BA-TOS-LS,128,13491,40,0.6623799536372668,12001,12115,18004,1.4860916219562526,0.4860916219562526,2.0323148086035725,1,0
EFRGP01_01,crop05,BA-TOS-LS,128,13499,38,0.8511159308752536,12165,12422,14036,1.1299307679922719,0.12993076799227177,0.13774817279883408,1,1
EFRGP01_01,crop05,BA-TOS-LS,128,13500,41,0.6853732713605325,11944,12211,17160,1.405290312013758,0.4052903120137581,2.6376711362138647,1,0
EFRGP01_01,crop05,BA-TOS-LS,128,13504,39,0.8366485013623978,12282,12457,14505,1.1644055551095769,0.16440555510957694,0.09047128033004623,1,1
EFRGP01_01,crop05,BA-TOS-LS,128,13509,42,0.8487658529933179,12448,12696,14418,1.135633270321361,0.13563327032136105,0.11740349926531289,1,1
EFRGP01_01,crop05,BA-TOS-LS,128,13510,43,0.8308645300296257,12340,12581,14611,1.1613544233367776,0.16135442333677769,0.2133966421945304,1,1
EFRGP01_01,crop05,BA-TOS-LS,128,13523,45,0.842059160433933,12497,12813,14525,1.1336142979786155,0.13361429797861546,0.16858839352079422,1,1
EFRGP01_01,crop05,BA-TOS-LS,128,13527,46,0.8481693442735986,12301,12459,14345,1.1513765149690987,0.15137651496909865,0.13305198533194748,1,1
EFRGP01_01,crop05,BA-TOS-LS,128,13541,49,0.8347736625514404,12171,12490,14261,1.1417934347477983,0.14179343474779824,0.03466832778934367,1,1
EFRGP01_01,crop05,BA-TOS-LS,128,13545,50,0.7007449856733524,12228,12393,17285,1.3947389655450657,0.39473896554506577,2.2366032902890813,1,0
EFRGP01_01,crop05,BA-TOS-LS,128,13551,52,0.7039948378013727,12001,12280,16768,1.365472312703583,0.36547231270358305,2.3492543884657615,1,0
EFRGP01_01,crop05,BA-TOS-LS,128,13569,54,0.7223559809736332,12301,12530,16800,1.3407821229050279,0.3407821229050279,2.140312016935306,1,0
EFRGP01_01,crop05,BA-TOS-LS,128,13576,56,0.6926144244105409,11985,12222,17067,1.396416298478154,0.3964162984781541,2.3437539669149317,1,0
EFRGP01_01,crop05,BA-TOS-LS,128,13597,67,0.8373389063044235,12020,12332,14043,1.138744729159909,0.13874472915990918,0.09229564903747949,1,1
EFRGP01_01,crop05,BA-TOS-LS,128,13598,65,0.6596560411874247,12044,12243,18059,1.4750469656130034,0.47504696561300336,2.1106157130621743,1,0
EFRGP01_01,crop05,BA-TOS-LS,128,13604,59,0.7011527544459248,12104,12280,17087,1.3914495114006515,0.3914495114006515,2.4225081194555873,1,0
EFRGP01_01,crop05,BA-TOS-LS,128,13605,57,0.8433474900786744,12113,12362,14114,1.1417246400258858,0.14172464002588578,0.05760590753040049,1,1
EFRGP01_01,crop05,BA-TOS-LS,128,13614,60,0.8412677006068779,12476,12650,14656,1.1585770750988142,0.15857707509881422,0.1528686973038117,1,1
EFRGP01_01,crop05,BA-TOS-LS,128,13620,64,0.8522356281050391,12008,12252,13846,1.1301012079660464,0.13010120796604635,0.11441503206094959,1,1
EFRGP01_01,crop05,BA-TOS-LS,128,13621,68,0.8355069989757596,12236,12454,14427,1.1584229966275896,0.15842299662758952,0.1600411529667023,1,1
EFRGP01_01,crop05,BA-TOS-LS,128,13626,72,0.8564640111809924,12256,12434,14132,1.1365610423033619,0.13656104230336175,0.046166634998643305,1,1
EFRGP01_01,crop05,BA-TOS-LS,128,13628,71,0.8404460352422908,12210,12433,14305,1.1505670393308132,0.15056703933081317,0.14690089006429158,1,1
EFRGP01_01,crop05,BA-TOS-LS,128,13630,70,0.839840043378067,12391,12564,14581,1.1605380452085323,0.16053804520853232,0.07852011759308648,1,1
EFRGP01_01,crop05,BA-TOS-LS,128,13646,69,0.8435529688907365,12175,12353,14255,1.153970695377641,0.15397069537764105,0.09488890140228647,1,1
EFRGP01_01,crop05,BA-TOS-LS,128,13647,74,0.7200096257971363,11968,12165,16425,1.3501849568434032,0.35018495684340323,2.2964052565038484,1,0
EFRGP01_01,crop05,BA-TOS-LS,128,13663,78,0.6958870686650401,11979,12279,16914,1.3774737356462252,0.3774737356462253,2.449998587895137,1,0
EFRGP01_01,crop05,BA-TOS-LS,128,13669,77,0.714571798798445,12132,12400,16710,1.3475806451612904,0.34758064516129034,2.298040079587671,1,0
EFRGP01_01,crop05,BA-TOS-LS,128,13679,81,0.8543824285813582,12292,12490,14189,1.1360288230584468,0.13602882305844677,0.09726525624842484,1,1
EFRGP01_01,crop05,BA-TOS-LS,128,13685,80,0.8188463583200425,12322,12476,14894,1.1938121192689966,0.19381211926899647,0.7992862704922213,1,1
EFRGP01_01,crop05,BA-TOS-LS,128,13689,82,0.7120744835612453,12237,12493,16929,1.3550788441527255,0.3550788441527255,2.2116023243579295,1,0
EFRGP01_01,crop05,BA-TOS-LS,128,13705,85,0.7069718060634659,11986,12274,16666,1.3578295584161642,0.35782955841616426,2.295868349340922,1,0
EFRGP01_01,crop05,BA-TOS-LS,128,13708,86,0.8325865580448065,12264,12491,14503,1.1610759747017854,0.16107597470178528,0.08874898325336848,1,1
EFRGP01_01,crop05,BA-TOS-LS,128,13709,84,0.7072230014025246,12102,12402,16812,1.355587808417997,0.3555878084179971,2.414495627474887,1,0
EFRGP01_01,crop05,BA-TOS-LS,128,13722,90,0.8395019262520639,12203,12364,14375,1.162649627952119,0.16264962795211907,0.05611647634752676,1,1
EFRGP01_01,crop05,BA-TOS-LS,128,13724,91,0.8412226129294023,12440,12620,14608,1.1575277337559429,0.15752773375594295,0.15740516941034116,1,1
EFRGP01_01,crop05,BA-TOS-LS,128,13725,89,0.7036602534021587,11996,12406,16638,1.3411252619700145,0.3411252619700145,2.3321567231928086,1,0
EFRGP01_01,crop05,BA-TOS-LS,128,20287,123,0.847232884360388,12140,12378,14091,1.1383906931652932,0.13839069316529326,0.211395645282424,1,1
EFRGP01_01,crop05,BA-TOS-LS,128,20290,121,0.6952739924615831,11990,12184,17051,1.3994583059750492,0.3994583059750492,2.389755355887037,1,0
EFRGP01_01,crop05,BA-TOS-LS,128,20292,122,0.5173228678735705,12259,12429,23527,1.8929117386756777,0.8929117386756779,6.46189131600739,1,0
EFRGP01_01,crop05,BA-TOS-LS,128,20297,125,0.6633379310344828,12023,12150,17998,1.4813168724279835,0.48131687242798354,2.077091686767973,1,0
EFRGP01_01,crop05,BA-TOS-LS,128,20316,124,0.8453757225433526,12285,12408,14409,1.1612669245647969,0.1612669245647969,0.17498649197598637,1,1
EFRGP01_01,crop05,BA-TOS-LS,128,20317,129,0.5902150950643364,12293,12429,20692,1.6648161557647438,0.6648161557647437,7.474277015466227,1,0
EFRGP01_01,crop05,BA-TOS-LS,128,20318,126,0.8438358045030203,12293,12484,14377,1.1516340916372958,0.15163409163729574,0.1245660345879455,1,1
EFRGP01_01,crop05,BA-TOS-LS,128,20325,132,0.7123718062718596,12017,12274,16612,1.353430014665146,0.35343001466514584,2.221170456552752,1,0
EFRGP01_01,crop05,BA-TOS-LS,128,20333,134,0.562689561849657,12059,12278,21212,1.7276429385893468,0.7276429385893468,5.4345184006379075,1,0
EFRGP01_01,crop05,BA-TOS-LS,128,20339,133,0.707392859236677,12066,12332,16791,1.3615796302302952,0.36157963023029516,2.4253971515588626,1,0
EFRGP01_01,crop05,BA-TOS-LS,128,20359,137,0.7210025827659075,12283,12462,16857,1.3526721232546943,0.35267212325469427,2.2547631171461444,1,0
EFRGP01_01,crop05,BA-TOS-LS,128,20362,141,0.611457657567743,12253,12497,19795,1.583980155237257,0.583980155237257,5.959855082128321,1,0
EFRGP01_01,crop05,BA-TOS-LS,128,20364,142,0.8474714518760196,12468,12702,14478,1.1398205007085498,0.13982050070854984,0.03700777622210182,1,1
EFRGP01_01,crop05,BA-TOS-LS,128,20372,138,0.8521648044692738,12203,12329,14194,1.151269364911996,0.1512693649119961,0.16107773163711417,1,1
EFRGP01_01,crop05,BA-TOS-LS,128,20375,139,0.8389715832205683,12400,12676,14504,1.1442095298201325,0.14420952982013252,0.051221522694704674,1,1
EFRGP01_01,crop05,BA-TOS-LS,128,20376,140,0.8492733564013841,12272,12456,14266,1.145311496467566,0.14531149646756583,0.06657457273676394,1,1
EFRGP01_01,crop05,BA-TOS-LS,128,20378,143,0.7119128103508567,12215,12379,16994,1.3728087890782776,0.37280878907827775,2.477407481479907,1,0
EFRGP01_01,crop05,BA-TOS-LS,128,20392,145,0.7916774695359088,12214,12385,15257,1.231893419459023,0.231893419459023,1.3835228870695793,1,1
EFRGP01_01,crop05,BA-TOS-LS,128,20417,146,0.5560873330598478,12200,12346,21793,1.7651871051352666,0.7651871051352664,3.149450048514231,1,0
EFRGP01_01,crop05,BA-TOS-LS,128,20418,147,0.6753116091889777,12082,12293,17680,1.4382168713902221,0.4382168713902221,2.1051965683078944,1,0
EFRGP01_01,crop05,BA-TOS-LS,128,20420,148,0.8475571833321816,12265,12521,14215,1.1352927082501398,0.13529270825013975,0.10290359491853526,1,1
EFRGP01_01,crop05,BA-TOS-LS,128,20424,149,0.8463153474700819,12093,12388,13994,1.1296415886341622,0.12964158863416209,0.09717838170355649,1,1
EFRGP01_01,crop05,BA-TOS-LS,128,20434,153,0.8437673900946021,12130,12374,14132,1.1420720866332632,0.1420720866332633,0.12270514037895353,1,1
EFRGP01_01,crop05,BA-TOS-LS,128,20442,152,0.7010920074349443,12070,12283,17003,1.3842709435805585,0.3842709435805585,2.3452795293499196,1,0
EFRGP01_01,crop05,BA-TOS-LS,128,20443,155,0.5445169252468265,12354,12540,22502,1.7944178628389156,0.7944178628389155,5.9891376879327005,1,0
EFRGP01_01,crop05,BA-TOS-LS,128,20446,151,0.8477782363461274,12325,12523,14340,1.1450930288269583,0.1450930288269584,0.08535215220190591,1,1
EFRGP01_01,crop05,BA-TOS-LS,128,20453,156,0.7137794577993031,12085,12409,16607,1.3383028447094851,0.3383028447094851,2.175286276747958,1,0
EFRGP01_01,crop05,BA-TOS-LS,128,20454,154,0.7117571959145775,12265,12449,17048,1.3694272632339948,0.3694272632339947,2.2575430556307117,1,0
EFRGP01_01,crop05,BA-TOS-LS,128,20463,158,0.5046111156451482,12366,12491,24381,1.9518853574573694,0.9518853574573694,6.205113212615168,1,0
EFRGP01_01,crop05,BA-TOS-LS,128,20473,159,0.8481047744439055,12239,12454,14216,1.1414806487875382,0.14148064878753813,0.1676067067299915,1,1
EFRGP01_01,crop05,BA-TOS-LS,128,20477,162,0.7451027665601833,12362,12459,16494,1.3238622682398267,0.3238622682398266,1.785988683392563,1,0
EFRGP01_01,crop05,BA-TOS-LS,128,20478,161,0.8395370871683812,12405,12578,14603,1.1609953887740498,0.16099538877404992,0.10244872085812888,1,1
EFRGP01_01,crop05,BA-TOS-LS,128,20483,164,0.7077989601386482,12252,12416,17146,1.3809600515463918,0.38096005154639173,2.25685623816063,1,0
EFRGP01_01,crop05,BA-TOS-LS,128,20489,160,0.8400466616345296,12242,12536,14279,1.1390395660497767,0.13903956604977663,0.0767142286543798,1,1
EFRGP01_01,crop05,BA-TOS-LS,128,20504,163,0.8175374645605509,12111,12357,14568,1.178926924010682,0.1789269240106822,0.6841632514654674,1,1
EFRGP01_01,crop05,BA-TOS-LS,128,20515,167,0.8015520328977913,12085,12318,14844,1.205065757428154,0.20506575742815392,1.031123667651212,1,1
EFRGP01_01,crop05,BA-TOS-LS,128,20516,168,0.8501732501732502,12268,12452,14246,1.144073241246386,0.14407324124638612,0.11492961870526447,1,1
EFRGP01_01,crop05,BA-TOS-LS,128,20518,166,0.6912954876273654,11873,12122,16926,1.3963042402243855,0.39630424022438543,2.7007168164215485,1,0
EFRGP01_01,crop05,BA-TOS-LS,128,20527,170,0.7289231681993473,12286,12495,16646,1.3322128851540616,0.3322128851540616,3.185215689854352,1,0
EFRGP01_01,crop05,BA-TOS-LS,128,20529,171,0.5734154019640089,12204,12355,21132,1.710400647511129,0.7104006475111291,7.6631062583282725,1,0
EFRGP01_01,crop05,BA-TOS-LS,128,20547,173,0.6870086533567106,12147,12439,17389,1.3979419567489348,0.3979419567489348,2.5455534080280495,1,0
EFRGP01_01,crop05,BA-TOS-LS,128,20556,172,0.7844311377245509,12576,12818,15790,1.2318614448431893,0.23186144484318927,1.4581215403208103,1,1
EFRGP01_01,crop05,BA-TOS-LS,128,20557,174,0.4470261581177846,12236,12391,27217,2.1965135985796143,1.1965135985796143,8.266533707136126,0,0
EFRGP01_01,crop05,BA-TOS-LS,128,20562,177,0.8417128394555031,12305,12586,14338,1.1392022882567934,0.13920228825679326,0.06377715205666183,1,1
EFRGP01_01,crop05,BA-TOS-LS,128,20563,179,0.4864711140001625,11974,12230,24358,1.9916598528209322,0.9916598528209322,7.468913956973106,0,0
EFRGP01_01,crop05,BA-TOS-LS,128,20575,176,0.4513422818791946,12105,12286,26639,2.168240273482012,1.168240273482012,7.85349119889558,0,0
EFRGP01_01,crop05,BA-TOS-LS,128,20577,181,0.84858662188637,12128,12344,14076,1.1403110823071938,0.14031108230719377,0.11355773517997984,1,1
EFRGP01_01,crop05,BA-TOS-LS,128,20578,180,0.8446077072359301,12186,12287,14327,1.1660291364857167,0.1660291364857166,0.23551952964410888,1,1
EFRGP01_01,crop05,BA-TOS-LS,128,20603,186,0.5758828841674984,12116,12267,20888,1.702779815765876,0.7027798157658759,6.615551885245352,1,0
EFRGP01_01,crop05,BA-TOS-LS,128,20607,190,0.8304002174356186,12221,12389,14549,1.1743482121236581,0.1743482121236581,0.37525357893841815,1,1
EFRGP01_01,crop05,BA-TOS-LS,128,20611,188,0.7813520985172154,12436,12592,15760,1.2515883100381195,0.25158831003811943,1.0536359309574566,1,1
EFRGP01_01,crop05,BA-TOS-LS,128,20616,185,0.5433914226767921,12379,12575,22585,1.796023856858847,0.7960238568588469,5.73260272207877,1,0
EFRGP01_01,crop05,BA-TOS-LS,128,20620,187,0.531681541672217,11974,12283,22212,1.8083530082227468,0.8083530082227469,5.609077857195858,1,0
EFRGP01_01,crop05,BA-TOS-LS,128,20635,192,0.4600097674593336,12245,12372,26492,2.141286776592305,1.1412867765923052,7.204540913679921,0,0
EFRGP01_01,crop05,BA-TOS-LS,128,22165,92,0.8498260264439805,12212,12436,14146,1.1375040205853972,0.13750402058539724,0.11831345138378035,1,1
EFRGP01_01,crop05,BA-TOS-LS,128,22175,98,0.8471636841014303,12261,12428,14306,1.1511103958802704,0.15111039588027037,0.21985281956825703,1,1
EFRGP01_01,crop05,BA-TOS-LS,128,22176,93,0.8493761762040845,12186,12410,14123,1.1380338436744561,0.1380338436744561,0.17180803188245203,1,1
EFRGP01_01,crop05,BA-TOS-LS,128,22186,97,0.7169777777777778,12099,12313,16661,1.3531227158287988,0.35312271582879884,2.3036524292115006,1,0
EFRGP01_01,crop05,BA-TOS-LS,128,22193,94,0.8181084896148417,12171,12437,14611,1.174800997025006,0.17480099702500604,0.5150760562652242,1,1
EFRGP01_01,crop05,BA-TOS-LS,128,22197,99,0.8454009024644221,12178,12372,14211,1.1486420950533462,0.14864209505334627,0.11493244492237775,1,1
EFRGP01_01,crop05,BA-TOS-LS,128,22201,95,0.7153332538452367,11999,12266,16507,1.345752486548182,0.34575248654818197,2.09770251208289,1,0
EFRGP01_01,crop05,BA-TOS-LS,128,22215,101,0.7154548130703562,12152,12408,16729,1.3482430689877498,0.3482430689877498,2.261649176063046,1,0
EFRGP01_01,crop05,BA-TOS-LS,128,22220,102,0.5713547781169288,12167,12293,21169,1.722036931587082,0.722036931587082,3.900760767544583,1,0
EFRGP01_01,crop05,BA-TOS-LS,128,22228,107,0.8475305690279391,12407,12572,14474,1.1512885777919186,0.15128857779191854,0.12043681204698553,1,1
EFRGP01_01,crop05,BA-TOS-LS,128,22246,109,0.6955441252961914,12035,12169,17169,1.4108801051853068,0.41088010518530693,2.4180354763540355,1,0
EFRGP01_01,crop05,BA-TOS-LS,128,22247,112,0.7563489142436511,12330,12613,16019,1.2700388488067866,0.27003884880678664,2.3180892992782702,1,1
EFRGP01_01,crop05,BA-TOS-LS,128,22270,113,0.7009329647546648,12171,12446,17089,1.3730515828378596,0.37305158283785955,2.4114040841632325,1,0
EFRGP01_01,crop05,BA-TOS-LS,128,22278,115,0.8383636988655896,12194,12427,14312,1.1516858453367667,0.1516858453367667,0.11468992380339535,1,1
EFRGP01_01,crop05,BA-TOS-LS,128,22283,114,0.6976186296881399,11923,12097,16917,1.398445895676614,0.39844589567661404,2.561859951607886,1,0
EFRGP01_01,crop05,BA-TOS-LS,128,22288,116,0.845632946379215,12238,12450,14260,1.1453815261044176,0.14538152610441768,0.10821189994416616,1,1
EFRGP01_01,crop05,BA-TOS-LS,128,22289,119,0.8481522645179217,12210,12427,14179,1.1409833427214935,0.14098334272149352,0.1487464313817344,1,1
EFRGP01_01,crop05,BA-TOS-LS,128,22291,117,0.7787236725942742,12349,12531,15676,1.250977575612481,0.2509775756124811,1.124263126228037,1,1
EFRGP01_01,crop05,BA-TOS-LS,128,22318,120,0.8381745594713657,12177,12442,14263,1.146359106253014,0.146359106253014,0.05599382292130414,1,1
EFRGP01_00,crop06,BA-TOS-LS,271,6415,37,0.41298534240547036,12200,12363,29378,2.376284073444957,1.3762840734449566,2.9360796319865274,0,0
EFRGP01_00,crop06,BA-TOS-LS,271,6418,43,0.5233486676503776,12059,12180,22921,1.881855500821018,0.881855500821018,7.6420145330263844,1,0
EFRGP01_00,crop06,BA-TOS-LS,271,6456,57,0.8164683865793343,12216,12306,14872,1.2085161709735088,0.20851617097350886,2.437466244921387,1,1
EFRGP01_00,crop06,BA-TOS-LS,271,6460,54,0.9376810459563141,11977,12088,12662,1.047485109199206,0.04748510919920582,0.025094611691855413,1,1
EFRGP01_00,crop06,BA-TOS-LS,271,6487,72,0.9269611576542269,12171,12312,12989,1.054987004548408,0.054987004548408054,0.13109853630205645,1,1
EFRGP01_00,crop06,BA-TOS-LS,271,6545,97,0.9288868585350998,12200,12319,13015,1.0564980923776282,0.056498092377628054,0.11908300354528087,1,1
EFRGP01_00,crop06,BA-TOS-LS,271,6552,98,0.8102714209686003,12180,12288,14924,1.2145182291666667,0.21451822916666666,3.111239383697249,1,1
EFRGP01_00,crop06,BA-TOS-LS,271,6600,117,0.51075449504285,12158,12231,23731,1.9402338320660617,0.9402338320660616,9.672800821265668,1,0
EFRGP01_00,crop06,BA-TOS-LS,271,6613,125,0.6731537206817031,11968,12084,17663,1.4616848725587555,0.4616848725587554,5.417734455790048,1,0
EFRGP01_00,crop06,BA-TOS-LS,271,6643,133,0.6951711420998041,12064,12161,17257,1.419044486473152,0.4190444864731519,5.993246779138099,1,0
EFRGP01_00,crop06,BA-TOS-LS,271,6650,136,0.8711222301644032,12187,12332,13845,1.122688939344794,0.12268893934479404,1.4446590732485456,1,1
EFRGP01_00,crop06,BA-TOS-LS,271,6671,144,0.5778934911242604,12208,12273,21060,1.7159618675140553,0.7159618675140552,6.994767852018773,1,0
EFRGP01_00,crop06,BA-TOS-LS,271,6678,151,0.9204197303921569,12017,12199,12874,1.055332404295434,0.055332404295434054,0.05070038862656575,1,1
EFRGP01_00,crop06,BA-TOS-LS,271,6684,155,0.8088039424613745,12145,12213,14948,1.2239417014656513,0.22394170146565134,1.8338169583610429,1,1
EFRGP01_00,crop06,BA-TOS-LS,271,6720,170,0.9313298157069664,12179,12279,12977,1.0568450199527648,0.056845019952764884,0.0778543226103497,1,1
EFRGP01_00,crop06,BA-TOS-LS,271,6752,181,0.9386019177234767,12138,12226,12844,1.0505480124325208,0.050548012432520856,0.09016573548067947,1,1
EFRGP01_00,crop06,BA-TOS-LS,271,6769,190,0.9255099702039881,12114,12272,12931,1.0536994784876141,0.05369947848761408,0.10054343413676094,1,1
EFRGP01_00,crop06,BA-TOS-LS,271,6815,216,0.9331108751706355,12304,12407,13083,1.054485371161441,0.05448537116144112,0.04575421034685292,1,1
EFRGP01_00,crop06,BA-TOS-LS,271,6833,223,0.6587275869518254,12197,12274,18439,1.5022812449079355,0.5022812449079355,6.142048378161037,1,0
EFRGP01_00,crop06,BA-TOS-LS,271,6858,234,0.9336102777136703,12136,12253,12882,1.051334367093773,0.051334367093772953,0.07975092634677905,1,1
EFRGP01_00,crop06,BA-TOS-LS,271,6878,242,0.940641752777562,12107,12292,12686,1.0320533680442565,0.032053368044256424,0.06988976634285911,1,1
EFRGP01_00,crop06,BA-TOS-LS,271,6928,265,0.9304862124587142,12114,12268,12865,1.0486631887838278,0.048663188783827846,0.10652331656403198,1,1
EFRGP01_00,crop06,BA-TOS-LS,271,6950,273,0.5507097580573163,12337,12362,22377,1.8101439896456883,0.8101439896456883,7.496893777710347,1,0
EFRGP01_00,crop06,BA-TOS-LS,271,6954,274,0.4746066365477489,12186,12259,25603,2.0885064034586835,1.0885064034586833,9.44521340842087,0,0
EFRGP01_00,crop06,BA-TOS-LS,271,6960,275,0.9328283987453141,12193,12248,13016,1.062704114957544,0.06270411495754409,0.05205725084139133,1,1
EFRGP01_00,crop06,BA-TOS-LS,271,6991,291,0.5802640390318569,12131,12241,20796,1.698880810391308,0.6988808103913079,9.211818950368393,1,0
EFRGP01_00,crop06,BA-TOS-LS,271,7009,305,0.938069498069498,12148,12291,12807,1.0419819380034172,0.04198193800341713,0.10517056237699147,1,1
EFRGP01_00,crop06,BA-TOS-LS,271,7023,309,0.5973849219851262,12290,12362,20501,1.6583886102572398,0.6583886102572399,5.758801036095186,1,0
EFRGP01_00,crop06,BA-TOS-LS,271,7025,306,0.6591629506259066,12269,12385,18497,1.493500201857085,0.4935002018570852,7.747709501673366,1,0
EFRGP01_00,crop06,BA-TOS-LS,271,7038,312,0.7929863514660745,12143,12228,15228,1.2453385672227675,0.24533856722276742,2.011040127548017,1,1
EFRGP01_00,crop06,BA-TOS-LS,271,7042,318,0.9212250495200366,12092,12296,12922,1.050910865322056,0.05091086532205595,0.04091275165464313,1,1
EFRGP01_00,crop06,BA-TOS-LS,271,7095,336,0.6492605050990443,12160,12247,18642,1.5221686943741324,0.5221686943741325,5.8102519119341975,1,0
EFRGP01_00,crop06,BA-TOS-LS,271,7099,339,0.938182095703274,12293,12383,13013,1.0508762012436406,0.05087620124364047,0.0816858623528487,1,1
EFRGP01_00,crop06,BA-TOS-LS,271,7129,355,0.6803841643866213,12185,12299,17795,1.4468655988291732,0.4468655988291731,3.4008374920422764,1,0
EFRGP01_00,crop06,BA-TOS-LS,271,7134,359,0.7790154279495551,12169,12211,15579,1.275816886413889,0.27581688641388913,2.1730692795587725,1,1
EFRGP01_00,crop06,BA-TOS-LS,271,7694,71,0.9360243123198005,12012,12165,12680,1.042334566378956,0.04233456637895602,0.03800377544525771,1,1
EFRGP01_00,crop06,BA-TOS-LS,271,10224,19,0.6715184678522572,12272,12343,18204,1.474844041156931,0.4748440411569311,2.6373621199182455,1,0
EFRGP01_00,crop06,BA-TOS-LS,271,10230,23,0.8141486005772199,12130,12261,14768,1.204469455998695,0.20446945599869504,2.172347716617009,1,1
EFRGP01_00,crop06,BA-TOS-LS,271,10241,38,0.7076528231451237,12132,12253,17023,1.389292418183302,0.38929241818330207,3.8608516745009496,1,0
EFRGP01_00,crop06,BA-TOS-LS,271,10242,30,0.7077564733823785,12218,12337,17144,1.3896409175650482,0.3896409175650482,2.1482759585445685,1,0
EFRGP01_00,crop06,BA-TOS-LS,271,10243,32,0.8668946843380362,12166,12279,13921,1.1337242446453295,0.13372424464532942,1.436978752918477,1,1
EFRGP01_00,crop06,BA-TOS-LS,271,10248,36,0.8837761935623245,12273,12330,13830,1.121654501216545,0.12165450121654502,1.2375903888888036,1,1
EFRGP01_00,crop06,BA-TOS-LS,271,10250,29,0.7095637879410556,12086,12243,16876,1.3784203218165483,0.3784203218165482,3.3509667457433028,1,0
EFRGP01_00,crop06,BA-TOS-LS,271,10255,41,0.8413190141814677,12221,12389,14358,1.1589313100330938,0.15893131003309388,2.009105952603583,1,1
EFRGP01_00,crop06,BA-TOS-LS,271,10256,35,0.634103569218073,12294,12365,19317,1.5622321067529317,0.5622321067529317,3.3053194232852654,1,0
EFRGP01_00,crop06,BA-TOS-LS,271,10268,40,0.6076869112046502,12127,12220,19863,1.6254500818330606,0.6254500818330606,7.850090512535821,1,0
EFRGP01_00,crop06,BA-TOS-LS,271,10270,42,0.7478207489257213,12182,12274,16198,1.3197001792406713,0.31970017924067134,4.082194125370462,1,0
EFRGP01_00,crop06,BA-TOS-LS,271,10271,45,0.6912144702842378,12305,12398,17709,1.428375544442652,0.428375544442652,5.263024657549174,1,0
EFRGP01_00,crop06,BA-TOS-LS,271,10280,46,0.6823338735818476,12209,12351,17751,1.4372115618168568,0.43721156181685694,5.481888975177939,1,0
EFRGP01_00,crop06,BA-TOS-LS,271,10283,44,0.7403570775699226,12150,12223,16338,1.336660394338542,0.3366603943385421,4.2245781687773585,1,0
EFRGP01_00,crop06,BA-TOS-LS,271,10289,50,0.9275674014901298,12076,12184,12911,1.0596684175968483,0.05966841759684833,0.1495791951491973,1,1
EFRGP01_00,crop06,BA-TOS-LS,271,10296,52,0.9234893160756682,12058,12231,12884,1.0533889297686208,0.05338892976862072,0.0785336948506364,1,1
EFRGP01_00,crop06,BA-TOS-LS,271,10297,56,0.7994082840236686,12159,12276,15093,1.2294721407624634,0.22947214076246333,1.82153127647956,1,1
EFRGP01_00,crop06,BA-TOS-LS,271,10299,53,0.9307059998463547,12115,12217,12915,1.0571335024965212,0.05713350249652124,0.0410391335475413,1,1
EFRGP01_00,crop06,BA-TOS-LS,271,10313,58,0.9285439285439285,12059,12237,12809,1.0467434828797908,0.0467434828797908,0.05791029429864077,1,1
EFRGP01_00,crop06,BA-TOS-LS,271,10317,59,0.9322124980807616,12143,12281,12888,1.0494259425128247,0.049425942512824686,0.02476826757206896,1,1
EFRGP01_00,crop06,BA-TOS-LS,271,10318,65,0.930506926472827,12225,12345,13018,1.0545159983799108,0.0545159983799109,0.07899296752847854,1,1
EFRGP01_00,crop06,BA-TOS-LS,271,10319,62,0.9295289161240904,12135,12261,12929,1.0544816899111003,0.05448168991110024,0.02362857928361236,1,1
EFRGP01_00,crop06,BA-TOS-LS,271,10323,61,0.9307750759878419,12249,12335,13074,1.0599108228617755,0.05991082286177544,0.06509286107564499,1,1
EFRGP01_00,crop06,BA-TOS-LS,271,10324,60,0.7925324675324675,12205,12289,15316,1.2463178452274393,0.24631784522743919,1.9297152487107283,1,1
EFRGP01_00,crop06,BA-TOS-LS,271,10326,67,0.6628602208456773,12306,12429,18442,1.4837879153592406,0.4837879153592405,3.6610321782026944,1,0
EFRGP01_00,crop06,BA-TOS-LS,271,10333,66,0.9324313995261025,12199,12245,13037,1.0646794610044916,0.06467946100449162,0.10259080167814204,1,1
EFRGP01_00,crop06,BA-TOS-LS,271,10343,73,0.9233152009670595,12221,12293,13164,1.070853331164077,0.07085333116407712,0.02696842442166237,1,1
EFRGP01_00,crop06,BA-TOS-LS,271,10346,75,0.8081746400371574,12180,12376,14875,1.2019230769230769,0.20192307692307693,1.8861371904256288,1,1
EFRGP01_00,crop06,BA-TOS-LS,271,10350,78,0.9339586376566464,12148,12222,12933,1.0581737849779087,0.05817378497790869,0.05955814736610378,1,1
EFRGP01_00,crop06,BA-TOS-LS,271,10351,79,0.93165550681136,12105,12238,12860,1.0508252982513482,0.05082529825134826,0.07475777247807608,1,1
EFRGP01_00,crop06,BA-TOS-LS,271,10353,80,0.9334205665024631,12127,12322,12797,1.038548936860899,0.038548936860899205,0.04110095937426488,1,1
EFRGP01_00,crop06,BA-TOS-LS,271,10367,83,0.934760147601476,12666,12778,13438,1.051651275629989,0.051651275629989044,0.042539976148399106,1,1
EFRGP01_00,crop06,BA-TOS-LS,271,10369,87,0.9338184603600154,12191,12271,12975,1.0573710374052645,0.05737103740526445,0.09765187707260072,1,1
EFRGP01_00,crop06,BA-TOS-LS,271,10371,85,0.6743647687813482,12235,12365,18013,1.4567731500202183,0.45677315002021834,5.210565033631387,1,0
EFRGP01_00,crop06,BA-TOS-LS,271,10378,84,0.940365551425031,12142,12204,12850,1.0529334644378892,0.05293346443788922,0.05568702949522705,1,1
EFRGP01_00,crop06,BA-TOS-LS,271,10382,86,0.9349030470914127,12150,12241,12905,1.0542439343190915,0.05424393431909158,0.0585797535401575,1,1
EFRGP01_00,crop06,BA-TOS-LS,271,10384,89,0.934359053657028,12085,12191,12828,1.0522516610614387,0.05225166106143877,0.09665645497537668,1,1
EFRGP01_00,crop06,BA-TOS-LS,271,10388,91,0.9369640787949015,12129,12219,12855,1.0520500859317456,0.05205008593174564,0.10797660940976264,1,1
EFRGP01_00,crop06,BA-TOS-LS,271,10393,94,0.9194625835022142,12250,12439,13134,1.0558726585738403,0.05587265857384034,0.03905752346831034,1,1
EFRGP01_00,crop06,BA-TOS-LS,271,10394,88,0.9206519244012549,12032,12271,12830,1.0455545595306006,0.0455545595306006,0.1045441153891819,1,1
EFRGP01_00,crop06,BA-TOS-LS,271,10397,93,0.9409302325581396,12138,12259,12779,1.0424178154825026,0.042417815482502653,0.04442315513512718,1,1
EFRGP01_00,crop06,BA-TOS-LS,271,10399,100,0.9330435445740868,12235,12339,13009,1.0542993759623958,0.05429937596239565,0.08461882546205987,1,1
EFRGP01_00,crop06,BA-TOS-LS,271,10409,101,0.9273904761904762,12172,12273,13024,1.0611912327874196,0.06119123278741954,0.10700027855004195,1,1
EFRGP01_00,crop06,BA-TOS-LS,271,10410,95,0.9217689668318719,12089,12280,12924,1.052442996742671,0.05244299674267101,0.17754574366828596,1,1
EFRGP01_00,crop06,BA-TOS-LS,271,10416,105,0.8389772881816946,12338,12445,14599,1.1730815588589796,0.17308155885897952,2.0255030449353537,1,1
EFRGP01_00,crop06,BA-TOS-LS,271,10427,108,0.9246196403872753,12033,12197,12850,1.0535377551857015,0.053537755185701405,0.10866765833061105,1,1
EFRGP01_00,crop06,BA-TOS-LS,271,10436,109,0.9406350667280258,12264,12351,12951,1.0485790624240952,0.048579062424095217,0.09141540239196441,1,1
EFRGP01_00,crop06,BA-TOS-LS,271,10438,110,0.7916639699695812,12232,12308,15375,1.2491875203119922,0.2491875203119922,2.0385254481642927,1,1
EFRGP01_00,crop06,BA-TOS-LS,271,10439,118,0.9203949867071781,12117,12261,13021,1.0619851561862816,0.061985156186281705,0.07139157739815911,1,1
EFRGP01_00,crop06,BA-TOS-LS,271,10443,112,0.7916774695359088,12214,12294,15348,1.248413860419717,0.24841386041971694,1.9169172614765058,1,1
EFRGP01_00,crop06,BA-TOS-LS,271,10444,113,0.931018833673701,12309,12421,13109,1.0553900652121406,0.05539006521214073,0.08177801509046718,1,1
EFRGP01_00,crop06,BA-TOS-LS,271,10450,121,0.9338167938931298,12233,12304,13029,1.0589239271781534,0.058923927178153444,0.056572535306014415,1,1
EFRGP01_00,crop06,BA-TOS-LS,271,10451,114,0.6342057212416312,12504,12644,19576,1.548244226510598,0.5482442265105979,4.611362781916735,1,0
EFRGP01_00,crop06,BA-TOS-LS,271,10454,116,0.9309090909090909,12288,12377,13111,1.0593035469015109,0.059303546901510865,0.03189208206326729,1,1
EFRGP01_00,crop06,BA-TOS-LS,271,10459,122,0.9268996960486322,12198,12335,13023,1.055776246453182,0.055776246453182,0.10263453856778722,1,1
EFRGP01_00,crop06,BA-TOS-LS,271,10464,127,0.9399595582516721,12086,12192,12752,1.0459317585301837,0.045931758530183726,0.06913754481311092,1,1
EFRGP01_00,crop06,BA-TOS-LS,271,10469,124,0.9285442508180504,12202,12316,13027,1.057729782396882,0.057729782396882104,0.038384277304242945,1,1
EFRGP01_00,crop06,BA-TOS-LS,271,10470,123,0.9358706583120601,12098,12196,12829,1.0519022630370614,0.05190226303706133,0.08226655671611459,1,1
EFRGP01_00,crop06,BA-TOS-LS,271,10478,131,0.59781346749226,12358,12415,20615,1.6604913411196134,0.6604913411196134,6.013961075076791,1,0
EFRGP01_00,crop06,BA-TOS-LS,271,10481,126,0.933988332821615,12168,12297,12899,1.0489550296820362,0.04895502968203627,0.05611194429122948,1,1
EFRGP01_00,crop06,BA-TOS-LS,271,10491,130,0.9326930406280967,12236,12342,13013,1.054367201426025,0.054367201426024955,0.03611404720602648,1,1
EFRGP01_00,crop06,BA-TOS-LS,271,10499,132,0.9274181379206278,12292,12394,13152,1.0611586251411973,0.061158625141197354,0.033301008888769766,1,1
EFRGP01_00,crop06,BA-TOS-LS,271,10501,135,0.9294539353264185,12187,12357,12942,1.0473415877640204,0.04734158776402039,0.06531725228621388,1,1
EFRGP01_00,crop06,BA-TOS-LS,271,10510,140,0.7650823237030133,12314,12369,16040,1.296790363004285,0.2967903630042849,2.359597471777489,1,1
EFRGP01_00,crop06,BA-TOS-LS,271,10512,137,0.9385388480865868,12140,12259,12816,1.045436006199527,0.045436006199526875,0.06438818353453085,1,1
EFRGP01_00,crop06,BA-TOS-LS,271,10519,139,0.9343199328705469,12248,12344,13013,1.0541963707064161,0.05419637070641607,0.060566957416296176,1,1
EFRGP01_00,crop06,BA-TOS-LS,271,10525,142,0.9335282351130944,12134,12217,12915,1.0571335024965212,0.05713350249652124,0.02941741233736005,1,1
EFRGP01_00,crop06,BA-TOS-LS,271,10527,172,0.3534205566027276,6375,12328,12085,0.9802887735236859,0.01971122647631408,10.489770985629196,0,0
EFRGP01_00,crop06,BA-TOS-LS,271,10531,147,0.9313282074476105,12355,12449,13172,1.0580769539722066,0.0580769539722066,0.05866497291235371,1,1
EFRGP01_00,crop06,BA-TOS-LS,271,10533,149,0.9324126224828331,12085,12271,12775,1.0410724472333144,0.04107244723331432,0.10398922526279819,1,1
EFRGP01_00,crop06,BA-TOS-LS,271,10534,150,0.9336474586744941,12087,12183,12850,1.05474841992941,0.05474841992940983,0.028856259477092007,1,1
EFRGP01_00,crop06,BA-TOS-LS,271,10535,145,0.9242549981139193,12251,12424,13082,1.05296200901481,0.052962009014810046,0.06211710354295253,1,1
EFRGP01_00,crop06,BA-TOS-LS,271,10536,146,0.8023049061573921,12183,12322,15046,1.2210680084401884,0.22106800844018829,1.9430081028042294,1,1
EFRGP01_00,crop06,BA-TOS-LS,271,10543,160,0.9381908765374436,12052,12157,12741,1.0480381673110142,0.04803816731101423,0.07584938155585466,1,1
EFRGP01_00,crop06,BA-TOS-LS,271,10545,156,0.8456000559166842,12098,12288,14117,1.1488444010416667,0.14884440104166666,1.693776798065193,1,1
EFRGP01_00,crop06,BA-TOS-LS,271,10552,158,0.9351446772584235,12184,12243,12970,1.0593808707016255,0.05938087070162542,0.08838324833046927,1,1
EFRGP01_00,crop06,BA-TOS-LS,271,10553,154,0.9378838529114515,12064,12161,12766,1.0497491982567224,0.04974919825672231,0.1346128450670238,1,1
EFRGP01_00,crop06,BA-TOS-LS,271,10559,159,0.9328956408886174,12220,12344,12975,1.0511179520414777,0.05111795204147764,0.09506408433600727,1,1
EFRGP01_00,crop06,BA-TOS-LS,271,10562,161,0.6619123374842284,12066,12123,18172,1.4989689020869421,0.49896890208694217,5.772280194559403,1,0
EFRGP01_00,crop06,BA-TOS-LS,271,10567,167,0.9234344049977145,12121,12273,12974,1.057117249246313,0.05711724924631305,0.13750675098242746,1,1
EFRGP01_00,crop06,BA-TOS-LS,271,10572,166,0.9329409942697847,12048,12177,12785,1.0499301962716596,0.049930196271659684,0.05218510181378133,1,1
EFRGP01_00,crop06,BA-TOS-LS,271,10576,168,0.846175032706741,12289,12396,14416,1.1629557921910294,0.16295579219102937,1.181976428855458,1,1
EFRGP01_00,crop06,BA-TOS-LS,271,10580,169,0.9356716070458602,12058,12164,12781,1.0507234462347912,0.050723446234791185,0.023455502109954365,1,1
EFRGP01_00,crop06,BA-TOS-LS,271,10584,174,0.9298580369409251,12183,12343,12942,1.048529530908207,0.04852953090820708,0.06469559078425827,1,1
EFRGP01_00,crop06,BA-TOS-LS,271,10589,176,0.9294426431990119,12040,12156,12838,1.0561039815728859,0.05610398157288582,0.050424050706341574,1,1
EFRGP01_00,crop06,BA-TOS-LS,271,10592,171,0.820855614973262,12280,12386,14854,1.1992572259002099,0.19925722590020992,1.7121671872373174,1,1
EFRGP01_00,crop06,BA-TOS-LS,271,10601,179,0.9289013401983797,12268,12438,13037,1.0481588679852065,0.048158867985206626,0.051941038040588,1,1
EFRGP01_00,crop06,BA-TOS-LS,271,10608,177,0.9397018970189702,12483,12604,13163,1.0443509996826403,0.04435099968264043,0.01855274424916747,1,1
EFRGP01_00,crop06,BA-TOS-LS,271,10613,185,0.9204579692678517,12220,12387,13109,1.0582869136998465,0.058286913699846614,0.07384290697092183,1,1
EFRGP01_00,crop06,BA-TOS-LS,271,10616,182,0.9263182132166705,12069,12249,12849,1.0489835904971834,0.04898359049718344,0.11632655713629379,1,1
EFRGP01_00,crop06,BA-TOS-LS,271,10617,183,0.9302148407740363,12210,12398,12938,1.0435554121632522,0.043555412163252136,0.023874822561383888,1,1
EFRGP01_00,crop06,BA-TOS-LS,271,10621,180,0.9334003712871287,12067,12154,12841,1.0565246009544182,0.056524600954418296,0.07834857827135927,1,1
EFRGP01_00,crop06,BA-TOS-LS,271,10625,184,0.6172100806247147,12172,12324,19569,1.587877312560857,0.5878773125608568,8.235005539633137,1,0
EFRGP01_00,crop06,BA-TOS-LS,271,10630,191,0.933225383607063,12103,12244,12828,1.0476968311009474,0.047696831100947405,0.012620787616657221,1,1
EFRGP01_00,crop06,BA-TOS-LS,271,10631,197,0.7207008586679043,12422,12533,17125,1.3663927232107236,0.3663927232107237,1.7783563006553857,1,0
EFRGP01_00,crop06,BA-TOS-LS,271,10632,188,0.7983414505725944,12130,12250,15074,1.230530612244898,0.23053061224489796,1.9731196566657978,1,1
EFRGP01_00,crop06,BA-TOS-LS,271,10636,196,0.9389301175015461,12146,12227,12855,1.0513617404105668,0.05136174041056678,0.06489285942993235,1,1
EFRGP01_00,crop06,BA-TOS-LS,271,10637,193,0.9257474207395135,12293,12418,13154,1.0592688033499758,0.05926880334997584,0.04547735095418435,1,1
EFRGP01_00,crop06,BA-TOS-LS,271,10646,199,0.6999016829564514,12102,12163,17230,1.4165913014881197,0.4165913014881197,5.87427242605504,1,0
EFRGP01_00,crop06,BA-TOS-LS,271,10653,200,0.9368461836497481,12090,12195,12800,1.049610496104961,0.04961049610496105,0.032764914028852135,1,1
EFRGP01_00,crop06,BA-TOS-LS,271,10658,207,0.9258559443730633,12250,12413,13068,1.0527672601305083,0.05276726013050834,0.024341529239334237,1,1
EFRGP01_00,crop06,BA-TOS-LS,271,10674,208,0.9286645700698013,12107,12256,12888,1.0515665796344646,0.05156657963446475,0.016239995499665795,1,1
EFRGP01_00,crop06,BA-TOS-LS,271,10675,212,0.6301465110504098,12688,12797,20026,1.5648980229741345,0.5648980229741346,3.9138998851119777,1,0
EFRGP01_00,crop06,BA-TOS-LS,271,10681,215,0.9279471004028274,12209,12390,12976,1.0472962066182405,0.047296206618240515,0.06727384624179288,1,1
EFRGP01_00,crop06,BA-TOS-LS,271,10688,211,0.9394453004622496,12194,12265,12909,1.052507134121484,0.052507134121483896,0.039311735506074974,1,1
EFRGP01_00,crop06,BA-TOS-LS,271,10693,218,0.9261001517450683,12206,12337,13049,1.0577125719380724,0.057712571938072464,0.08025813324014165,1,1
EFRGP01_00,crop06,BA-TOS-LS,271,10694,214,0.9303672101173244,12212,12331,13007,1.0548211823858569,0.05482118238585679,0.09878442136320272,1,1
EFRGP01_00,crop06,BA-TOS-LS,271,10695,226,0.9316854954886647,12288,12477,13000,1.0419171275146268,0.041917127514626916,0.0856013975585941,1,1
EFRGP01_00,crop06,BA-TOS-LS,271,10698,219,0.9250380517503806,12155,12286,13009,1.0588474686635194,0.058847468663519455,0.15962649843851623,1,1
EFRGP01_00,crop06,BA-TOS-LS,271,10700,221,0.8499171956941761,12317,12365,14444,1.1681358673675697,0.16813586736756975,1.4410277965706628,1,1
EFRGP01_00,crop06,BA-TOS-LS,271,10708,235,0.7639317929074508,12365,12433,16118,1.2963886431271616,0.29638864312716157,2.017645489604365,1,1
EFRGP01_00,crop06,BA-TOS-LS,271,10710,220,0.9315467075038285,12166,12292,12934,1.0522290920924178,0.052229092092417835,0.05239946685242401,1,1
EFRGP01_00,crop06,BA-TOS-LS,271,10711,224,0.9248706663578102,11978,12159,12770,1.050250842996957,0.050250842996956986,0.08610603230116641,1,1
EFRGP01_00,crop06,BA-TOS-LS,271,10715,231,0.9328735632183908,12174,12277,12947,1.0545735928972877,0.05457359289728761,0.07653625375459616,1,1
EFRGP01_00,crop06,BA-TOS-LS,271,10716,225,0.8087341437632135,12241,12326,15051,1.22107739737141,0.22107739737141002,1.8919860088750104,1,1
EFRGP01_00,crop06,BA-TOS-LS,271,10721,232,0.9397581020313227,12121,12194,12825,1.0517467607019846,0.051746760701984584,0.06217643440283388,1,1
EFRGP01_00,crop06,BA-TOS-LS,271,10724,237,0.779965915546298,12357,12403,15797,1.273643473353221,0.273643473353221,1.6704313876071106,1,1
EFRGP01_00,crop06,BA-TOS-LS,271,10732,233,0.9324025329976349,12221,12347,12981,1.051348505709889,0.05134850570988904,0.049219496860125035,1,1
EFRGP01_00,crop06,BA-TOS-LS,271,10735,239,0.9231060606060606,12185,12390,12995,1.0488297013720742,0.048829701372074256,0.08698485517837973,1,1
EFRGP01_00,crop06,BA-TOS-LS,271,10740,238,0.9214639725505147,12085,12277,12923,1.0526187179278326,0.052618717927832535,0.10088856452602711,1,1
EFRGP01_00,crop06,BA-TOS-LS,271,10747,240,0.9323406881654066,12085,12161,12886,1.0596168078283037,0.05961680782830359,0.04434455200279464,1,1
EFRGP01_00,crop06,BA-TOS-LS,271,10762,245,0.9321600248100481,12023,12158,12763,1.0497614739266328,0.04976147392663267,0.06315058982904045,1,1
EFRGP01_00,crop06,BA-TOS-LS,271,10769,243,0.6422363540010598,12119,12205,18784,1.539041376485047,0.5390413764850471,5.5683009699872015,1,0
EFRGP01_00,crop06,BA-TOS-LS,271,10775,246,0.8045961917268549,12254,12302,15182,1.2341082750772232,0.2341082750772232,1.952129226629121,1,1
EFRGP01_00,crop06,BA-TOS-LS,271,10780,248,0.9272079987880624,12241,12380,13063,1.0551696284329564,0.055169628432956384,0.06277328430374166,1,1
EFRGP01_00,crop06,BA-TOS-LS,271,10782,247,0.9330353761078706,12317,12439,13079,1.05145108127663,0.05145108127662995,0.06373390199357487,1,1
EFRGP01_00,crop06,BA-TOS-LS,271,10785,250,0.9322657267642326,12167,12308,12910,1.0489112772180695,0.04891127721806955,0.07549500174504967,1,1
EFRGP01_00,crop06,BA-TOS-LS,271,10787,257,0.9325200152497141,12230,12330,13015,1.0555555555555556,0.05555555555555555,0.12082209996183489,1,1
EFRGP01_00,crop06,BA-TOS-LS,271,10788,252,0.5828961175236097,12221,12336,20851,1.6902561608300908,0.6902561608300908,8.288551053951238,1,0
EFRGP01_00,crop06,BA-TOS-LS,271,10793,253,0.9284204167925099,12296,12490,13050,1.044835868694956,0.04483586869495596,0.04441671428372589,1,1
EFRGP01_00,crop06,BA-TOS-LS,271,10795,251,0.9234586466165413,12282,12358,13224,1.0700760640880402,0.07007606408804014,0.40088761173853255,1,1
EFRGP01_00,crop06,BA-TOS-LS,271,10799,254,0.9174208990949211,12265,12447,13187,1.059452076805656,0.05945207680565598,0.10532151079174906,1,1
EFRGP01_00,crop06,BA-TOS-LS,271,10804,260,0.9284631706577751,12252,12362,13086,1.058566574987866,0.05856657498786604,0.10094127778953235,1,1
EFRGP01_00,crop06,BA-TOS-LS,271,10810,261,0.9325414953555657,12248,12383,12999,1.0497456189937817,0.0497456189937818,0.04992688199213764,1,1
EFRGP01_00,crop06,BA-TOS-LS,271,10813,270,0.9287354562155542,12133,12279,12918,1.0520400684094795,0.0520400684094796,0.0791557569442596,1,1
EFRGP01_00,crop06,BA-TOS-LS,271,10814,262,0.9294478527607362,12120,12234,12926,1.056563675004087,0.05656367500408697,0.05518977602770023,1,1
EFRGP01_00,crop06,BA-TOS-LS,271,10815,258,0.9360438556418456,12294,12364,13064,1.0566159818828857,0.056615981882885795,0.08614374134332596,1,1
EFRGP01_00,crop06,BA-TOS-LS,271,10819,267,0.7703680981595092,12557,12657,16200,1.2799241526428065,0.27992415264280635,1.8284950199332366,1,1
EFRGP01_00,crop06,BA-TOS-LS,271,10826,271,0.7874474888707756,12559,12645,15863,1.2544879398971926,0.25448793989719254,1.8500633204922126,1,1
EFRGP01_00,crop06,BA-TOS-LS,271,10827,272,0.8959421154706848,12011,12187,13230,1.0855829982768523,0.08558299827685238,0.7108807467744834,1,1
EFRGP01_00,crop06,BA-TOS-LS,271,10840,279,0.9238052299368801,12294,12460,13142,1.0547351524879616,0.05473515248796148,0.1058433273728754,1,1
EFRGP01_00,crop06,BA-TOS-LS,271,10841,277,0.9195333082423787,12216,12361,13140,1.063020791198123,0.06302079119812314,0.14423290127560404,1,1
EFRGP01_00,crop06,BA-TOS-LS,271,10842,280,0.93484507261008,12038,12150,12765,1.0506172839506174,0.050617283950617285,0.08565371985251294,1,1
EFRGP01_00,crop06,BA-TOS-LS,271,10846,281,0.6023766905330151,12115,12274,19953,1.6256314160013037,0.6256314160013036,6.3583559587215115,1,0
EFRGP01_00,crop06,BA-TOS-LS,271,10860,283,0.6159583521049207,12305,12411,19871,1.6010796873741036,0.6010796873741037,6.171009880360733,1,0
EFRGP01_00,crop06,BA-TOS-LS,271,10871,285,0.9272807404142794,12624,12731,13507,1.0609535778807635,0.06095357788076349,0.09435582553512036,1,1
EFRGP01_00,crop06,BA-TOS-LS,271,10872,282,0.9282527881040892,12485,12593,13342,1.0594774874930517,0.05947748749305169,0.06025510309976367,1,1
EFRGP01_00,crop06,BA-TOS-LS,271,10873,289,0.933373758811491,12314,12410,13097,1.05535858178888,0.05535858178887994,0.08832864013797331,1,1
EFRGP01_00,crop06,BA-TOS-LS,271,10874,299,0.935113031401898,12120,12210,12871,1.054135954135954,0.05413595413595414,0.037041956892548446,1,1
EFRGP01_00,crop06,BA-TOS-LS,271,10883,286,0.9311643319777075,12364,12467,13175,1.0567899254030642,0.05678992540306409,0.11590421494448774,1,1
EFRGP01_00,crop06,BA-TOS-LS,271,10884,290,0.9377632194665418,12024,12208,12638,1.0352228047182175,0.035222804718217565,0.05797739808929008,1,1
EFRGP01_00,crop06,BA-TOS-LS,271,10886,301,0.9265793528505393,12027,12206,12801,1.0487465181058495,0.04874651810584958,0.10449635329922162,1,1
EFRGP01_00,crop06,BA-TOS-LS,271,10891,288,0.9308224442736357,12110,12214,12906,1.056656296053709,0.05665629605370886,0.05403009722937748,1,1
EFRGP01_00,crop06,BA-TOS-LS,271,10892,294,0.8165070497472732,12277,12368,14945,1.2083602846054333,0.20836028460543338,1.8144602987710923,1,1
EFRGP01_00,crop06,BA-TOS-LS,271,10893,293,0.9343783617642539,12160,12327,12847,1.0421838241259025,0.04218382412590249,0.0710065410717686,1,1
EFRGP01_00,crop06,BA-TOS-LS,271,10894,298,0.9261744966442953,12144,12283,12973,1.0561752014980055,0.056175201498005374,0.056347201287728514,1,1
EFRGP01_00,crop06,BA-TOS-LS,271,10895,295,0.8054531085353003,12230,12337,15077,1.222096133581908,0.22209613358190808,1.8822489539864404,1,1
EFRGP01_00,crop06,BA-TOS-LS,271,10900,303,0.9326658514215836,12203,12295,12992,1.0566897112647418,0.05668971126474177,0.10843441595569042,1,1
EFRGP01_00,crop06,BA-TOS-LS,271,10903,307,0.8803785948307244,12092,12226,13601,1.11246523801734,0.1124652380173401,1.0740628330676965,1,1
EFRGP01_00,crop06,BA-TOS-LS,271,10904,296,0.931296549627603,12254,12353,13059,1.057152108799482,0.057152108799481904,0.04826294070089676,1,1
EFRGP01_00,crop06,BA-TOS-LS,271,10905,300,0.784323737792813,12288,12408,15547,1.2529819471308834,0.2529819471308833,3.5611294567041014,1,1
EFRGP01_00,crop06,BA-TOS-LS,271,10910,302,0.9242957746478874,12075,12214,12925,1.05821188799738,0.05821188799738006,0.07532960656694095,1,1
EFRGP01_00,crop06,BA-TOS-LS,271,10919,313,0.7461965276534813,12507,12560,16708,1.3302547770700637,0.3302547770700637,1.411508782046607,1,0
EFRGP01_00,crop06,BA-TOS-LS,271,10926,315,0.9365509761388287,12089,12181,12816,1.0521303669649453,0.052130366964945406,0.11129963978278123,1,1
EFRGP01_00,crop06,BA-TOS-LS,271,10938,314,0.9243058197033093,12150,12276,13019,1.0605246008471816,0.06052460084718149,0.044263654245642804,1,1
EFRGP01_00,crop06,BA-TOS-LS,271,10960,322,0.7715509098923241,12253,12327,15807,1.2823071306887321,0.28230713068873203,1.8489531609627397,1,1
EFRGP01_00,crop06,BA-TOS-LS,271,10962,321,0.9376212274032121,12085,12244,12730,1.0396929108134596,0.03969291081345965,0.05376231103409863,1,1
EFRGP01_00,crop06,BA-TOS-LS,271,10963,323,0.922906985602194,12115,12278,12964,1.055872291904219,0.055872291904218926,0.05730150124998441,1,1
EFRGP01_00,crop06,BA-TOS-LS,271,10964,330,0.9380524112265467,12099,12229,12768,1.0440755580995993,0.044075558099599316,0.0950621037193304,1,1
EFRGP01_00,crop06,BA-TOS-LS,271,10967,324,0.9322837052889025,12198,12326,12956,1.0511114716858674,0.05111147168586727,0.10833693018999066,1,1
EFRGP01_00,crop06,BA-TOS-LS,271,10968,325,0.9245914101102243,12163,12276,13042,1.0623981753014011,0.062398175301401106,0.13303151922144688,1,1
EFRGP01_00,crop06,BA-TOS-LS,271,10975,328,0.9296428843371659,12209,12393,12949,1.0448640361494392,0.0448640361494392,0.042077972705598245,1,1
EFRGP01_00,crop06,BA-TOS-LS,271,10986,327,0.9417707851303408,12211,12284,12893,1.0495766851188537,0.04957668511885379,0.07285748738835092,1,1
EFRGP01_00,crop06,BA-TOS-LS,271,10988,334,0.9266331658291457,11986,12131,12790,1.0543236336658148,0.05432363366581486,0.09389487367285197,1,1
EFRGP01_00,crop06,BA-TOS-LS,271,10989,347,0.7925896882964125,12129,12209,15223,1.2468670652797116,0.2468670652797117,3.2373324751538877,1,1
EFRGP01_00,crop06,BA-TOS-LS,271,10990,332,0.9300121322414316,12265,12399,13054,1.052826840874264,0.05282684087426406,0.10201182061649458,1,1
EFRGP01_00,crop06,BA-TOS-LS,271,10994,333,0.7569327073552425,12092,12245,15822,1.2921192323397306,0.29211923233973053,3.730462786931584,1,1
EFRGP01_00,crop06,BA-TOS-LS,271,10995,338,0.9370316000927142,12128,12256,12815,1.045610313315927,0.045610313315926895,0.034420453882105274,1,1
EFRGP01_00,crop06,BA-TOS-LS,271,10996,340,0.36210438562539077,12162,12236,33513,2.7388852566198105,1.7388852566198103,9.42511279344666,0,0
EFRGP01_00,crop06,BA-TOS-LS,271,11009,346,0.6818332230311053,12363,12464,18031,1.4466463414634145,0.44664634146341464,3.4191740233853714,1,0
EFRGP01_00,crop06,BA-TOS-LS,271,11014,352,0.8623406388769517,12040,12190,13812,1.1330598851517637,0.13305988515176373,1.6404883244002308,1,1
EFRGP01_00,crop06,BA-TOS-LS,271,11015,358,0.9082071831403977,12239,12382,13333,1.0768050395735747,0.07680503957357454,0.5084330073576282,1,1
EFRGP01_00,crop06,BA-TOS-LS,271,11021,351,0.6293934601846656,12338,12412,19529,1.573396712858524,0.573396712858524,7.380095517124825,1,0
EFRGP01_00,crop06,BA-TOS-LS,271,11030,360,0.8180286436394272,12623,12704,15350,1.2082808564231737,0.20828085642317382,1.4356177271420631,1,1
EFRGP01_00,crop06,BA-TOS-LS,271,11702,22,0.7364725820118629,12168,12227,16463,1.3464463891387912,0.3464463891387912,1.7358704393291475,1,0
EFRGP01_00,crop06,BA-TOS-LS,271,11704,31,0.6016288597981413,12041,12107,19948,1.6476418600809448,0.6476418600809449,7.074270314445374,1,0
EFRGP01_00,crop06,BA-TOS-LS,271,11705,33,0.7699728860583895,12211,12287,15783,1.2845283633108162,0.2845283633108163,4.106355302002794,1,1
EFRGP01_00,crop06,BA-TOS-LS,271,11706,47,0.6615702704173241,12159,12206,18332,1.501884319187285,0.5018843191872849,5.841241969803423,1,0
EFRGP01_00,crop06,BA-TOS-LS,271,11707,55,0.9264828738512949,12199,12298,13068,1.0626118067978534,0.0626118067978533,0.08640749135616146,1,1
EFRGP01_00,crop06,BA-TOS-LS,271,11710,64,0.9292049047582325,12049,12229,12787,1.0456292419658189,0.045629241965818954,0.05797609729703484,1,1
EFRGP01_00,crop06,BA-TOS-LS,271,11711,76,0.9285282562707766,12290,12409,13117,1.0570553630429527,0.057055363042952695,0.10276073333035553,1,1
EFRGP01_00,crop06,BA-TOS-LS,271,11712,77,0.8065271096086335,12406,12489,15299,1.2249979982384498,0.22499799823844985,1.9653475097614321,1,1
EFRGP01_00,crop06,BA-TOS-LS,271,11715,82,0.9295140506132588,11974,12110,12746,1.0525185796862098,0.052518579686209745,0.028875200760263856,1,1
EFRGP01_00,crop06,BA-TOS-LS,271,11716,103,0.7469303816609206,12349,12402,16480,1.3288179325915175,0.3288179325915175,1.6403969929057158,1,0
EFRGP01_00,crop06,BA-TOS-LS,271,11717,99,0.6419179384274172,12156,12267,18826,1.5346865574305046,0.5346865574305046,7.225504551729431,1,0
EFRGP01_00,crop06,BA-TOS-LS,271,11718,104,0.9387041640770665,12083,12161,12794,1.0520516404900913,0.052051640490091276,0.09654656630255742,1,1
EFRGP01_00,crop06,BA-TOS-LS,271,11722,111,0.9336664104534973,12147,12207,12950,1.0608667158187925,0.060866715818792494,0.08513449504566847,1,1
EFRGP01_00,crop06,BA-TOS-LS,271,11723,120,0.9339142504626774,12111,12234,12845,1.0499427824096779,0.04994278240967795,0.04838246282206398,1,1
EFRGP01_00,crop06,BA-TOS-LS,271,11725,115,0.9299691833590139,12071,12276,12775,1.0406484196806778,0.04064841968067775,0.07768483585472834,1,1
EFRGP01_00,crop06,BA-TOS-LS,271,11726,129,0.9205253283302064,12266,12443,13148,1.0566583621313188,0.056658362131318814,0.06859572487907713,1,1
EFRGP01_00,crop06,BA-TOS-LS,271,11731,141,0.7529752914879478,12464,12565,16452,1.3093513728611221,0.3093513728611222,1.5480376151862811,1,1
EFRGP01_00,crop06,BA-TOS-LS,271,11733,152,0.9374660141381186,12068,12218,12723,1.041332460304469,0.04133246030446882,0.05850334804633641,1,1
EFRGP01_00,crop06,BA-TOS-LS,271,11734,148,0.9297326040717108,12239,12397,13006,1.049124788255223,0.04912478825522304,0.10550515795991328,1,1
EFRGP01_00,crop06,BA-TOS-LS,271,11736,153,0.9282242138842473,12221,12340,13047,1.057293354943274,0.05729335494327391,0.13089491992395105,1,1
EFRGP01_00,crop06,BA-TOS-LS,271,11738,157,0.9206063334834159,12268,12463,13131,1.0535986520099494,0.05359865200994945,0.09533153758907456,1,1
EFRGP01_00,crop06,BA-TOS-LS,271,11739,165,0.9320232451445175,12189,12263,13004,1.0604256707167903,0.06042567071679034,0.07499450819078035,1,1
EFRGP01_00,crop06,BA-TOS-LS,271,11740,175,0.9349167180752622,12124,12221,12871,1.0531871368955077,0.05318713689550773,0.03643248759587735,1,1
EFRGP01_00,crop06,BA-TOS-LS,271,11741,173,0.9324926956789175,12128,12249,12885,1.0519226059270144,0.05192260592701445,0.06406430636508574,1,1
EFRGP01_00,crop06,BA-TOS-LS,271,11744,186,0.92804942364198,12318,12409,13182,1.0622934966556532,0.062293496655653154,0.08574684427439463,1,1
EFRGP01_00,crop06,BA-TOS-LS,271,11745,187,0.927000680117887,12267,12437,13063,1.0503336817560505,0.05033368175605049,0.1525789075920587,1,1
EFRGP01_00,crop06,BA-TOS-LS,271,11747,195,0.7970748343936512,12153,12241,15159,1.2383792173842005,0.23837921738420065,1.9357881447343015,1,1
EFRGP01_00,crop06,BA-TOS-LS,271,11748,204,0.9342054930762758,12211,12303,12979,1.0549459481427295,0.05494594814272941,0.03050074900722769,1,1
EFRGP01_00,crop06,BA-TOS-LS,271,11749,198,0.928886187509497,12226,12398,12990,1.047749637038232,0.04774963703823197,0.04754102976344844,1,1
EFRGP01_00,crop06,BA-TOS-LS,271,11753,217,0.930713626576438,12103,12277,12830,1.0450435774211941,0.0450435774211941,0.06652891420011577,1,1
EFRGP01_00,crop06,BA-TOS-LS,271,11754,213,0.9348521792136544,12269,12367,13026,1.0532869733969434,0.05328697339694348,0.10618017780010214,1,1
EFRGP01_00,crop06,BA-TOS-LS,271,11755,228,0.9298367221195317,12073,12174,12883,1.058238869722359,0.05823886972235912,0.04823315252843216,1,1
EFRGP01_00,crop06,BA-TOS-LS,271,11756,229,0.9386865857454093,12064,12138,12778,1.052726973142198,0.052726973142198055,0.06377086749391805,1,1
EFRGP01_00,crop06,BA-TOS-LS,271,11758,236,0.7994080894442618,12155,12347,15013,1.2159228962501012,0.21592289625010125,1.955534384023732,1,1
EFRGP01_00,crop06,BA-TOS-LS,271,11762,244,0.9267003676470589,12099,12172,12983,1.066628327308577,0.06662832730857707,0.07364805376937963,1,1
EFRGP01_00,crop06,BA-TOS-LS,271,11763,249,0.9313448775650317,12209,12391,12927,1.04325720280849,0.04325720280849003,0.08508132729534036,1,1
EFRGP01_00,crop06,BA-TOS-LS,271,11764,256,0.9235908462601751,12027,12213,12836,1.0510112175550643,0.05101121755506428,0.05846317302262124,1,1
EFRGP01_00,crop06,BA-TOS-LS,271,11766,266,0.924512987012987,12529,12693,13388,1.0547545891436225,0.05475458914362247,0.05241180594099544,1,1
EFRGP01_00,crop06,BA-TOS-LS,271,11767,259,0.9386267740698121,12235,12369,12901,1.043010752688172,0.043010752688172046,0.06308685497795806,1,1
EFRGP01_00,crop06,BA-TOS-LS,271,11768,268,0.7670702783672451,12290,12381,15931,1.28672966642436,0.28672966642435993,1.5180081376472467,1,1
EFRGP01_00,crop06,BA-TOS-LS,271,11769,269,0.9311497834181929,12253,12372,13040,1.0539928871645652,0.05399288716456515,0.06474802342211133,1,1
EFRGP01_00,crop06,BA-TOS-LS,271,11774,284,0.9332923927228065,12158,12285,12900,1.05006105006105,0.050061050061050064,0.04732594458402649,1,1
EFRGP01_00,crop06,BA-TOS-LS,271,11776,287,0.930436106248573,12225,12344,13020,1.0547634478289047,0.05476344782890473,0.09205632688034565,1,1
EFRGP01_00,crop06,BA-TOS-LS,271,11777,297,0.9261295180722892,12299,12464,13115,1.0522304236200257,0.052230423620025675,0.06658728400453147,1,1
EFRGP01_00,crop06,BA-TOS-LS,271,11782,319,0.9311500380807312,12226,12356,13000,1.0521204273227582,0.05212042732275817,0.09045429973418968,1,1
EFRGP01_00,crop06,BA-TOS-LS,271,11783,320,0.9276696075448737,12197,12314,13031,1.0582264089654052,0.05822640896540523,0.07264566005598527,1,1
EFRGP01_00,crop06,BA-TOS-LS,271,11784,329,0.9332367959759165,12245,12374,12992,1.0499434297721029,0.049943429772102796,0.08481537388930206,1,1
EFRGP01_00,crop06,BA-TOS-LS,271,11787,345,0.8676658616280721,12215,12278,14015,1.1414725525329859,0.14147255253298582,1.6800919604417446,1,1
EFRGP01_00,crop06,BA-TOS-LS,271,11788,349,0.782111848825332,12251,12308,15607,1.2680370490737731,0.2680370490737732,3.2522476845299892,1,1
EFRGP01_00,crop06,BA-TOS-LS,271,11790,357,0.5476168942751198,12110,12159,22065,1.8147051566740686,0.8147051566740686,6.9894076198664346,1,0
EFRGP01_00,crop06,BA-TOS-LS,271,11791,344,0.7392955589586524,12069,12199,16195,1.3275678334289696,0.3275678334289696,4.521291499011941,1,0
EFRGP01_01,crop06,BA-TOS-LS,265,6415,47,0.5923311251873701,12250,12448,20483,1.6454852185089974,0.6454852185089974,8.117127021895199,1,0
EFRGP01_01,crop06,BA-TOS-LS,265,6418,52,0.846964586846543,12054,12321,13965,1.1334307280253226,0.13343072802532263,1.6671526914715695,1,1
EFRGP01_01,crop06,BA-TOS-LS,265,6456,68,0.7841648590021691,12291,12440,15525,1.2479903536977492,0.2479903536977492,3.509131430247491,1,1
EFRGP01_01,crop06,BA-TOS-LS,265,6460,65,0.9469673161533627,12053,12173,12608,1.0357348229688654,0.03573482296886552,0.03176381354006578,1,1
EFRGP01_01,crop06,BA-TOS-LS,265,6487,80,0.9373280342402935,12264,12457,12891,1.0348398490808381,0.034839849080838085,0.10905786291844709,1,1
EFRGP01_01,crop06,BA-TOS-LS,265,6545,108,0.9393731411576298,12318,12426,13005,1.046595847416707,0.04659584741670691,0.10248399504685717,1,1
EFRGP01_01,crop06,BA-TOS-LS,265,6552,103,0.936676875957121,12233,12366,12927,1.0453663270257156,0.04536632702571567,0.06629277854351869,1,1
EFRGP01_01,crop06,BA-TOS-LS,265,6600,129,0.5022950819672131,12256,12355,24301,1.9668959935248886,0.9668959935248888,10.091989377422868,1,0
EFRGP01_01,crop06,BA-TOS-LS,265,6613,138,0.6624263450630541,12029,12188,18000,1.4768624876928127,0.4768624876928126,5.8155490033106885,1,0
EFRGP01_01,crop06,BA-TOS-LS,265,6643,146,0.6887660102691417,12207,12347,17583,1.4240706244431847,0.42407062444318455,6.4404810416176375,1,0
EFRGP01_01,crop06,BA-TOS-LS,265,6650,150,0.9321401370906321,12239,12426,12943,1.0416063093513601,0.04160630935136005,0.11037525091011058,1,1
EFRGP01_01,crop06,BA-TOS-LS,265,6671,157,0.8316858681573386,12200,12359,14510,1.1740432073792377,0.1740432073792378,1.0429797452949838,1,1
EFRGP01_01,crop06,BA-TOS-LS,265,6678,164,0.9271391397520282,12114,12333,12847,1.0416768020757319,0.041676802075731774,0.10070292534330998,1,1
EFRGP01_01,crop06,BA-TOS-LS,265,6684,168,0.8122579783682735,12166,12239,14905,1.2178282539423155,0.21782825394231556,2.0314409641856868,1,1
EFRGP01_01,crop06,BA-TOS-LS,265,6720,180,0.9395823737141102,12239,12352,12913,1.0454177461139897,0.04541774611398964,0.06802831710249427,1,1
EFRGP01_01,crop06,BA-TOS-LS,265,6752,191,0.9478892840575228,12260,12344,12850,1.0409915748541803,0.04099157485418017,0.05073796306531611,1,1
EFRGP01_01,crop06,BA-TOS-LS,265,6769,201,0.9299946560806168,12182,12375,12906,1.042909090909091,0.04290909090909091,0.042416229348531134,1,1
EFRGP01_01,crop06,BA-TOS-LS,265,6815,228,0.9403052742934864,12444,12568,13110,1.0431253978357733,0.04312539783577339,0.08015026724176812,1,1
EFRGP01_01,crop06,BA-TOS-LS,265,6833,235,0.6539851222104145,12308,12388,18740,1.5127542783338714,0.5127542783338714,6.525559405836866,1,0
EFRGP01_01,crop06,BA-TOS-LS,265,6858,247,0.9387913023291805,12132,12328,12727,1.0323653471771577,0.03236534717715769,0.09459770337097749,1,1
EFRGP01_01,crop06,BA-TOS-LS,265,6878,254,0.9457280198480384,12198,12342,12754,1.0333819478204505,0.033381947820450494,0.08934066434785382,1,1
EFRGP01_01,crop06,BA-TOS-LS,265,6928,278,0.9351915841204024,12179,12359,12843,1.0391617444777086,0.03916174447770855,0.08840557493285647,1,1
EFRGP01_01,crop06,BA-TOS-LS,265,6950,286,0.6454450261780105,12328,12398,19030,1.5349249879012743,0.5349249879012744,6.257760360092248,1,0
EFRGP01_01,crop06,BA-TOS-LS,265,6954,287,0.6010286554004408,12270,12367,20318,1.6429206759925608,0.6429206759925609,8.578876949492974,1,0
EFRGP01_01,crop06,BA-TOS-LS,265,6960,288,0.9494187389329433,12332,12445,12876,1.0346323824829249,0.03463238248292487,0.04248926749546161,1,1
EFRGP01_01,crop06,BA-TOS-LS,265,6991,302,0.5640823152320342,12143,12304,21366,1.7365084525357608,0.7365084525357607,9.725553362301627,1,0
EFRGP01_01,crop06,BA-TOS-LS,265,7009,315,0.9400401792613198,12166,12358,12750,1.0317203430975885,0.03172034309758861,0.08695972221331641,1,1
EFRGP01_01,crop06,BA-TOS-LS,265,7023,321,0.9420490354315579,12257,12422,12846,1.0341329898567058,0.03413298985670585,0.0516354452593615,1,1
EFRGP01_01,crop06,BA-TOS-LS,265,7025,320,0.9059941520467836,12394,12509,13565,1.0844192181629226,0.0844192181629227,0.7374570119151705,1,1
EFRGP01_01,crop06,BA-TOS-LS,265,7038,325,0.7692905230450544,11884,12087,15245,1.261272441466038,0.2612724414660379,2.416798050638118,1,1
EFRGP01_01,crop06,BA-TOS-LS,265,7042,331,0.7802957557134627,12189,12418,15392,1.2394910613625383,0.23949106136253825,3.13466679720905,1,1
EFRGP01_01,crop06,BA-TOS-LS,265,7095,352,0.6254020113328909,12251,12399,19441,1.5679490281474313,0.5679490281474312,6.4805815743231,1,0
EFRGP01_01,crop06,BA-TOS-LS,265,7694,83,0.9382648686569491,12037,12197,12669,1.0386980405017627,0.03869804050176273,0.07164699773070833,1,1
EFRGP01_01,crop06,BA-TOS-LS,265,10208,22,0.8372108797395375,12343,12471,14615,1.1719188517360275,0.17191885173602758,1.5681258959489623,1,1
EFRGP01_01,crop06,BA-TOS-LS,265,10210,20,0.8487429877415333,12255,12413,14281,1.1504873922500605,0.15048739225006041,1.3698327825311951,1,1
EFRGP01_01,crop06,BA-TOS-LS,265,10211,30,0.6022254475084664,12448,12537,20581,1.6416208024248224,0.6416208024248226,7.875341775982172,1,0
EFRGP01_01,crop06,BA-TOS-LS,265,10216,35,0.4939749092109607,11970,12105,24097,1.990665014456836,0.990665014456836,7.573739175162969,0,0
EFRGP01_01,crop06,BA-TOS-LS,265,10217,36,0.7239443209732133,12378,12481,16995,1.3616697380017626,0.36166973800176266,4.220009762448017,1,0
EFRGP01_01,crop06,BA-TOS-LS,265,10224,32,0.7354357246027925,12220,12294,16542,1.3455344070278183,0.34553440702781846,2.2180039824843023,1,0
EFRGP01_01,crop06,BA-TOS-LS,265,10241,49,0.7226467626325455,12199,12334,16746,1.357710394032755,0.357710394032755,5.223607418680102,1,0
EFRGP01_01,crop06,BA-TOS-LS,265,10242,39,0.6849850019808704,12103,12273,17499,1.4258127597164507,0.4258127597164508,4.014350216474553,1,0
EFRGP01_01,crop06,BA-TOS-LS,265,10243,41,0.7587527014510651,12288,12451,16032,1.2876074210906754,0.28760742109067544,4.268409369271868,1,1
EFRGP01_01,crop06,BA-TOS-LS,265,10248,45,0.875695079890195,12441,12514,14134,1.129455010388365,0.12945501038836504,1.6839285800747488,1,1
EFRGP01_01,crop06,BA-TOS-LS,265,10250,38,0.7041127408685649,12241,12460,17166,1.3776886035313,0.3776886035313002,4.635279049514281,1,0
EFRGP01_01,crop06,BA-TOS-LS,265,10255,50,0.9444656342970479,12381,12482,13008,1.0421406825829194,0.042140682582919406,0.04864476485537651,1,1
EFRGP01_01,crop06,BA-TOS-LS,265,10256,46,0.5166179770523731,12202,12328,23493,1.905661907852044,0.9056619078520441,6.278166759939707,1,0
EFRGP01_01,crop06,BA-TOS-LS,265,10268,48,0.9405963479466831,12208,12379,12808,1.0346554649002342,0.034655464900234266,0.07223434639867901,1,1
EFRGP01_01,crop06,BA-TOS-LS,265,10270,53,0.9454489497576364,12288,12397,12888,1.0396063563765428,0.03960635637654271,0.06485529365863398,1,1
EFRGP01_01,crop06,BA-TOS-LS,265,10271,56,0.9392601613639824,12340,12508,12970,1.0369363607291333,0.03693636072913335,0.06959234806646983,1,1
EFRGP01_01,crop06,BA-TOS-LS,265,10280,55,0.7071273309689967,12362,12511,17333,1.3854208296698904,0.3854208296698905,5.654393170373402,1,0
EFRGP01_01,crop06,BA-TOS-LS,265,10283,54,0.9482053261289077,12284,12388,12851,1.0373748789150792,0.03737487891507911,0.05401772615319397,1,1
EFRGP01_01,crop06,BA-TOS-LS,265,10289,61,0.9378762154653496,12153,12290,12821,1.043205858421481,0.04320585842148088,0.03747941743193644,1,1
EFRGP01_01,crop06,BA-TOS-LS,265,10296,62,0.9275727710291084,12141,12452,12778,1.026180533247671,0.026180533247671056,0.0950738527399465,1,1
EFRGP01_01,crop06,BA-TOS-LS,265,10297,67,0.8013743887934452,12128,12266,14996,1.222566443828469,0.22256644382846894,2.02157072461087,1,1
EFRGP01_01,crop06,BA-TOS-LS,265,10299,64,0.9460481630132757,12257,12355,12858,1.0407122622420073,0.04071226224200728,0.05894884770841179,1,1
EFRGP01_01,crop06,BA-TOS-LS,265,10313,69,0.9337565975675055,12207,12423,12857,1.0349352008371568,0.034935200837156885,0.0943784035850496,1,1
EFRGP01_01,crop06,BA-TOS-LS,265,10317,70,0.942793519158412,12278,12444,12857,1.0331886853101897,0.03318868531018965,0.06708384419213098,1,1
EFRGP01_01,crop06,BA-TOS-LS,265,10318,75,0.937995124923827,12314,12487,12955,1.0374789781372629,0.03747897813726275,0.08333373280656824,1,1
EFRGP01_01,crop06,BA-TOS-LS,265,10319,73,0.9353504404442742,12211,12363,12903,1.0436787187575831,0.04367871875758311,0.015298388936353558,1,1
EFRGP01_01,crop06,BA-TOS-LS,265,10323,71,0.9401975683890578,12373,12523,13010,1.0388884452607203,0.03888844526072027,0.05821378751782749,1,1
EFRGP01_01,crop06,BA-TOS-LS,265,10324,72,0.7898807183117054,12052,12226,15084,1.2337641092753149,0.2337641092753149,2.189516561662217,1,1
EFRGP01_01,crop06,BA-TOS-LS,265,10326,81,0.6808486562942009,12034,12245,17464,1.4262147815434871,0.42621478154348713,3.1563426343246364,1,0
EFRGP01_01,crop06,BA-TOS-LS,265,10333,76,0.9478381289429143,12320,12399,12919,1.0419388660375837,0.04193886603758368,0.02640264407775403,1,1
EFRGP01_01,crop06,BA-TOS-LS,265,10343,84,0.937914728090916,12297,12426,12982,1.044744889747304,0.04474488974730404,0.06542292402959701,1,1
EFRGP01_01,crop06,BA-TOS-LS,265,10346,85,0.8000524968829976,12192,12356,15075,1.220055033991583,0.22005503399158305,2.0827591755737824,1,1
EFRGP01_01,crop06,BA-TOS-LS,265,10350,88,0.9421328401910927,12227,12352,12853,1.0405602331606219,0.04056023316062176,0.06480779017899262,1,1
EFRGP01_01,crop06,BA-TOS-LS,265,10351,89,0.9319387833576867,12118,12341,12780,1.0355724819706669,0.03557248197066688,0.0675739792551547,1,1
EFRGP01_01,crop06,BA-TOS-LS,265,10353,90,0.9354370415647921,12243,12378,12953,1.0464533850379707,0.04645338503797059,0.06515914586007014,1,1
EFRGP01_01,crop06,BA-TOS-LS,265,10367,93,0.9454464813719693,12790,12891,13427,1.041579396478163,0.04157939647816306,0.031499705175790406,1,1
EFRGP01_01,crop06,BA-TOS-LS,265,10369,97,0.9382518653875438,12323,12437,13020,1.046876256331913,0.04687625633191284,0.07103911967079417,1,1
EFRGP01_01,crop06,BA-TOS-LS,265,10371,95,0.7206290471785384,12464,12557,17203,1.3699928326829656,0.3699928326829657,4.719861297324653,1,0
EFRGP01_01,crop06,BA-TOS-LS,265,10378,94,0.9509055876685935,12338,12403,12910,1.0408772071273078,0.040877207127307906,0.06610105731796047,1,1
EFRGP01_01,crop06,BA-TOS-LS,265,10382,96,0.9400322903052203,12227,12346,12888,1.043900858577677,0.043900858577676984,0.09010062445141644,1,1
EFRGP01_01,crop06,BA-TOS-LS,265,10384,98,0.9377413873010969,12140,12275,12811,1.0436659877800407,0.04366598778004073,0.09966942488145812,1,1
EFRGP01_01,crop06,BA-TOS-LS,265,10388,101,0.9455656073610145,12229,12343,12819,1.0385643684679575,0.03856436846795755,0.08237060676201985,1,1
EFRGP01_01,crop06,BA-TOS-LS,265,10393,105,0.9227654469106179,12306,12515,13127,1.0489013184178986,0.04890131841789852,0.14518206554233284,1,1
EFRGP01_01,crop06,BA-TOS-LS,265,10394,100,0.9271578626883848,12181,12398,12921,1.0421842232618164,0.04218422326181642,0.05149194054683922,1,1
EFRGP01_01,crop06,BA-TOS-LS,265,10397,104,0.9433628318584071,12259,12397,12857,1.0371057513914657,0.03710575139146568,0.04602649852624952,1,1
EFRGP01_01,crop06,BA-TOS-LS,265,10399,110,0.942992511080544,12340,12472,12954,1.0386465683130213,0.03864656831302117,0.04190759029633742,1,1
EFRGP01_01,crop06,BA-TOS-LS,265,10409,111,0.9344137563722134,12281,12442,12982,1.0434013824144028,0.04340138241440283,0.11068854349947888,1,1
EFRGP01_01,crop06,BA-TOS-LS,265,10410,106,0.9292744335088121,12180,12367,12920,1.0447157758550982,0.04471577585509825,0.053481729948545866,1,1
EFRGP01_01,crop06,BA-TOS-LS,265,10416,115,0.8700861887744377,12417,12600,14088,1.118095238095238,0.1180952380952381,1.588435524452443,1,1
EFRGP01_01,crop06,BA-TOS-LS,265,10427,120,0.9333178258509731,12037,12285,12649,1.0296296296296297,0.02962962962962963,0.0513947394616985,1,1
EFRGP01_01,crop06,BA-TOS-LS,265,10436,119,0.9413163547100337,12271,12421,12886,1.0374365993076242,0.037436599307624184,0.08615253625093033,1,1
EFRGP01_01,crop06,BA-TOS-LS,265,10438,121,0.7902061855670103,12264,12414,15370,1.2381182535846624,0.2381182535846625,2.3231683055213486,1,1
EFRGP01_01,crop06,BA-TOS-LS,265,10439,130,0.9340516582607367,12223,12422,12887,1.0374335855739816,0.037433585573981645,0.01168968531300562,1,1
EFRGP01_01,crop06,BA-TOS-LS,265,10443,123,0.7694272396398697,12050,12156,15555,1.2796150049358341,0.27961500493583413,2.484012605218752,1,1
EFRGP01_01,crop06,BA-TOS-LS,265,10444,124,0.941033434650456,12384,12499,13045,1.0436834946795743,0.043683494679574365,0.044739077053693795,1,1
EFRGP01_01,crop06,BA-TOS-LS,265,10450,133,0.9382593413310919,12279,12422,12944,1.0420222186443406,0.042022218644340685,0.025674446369829667,1,1
EFRGP01_01,crop06,BA-TOS-LS,265,10451,125,0.717391304347826,12243,12356,16953,1.37204596956944,0.37204596956943997,1.9629135538622378,1,0
EFRGP01_01,crop06,BA-TOS-LS,265,10454,128,0.9424728322820883,12402,12498,13063,1.0452072331573052,0.04520723315730517,0.027767424604461275,1,1
EFRGP01_01,crop06,BA-TOS-LS,265,10459,134,0.9326491828202205,12269,12491,12933,1.0353854775438316,0.03538547754383156,0.07849020800205707,1,1
EFRGP01_01,crop06,BA-TOS-LS,265,10464,140,0.9506772097392938,12143,12249,12667,1.0341252347130379,0.0341252347130378,0.09641116028316324,1,1
EFRGP01_01,crop06,BA-TOS-LS,265,10469,137,0.9414808614260711,12372,12528,12985,1.0364782886334611,0.036478288633461045,0.06182102851948509,1,1
EFRGP01_01,crop06,BA-TOS-LS,265,10470,136,0.9412582014666152,12194,12327,12822,1.040155755658311,0.040155755658311025,0.07194308082620038,1,1
EFRGP01_01,crop06,BA-TOS-LS,265,10478,144,0.6391085549964055,12446,12526,19394,1.5482995369631167,0.5482995369631167,5.2354450327563535,1,0
EFRGP01_01,crop06,BA-TOS-LS,265,10481,139,0.9406252400337968,12246,12360,12905,1.044093851132686,0.04409385113268608,0.07690744771705675,1,1
EFRGP01_01,crop06,BA-TOS-LS,265,10491,143,0.9439883372976291,12303,12484,12852,1.0294777314963153,0.029477731496315284,0.0853266538851979,1,1
EFRGP01_01,crop06,BA-TOS-LS,265,10499,145,0.936144578313253,12432,12564,13148,1.046482012098058,0.04648201209805794,0.11953347193080846,1,1
EFRGP01_01,crop06,BA-TOS-LS,265,10501,148,0.9355574131772931,12311,12464,13006,1.0434852374839538,0.04348523748395379,0.037364683998999164,1,1
EFRGP01_01,crop06,BA-TOS-LS,265,10510,153,0.7833269304648482,12234,12323,15529,1.260163921123103,0.26016392112310316,2.4014618674369634,1,1
EFRGP01_01,crop06,BA-TOS-LS,265,10512,151,0.9503612211605686,12234,12331,12776,1.0360879085232342,0.036087908523234125,0.060182823856345,1,1
EFRGP01_01,crop06,BA-TOS-LS,265,10519,152,0.9445761027444385,12356,12484,12953,1.037568087151554,0.03756808715155399,0.04258310209831466,1,1
EFRGP01_01,crop06,BA-TOS-LS,265,10525,155,0.9389757743023612,12248,12383,12909,1.0424775902446903,0.0424775902446903,0.13812732410630163,1,1
EFRGP01_01,crop06,BA-TOS-LS,265,10527,117,0.4606125678119349,8151,12292,13555,1.102749755938822,0.102749755938822,7.841471173440723,0,0
EFRGP01_01,crop06,BA-TOS-LS,265,10531,161,0.941459382280003,12528,12586,13249,1.0526775782615605,0.05267757826156046,0.0583293148596127,1,1
EFRGP01_01,crop06,BA-TOS-LS,265,10533,163,0.939466194908084,12214,12383,12832,1.0362593878704676,0.03625938787046758,0.09584466514411683,1,1
EFRGP01_01,crop06,BA-TOS-LS,265,10534,158,0.9380244822542151,12184,12292,12881,1.0479173446143832,0.047917344614383336,0.035562919673786594,1,1
EFRGP01_01,crop06,BA-TOS-LS,265,10535,159,0.9329393043873607,12312,12521,12988,1.0372973404680137,0.03729734046801374,0.08748679369717931,1,1
EFRGP01_01,crop06,BA-TOS-LS,265,10536,160,0.8011910215300045,12243,12396,15128,1.2203936753791547,0.22039367537915455,2.2139679310237055,1,1
EFRGP01_01,crop06,BA-TOS-LS,265,10543,173,0.9432640672425869,12120,12251,12718,1.0381193371969635,0.03811933719696351,0.056783485161071116,1,1
EFRGP01_01,crop06,BA-TOS-LS,265,10545,170,0.8742142857142857,12239,12429,13810,1.1111111111111112,0.1111111111111111,1.254200633265659,1,1
EFRGP01_01,crop06,BA-TOS-LS,265,10552,171,0.942944550669216,12329,12404,13000,1.0480490164463077,0.048049016446307644,0.07841607075850963,1,1
EFRGP01_01,crop06,BA-TOS-LS,265,10553,167,0.9440254994946746,12143,12322,12684,1.0293783476708327,0.029378347670832656,0.09966703265750827,1,1
EFRGP01_01,crop06,BA-TOS-LS,265,10559,172,0.9409506258158642,12254,12370,12907,1.0434114793856104,0.043411479385610345,0.06906625252073292,1,1
EFRGP01_01,crop06,BA-TOS-LS,265,10562,174,0.6270610057708161,12170,12273,19305,1.5729650452212174,0.5729650452212173,6.335984673761912,1,0
EFRGP01_01,crop06,BA-TOS-LS,265,10567,178,0.934338817794028,12266,12463,12931,1.0375511514081681,0.03755115140816818,0.0533830283170911,1,1
EFRGP01_01,crop06,BA-TOS-LS,265,10572,177,0.939922480620155,12125,12298,12727,1.0348837209302326,0.03488372093023256,0.05575979180168299,1,1
EFRGP01_01,crop06,BA-TOS-LS,265,10580,181,0.9501712862036749,12204,12311,12737,1.0346032003898953,0.034603200389895214,0.04932814420432573,1,1
EFRGP01_01,crop06,BA-TOS-LS,265,10584,185,0.9382820296307669,12223,12421,12829,1.032847596811851,0.0328475968118509,0.03828441761691179,1,1
EFRGP01_01,crop06,BA-TOS-LS,265,10589,187,0.9383280390485783,12111,12291,12727,1.0354731104059882,0.03547311040598812,0.06093605314836925,1,1
EFRGP01_01,crop06,BA-TOS-LS,265,10592,183,0.8170983421000066,12272,12394,14897,1.2019525576892045,0.20195255768920445,1.9492215028283153,1,1
EFRGP01_01,crop06,BA-TOS-LS,265,10601,190,0.9344882366290945,12353,12594,12978,1.030490709861839,0.03049070986183897,0.049181732268730245,1,1
EFRGP01_01,crop06,BA-TOS-LS,265,10608,188,0.9422961630695443,12574,12740,13178,1.0343799058084773,0.03437990580847724,0.08913266572190413,1,1
EFRGP01_01,crop06,BA-TOS-LS,265,10613,197,0.933050269163697,12306,12503,12992,1.0391106134527712,0.03911061345277134,0.05690233309414949,1,1
EFRGP01_01,crop06,BA-TOS-LS,265,10616,192,0.9348797780517879,12131,12388,12719,1.026719405876655,0.026719405876654827,0.08238500135521298,1,1
EFRGP01_01,crop06,BA-TOS-LS,265,10617,193,0.9327852629976403,12254,12421,12970,1.0441993398277112,0.04419933982771113,0.024660127557582484,1,1
EFRGP01_01,crop06,BA-TOS-LS,265,10621,194,0.9386522075910148,12118,12245,12783,1.0439363005308289,0.04393630053082891,0.1149333549239456,1,1
EFRGP01_01,crop06,BA-TOS-LS,265,10625,195,0.6490470674949984,12328,12446,18876,1.5166318495902298,0.5166318495902298,7.452209612020232,1,0
EFRGP01_01,crop06,BA-TOS-LS,265,10630,203,0.9398565810779551,12189,12350,12808,1.037085020242915,0.03708502024291498,0.10222216352251709,1,1
EFRGP01_01,crop06,BA-TOS-LS,265,10631,208,0.6935306700583916,11996,12092,17201,1.4225107509096924,0.42251075090969237,2.135086582566262,1,0
EFRGP01_01,crop06,BA-TOS-LS,265,10632,199,0.8108666666666666,12163,12311,14852,1.2064007797904313,0.2064007797904313,1.984712460387193,1,1
EFRGP01_01,crop06,BA-TOS-LS,265,10636,207,0.9394406348717158,12193,12299,12873,1.0466704610130906,0.0466704610130905,0.010506228444826385,1,1
EFRGP01_01,crop06,BA-TOS-LS,265,10637,205,0.9331520507591208,12354,12511,13082,1.0456398369434898,0.04563983694348973,0.09015689141916668,1,1
EFRGP01_01,crop06,BA-TOS-LS,265,10646,212,0.6868032879180272,12199,12280,17681,1.4398208469055374,0.43982084690553747,6.495848784603167,1,0
EFRGP01_01,crop06,BA-TOS-LS,265,10653,213,0.9444185323383084,12149,12281,12732,1.0367233938604348,0.03672339386043482,0.042641227622842885,1,1
EFRGP01_01,crop06,BA-TOS-LS,265,10658,219,0.9362040260329954,12371,12531,13054,1.0417364934961295,0.041736493496129595,0.05324906788282672,1,1
EFRGP01_01,crop06,BA-TOS-LS,265,10674,221,0.9324550715808712,12245,12427,12950,1.042085780960811,0.042085780960811135,0.03725782790964628,1,1
EFRGP01_01,crop06,BA-TOS-LS,265,10675,224,0.6311049354124852,12263,12389,19305,1.558237145855194,0.5582371458551941,3.442982065365756,1,0
EFRGP01_01,crop06,BA-TOS-LS,265,10681,227,0.9324509356458238,12258,12464,12940,1.0381899871630296,0.03818998716302952,0.12339789078419192,1,1
EFRGP01_01,crop06,BA-TOS-LS,265,10688,223,0.9458143309886372,12236,12384,12789,1.032703488372093,0.032703488372093026,0.05436950744671867,1,1
EFRGP01_01,crop06,BA-TOS-LS,265,10693,230,0.930569316363082,12210,12404,12927,1.042163818123186,0.04216381812318607,0.07848032394543286,1,1
EFRGP01_01,crop06,BA-TOS-LS,265,10694,226,0.9335207415286431,12287,12436,13013,1.0463975554840785,0.04639755548407848,0.09349860735700338,1,1
EFRGP01_01,crop06,BA-TOS-LS,265,10695,238,0.9299118245534705,12339,12557,13051,1.0393406068328421,0.03934060683284224,0.07748813697225602,1,1
EFRGP01_01,crop06,BA-TOS-LS,265,10698,231,0.9296214487013481,12205,12408,12926,1.0417472598323663,0.04174725983236621,0.04734718512396676,1,1
EFRGP01_01,crop06,BA-TOS-LS,265,10708,244,0.7567062924005726,12158,12244,15981,1.3052107154524666,0.30521071545246653,2.306772933897893,1,1
EFRGP01_01,crop06,BA-TOS-LS,265,10710,232,0.9359798072510326,12237,12433,12878,1.0357918442853695,0.03579184428536958,0.0407997756682024,1,1
EFRGP01_01,crop06,BA-TOS-LS,265,10711,236,0.9311349693251534,12142,12302,12880,1.0469842302064705,0.046984230206470495,0.0637612635059563,1,1
EFRGP01_01,crop06,BA-TOS-LS,265,10715,245,0.9405073020753266,12236,12408,12838,1.0346550612508059,0.03465506125080593,0.06349430147518186,1,1
EFRGP01_01,crop06,BA-TOS-LS,265,10716,237,0.8079883227176221,12178,12348,14902,1.2068351149983803,0.2068351149983803,2.046577590260565,1,1
EFRGP01_01,crop06,BA-TOS-LS,265,10721,246,0.9478981187582256,12244,12350,12811,1.037327935222672,0.03732793522267207,0.03236300980059744,1,1
EFRGP01_01,crop06,BA-TOS-LS,265,10724,249,0.7742940727550242,12175,12261,15638,1.2754261479487807,0.2754261479487807,2.006820589316898,1,1
EFRGP01_01,crop06,BA-TOS-LS,265,10732,243,0.9306652490886999,12255,12459,12964,1.0405329480696686,0.04053294806966851,0.029792916057421726,1,1
EFRGP01_01,crop06,BA-TOS-LS,265,10735,251,0.9312381673608482,12297,12492,13010,1.0414665385846942,0.04146653858469421,0.047579194467761154,1,1
EFRGP01_01,crop06,BA-TOS-LS,265,10740,250,0.9286258379037172,12191,12434,12885,1.0362715135917646,0.03627151359176452,0.04454115418328765,1,1
EFRGP01_01,crop06,BA-TOS-LS,265,10747,252,0.9349744542498839,12078,12243,12753,1.0416564567507964,0.04165645675079637,0.1354301592282362,1,1
EFRGP01_01,crop06,BA-TOS-LS,265,10762,257,0.9381099922540667,12111,12271,12750,1.0390351234618205,0.03903512346182055,0.07854592847492627,1,1
EFRGP01_01,crop06,BA-TOS-LS,265,10769,255,0.7535855588526211,12190,12327,16039,1.3011276060679808,0.30112760606798084,3.376523988090794,1,1
EFRGP01_01,crop06,BA-TOS-LS,265,10775,261,0.8005940594059406,12129,12260,15019,1.2250407830342578,0.22504078303425776,2.1333112593542443,1,1
EFRGP01_01,crop06,BA-TOS-LS,265,10780,263,0.9296516439696035,12356,12495,13152,1.0525810324129652,0.05258103241296518,0.06534463510953475,1,1
EFRGP01_01,crop06,BA-TOS-LS,265,10782,258,0.9400228050171038,12366,12480,13041,1.044951923076923,0.04495192307692308,0.0809341653077044,1,1
EFRGP01_01,crop06,BA-TOS-LS,265,10785,260,0.940148670396199,12268,12452,12865,1.033167362672663,0.03316736267266303,0.09052114214706201,1,1
EFRGP01_01,crop06,BA-TOS-LS,265,10787,267,0.9391710717842642,12259,12435,12877,1.0355448331322878,0.035544833132287894,0.03029653272850853,1,1
EFRGP01_01,crop06,BA-TOS-LS,265,10788,265,0.6028748037676609,12289,12411,20262,1.6325839980662316,0.6325839980662316,7.734247736974809,1,0
EFRGP01_01,crop06,BA-TOS-LS,265,10793,264,0.9286942222886614,12425,12643,13161,1.0409712884600173,0.0409712884600174,0.073992611089433,1,1
EFRGP01_01,crop06,BA-TOS-LS,265,10795,262,0.9139359558110025,12244,12372,13269,1.072502424830262,0.07250242483026188,0.600702570723959,1,1
EFRGP01_01,crop06,BA-TOS-LS,265,10799,268,0.9239634785211794,12346,12558,13150,1.0471412645325688,0.04714126453256888,0.057569417126570675,1,1
EFRGP01_01,crop06,BA-TOS-LS,265,10804,273,0.9371350572533556,12358,12497,13048,1.0440905817396176,0.04409058173961751,0.07642837482256244,1,1
EFRGP01_01,crop06,BA-TOS-LS,265,10810,274,0.9388964888280894,12354,12527,12985,1.036561028179133,0.03656102817913307,0.03983756161173533,1,1
EFRGP01_01,crop06,BA-TOS-LS,265,10813,284,0.9340642490224642,12183,12403,12823,1.033862775135048,0.03386277513504797,0.11857091507700249,1,1
EFRGP01_01,crop06,BA-TOS-LS,265,10814,275,0.9359318652650963,12198,12387,12844,1.0368935173972713,0.036893517397271335,0.11073709940416883,1,1
EFRGP01_01,crop06,BA-TOS-LS,265,10815,271,0.9441069258809235,12432,12511,13089,1.0461993445767725,0.04619934457677244,0.062065477926299885,1,1
EFRGP01_01,crop06,BA-TOS-LS,265,10819,280,0.6844044893628901,12257,12296,17870,1.4533181522446323,0.4533181522446324,2.91852389148484,1,0
EFRGP01_01,crop06,BA-TOS-LS,265,10826,285,0.7723051825825072,12309,12446,15801,1.2695645187208742,0.26956451872087417,2.196702478030978,1,1
EFRGP01_01,crop06,BA-TOS-LS,265,10840,292,0.9326952065119084,12375,12560,13083,1.041640127388535,0.04164012738853503,0.04929006381209929,1,1
EFRGP01_01,crop06,BA-TOS-LS,265,10841,290,0.9310946027895695,12283,12473,13002,1.0424116090756033,0.042411609075603304,0.0687801814133094,1,1
EFRGP01_01,crop06,BA-TOS-LS,265,10842,293,0.945531914893617,12221,12311,12835,1.0425635610429698,0.042563561042969704,0.087778395020087,1,1
EFRGP01_01,crop06,BA-TOS-LS,265,10846,294,0.6832987610024107,12188,12371,17654,1.4270471263438687,0.4270471263438687,5.450736100038264,1,0
EFRGP01_01,crop06,BA-TOS-LS,265,10860,296,0.7710903117833013,12440,12573,16000,1.2725682017020599,0.27256820170206,3.239975492338463,1,1
EFRGP01_01,crop06,BA-TOS-LS,265,10871,298,0.9337553363756809,12686,12861,13411,1.0427649482932897,0.04276494829328979,0.05652105921175236,1,1
EFRGP01_01,crop06,BA-TOS-LS,265,10872,295,0.9301667659321025,12494,12728,13198,1.036926461345066,0.036926461345066,0.08056669057596309,1,1
EFRGP01_01,crop06,BA-TOS-LS,265,10873,299,0.9384627058198649,12368,12505,13042,1.0429428228708517,0.04294282287085166,0.07166735833180458,1,1
EFRGP01_01,crop06,BA-TOS-LS,265,10874,312,0.9431616341030196,12213,12340,12822,1.0390599675850891,0.03905996758508914,0.04774220491153683,1,1
EFRGP01_01,crop06,BA-TOS-LS,265,10883,300,0.9342779620138679,12396,12522,13142,1.049512857371027,0.049512857371026994,0.1152085082434298,1,1
EFRGP01_01,crop06,BA-TOS-LS,265,10884,301,0.9404271844660195,12108,12282,12701,1.0341149649894155,0.0341149649894154,0.06534913157011878,1,1
EFRGP01_01,crop06,BA-TOS-LS,265,10886,314,0.9303593366093366,12117,12298,12843,1.0443161489673118,0.04431614896731176,0.05064771300156806,1,1
EFRGP01_01,crop06,BA-TOS-LS,265,10891,304,0.9316469321851453,12117,12298,12825,1.0428524963408685,0.042852496340868435,0.07684963207320003,1,1
EFRGP01_01,crop06,BA-TOS-LS,265,10892,307,0.817490242773037,12358,12451,15024,1.2066500682676091,0.20665006826760904,1.9703468590258983,1,1
EFRGP01_01,crop06,BA-TOS-LS,265,10893,306,0.9360594226204151,12224,12413,12870,1.0368162410376218,0.03681624103762185,0.15992341067964744,1,1
EFRGP01_01,crop06,BA-TOS-LS,265,10894,311,0.9282719719490815,12178,12364,12933,1.0460207052733743,0.04602070527337431,0.0999278551992099,1,1
EFRGP01_01,crop06,BA-TOS-LS,265,10895,308,0.8048006347946836,12171,12310,14984,1.217221770917953,0.2172217709179529,2.1177739319204223,1,1
EFRGP01_01,crop06,BA-TOS-LS,265,10900,317,0.9420943930237895,12316,12447,12942,1.039768618944324,0.03976861894432393,0.0475417377768811,1,1
EFRGP01_01,crop06,BA-TOS-LS,265,10903,319,0.6322872285150161,12169,12318,19097,1.5503328462412729,0.550332846241273,6.916519764284097,1,0
EFRGP01_01,crop06,BA-TOS-LS,265,10904,309,0.9381685759805781,12366,12507,13040,1.0426161349644198,0.042616134964419926,0.04810766762938867,1,1
EFRGP01_01,crop06,BA-TOS-LS,265,10905,313,0.6120812632200305,12443,12514,20258,1.6188269138564808,0.6188269138564807,7.136717683661101,1,0
EFRGP01_01,crop06,BA-TOS-LS,265,10910,316,0.9303919303919304,12083,12322,12748,1.0345723096899855,0.03457230968998539,0.06694622700573441,1,1
EFRGP01_01,crop06,BA-TOS-LS,265,10919,326,0.7238547180142362,11898,11981,16354,1.3649945747433436,0.3649945747433436,1.7891736970340542,1,0
EFRGP01_01,crop06,BA-TOS-LS,265,10926,328,0.9423568606182692,12163,12319,12751,1.0350677814757692,0.03506778147576914,0.09633409333613231,1,1
EFRGP01_01,crop06,BA-TOS-LS,265,10938,327,0.9278036136311657,12170,12405,12882,1.0384522370012093,0.03845223700120919,0.06831999487451812,1,1
EFRGP01_01,crop06,BA-TOS-LS,265,10960,337,0.7526018808777429,12004,12116,15838,1.3071970947507427,0.3071970947507428,2.330349723288039,1,1
EFRGP01_01,crop06,BA-TOS-LS,265,10962,335,0.9400900201769362,12114,12273,12727,1.036991770553247,0.03699177055324696,0.02924164718084034,1,1
EFRGP01_01,crop06,BA-TOS-LS,265,10963,338,0.587858347386172,12201,12400,20556,1.657741935483871,0.6577419354838709,8.57041133686441,1,0
EFRGP01_01,crop06,BA-TOS-LS,265,10964,344,0.9414983813781409,12215,12339,12850,1.0414134046519168,0.04141340465191669,0.05271011232092479,1,1
EFRGP01_01,crop06,BA-TOS-LS,265,10967,336,0.9355504587155963,12237,12426,12891,1.0374215354901013,0.0374215354901014,0.11860983879952124,1,1
EFRGP01_01,crop06,BA-TOS-LS,265,10968,340,0.5712628208103216,12309,12404,21452,1.7294421154466302,0.7294421154466301,7.839807249360066,1,0
EFRGP01_01,crop06,BA-TOS-LS,265,10975,345,0.5422653151167915,12304,12499,22495,1.7997439795183614,0.7997439795183615,8.921698907085997,1,0
EFRGP01_01,crop06,BA-TOS-LS,265,10986,343,0.9492436458573293,12362,12502,12883,1.0304751239801633,0.030475123980163173,0.031532778582278875,1,1
EFRGP01_01,crop06,BA-TOS-LS,265,10988,350,0.6463538601465946,12081,12244,18528,1.5132309702711533,0.5132309702711532,5.76967511093568,1,0
EFRGP01_01,crop06,BA-TOS-LS,265,10989,359,0.882068667051356,12229,12303,13790,1.1208648297163293,0.12086482971632935,1.3130100616041027,1,1
EFRGP01_01,crop06,BA-TOS-LS,265,10990,346,0.9324977348233162,12350,12490,13104,1.0491593274619695,0.049159327461969576,0.06943176451713463,1,1
EFRGP01_01,crop06,BA-TOS-LS,265,10994,349,0.8432681718061674,12251,12403,14376,1.1590744174796421,0.15907441747964202,1.7431691015257098,1,1
EFRGP01_01,crop06,BA-TOS-LS,265,10995,353,0.6198603963927243,12166,12303,19490,1.5841664634641957,0.5841664634641958,6.628567340009723,1,0
EFRGP01_01,crop06,BA-TOS-LS,265,10996,354,0.4312930539609644,12021,12109,27784,2.294491700388141,1.294491700388141,7.115808204489491,0,0
EFRGP01_01,crop06,BA-TOS-LS,265,11700,40,0.755982905982906,12383,12473,16290,1.3060210053716026,0.30602100537160265,3.956741031032831,1,1
EFRGP01_01,crop06,BA-TOS-LS,265,11701,44,0.7446419873356064,12230,12335,16319,1.32298338062424,0.32298338062424,4.0443834138671715,1,0
EFRGP01_01,crop06,BA-TOS-LS,265,11702,33,0.4758704231956547,12178,12239,25530,2.0859547348639595,1.0859547348639595,7.0473155788401245,0,0
EFRGP01_01,crop06,BA-TOS-LS,265,11704,42,0.6900873312918226,12169,12268,17535,1.4293283338767526,0.4293283338767525,5.136219450403814,1,0
EFRGP01_01,crop06,BA-TOS-LS,265,11705,43,0.9430681643329744,12258,12389,12867,1.0385826136088465,0.03858261360884656,0.018787294850581643,1,1
EFRGP01_01,crop06,BA-TOS-LS,265,11706,57,0.9077871897755981,12217,12315,13360,1.0848558668290702,0.08485586682907025,0.7278878935746391,1,1
EFRGP01_01,crop06,BA-TOS-LS,265,11707,66,0.9420122887864824,12265,12413,12872,1.0369773624426004,0.0369773624426005,0.03817670337447274,1,1
EFRGP01_01,crop06,BA-TOS-LS,265,11710,74,0.9354418747128197,12215,12371,12902,1.0429229649987874,0.042922964998787484,0.09555095453721732,1,1
EFRGP01_01,crop06,BA-TOS-LS,265,11711,86,0.9388838337882924,12382,12548,13022,1.0377749442142175,0.037774944214217406,0.03547528593745979,1,1
EFRGP01_01,crop06,BA-TOS-LS,265,11712,87,0.8202254598193685,12442,12530,15081,1.2035913806863527,0.20359138068635274,1.9700921581116295,1,1
EFRGP01_01,crop06,BA-TOS-LS,265,11715,92,0.9393446432721357,12126,12286,12749,1.0376851701123229,0.03768517011232297,0.11462694173891047,1,1
EFRGP01_01,crop06,BA-TOS-LS,265,11716,113,0.7409313725490196,12092,12161,16251,1.3363210262313954,0.3363210262313954,1.91874819370142,1,0
EFRGP01_01,crop06,BA-TOS-LS,265,11717,109,0.6189194678582309,12189,12336,19547,1.5845492866407263,0.5845492866407264,8.123903839463424,1,0
EFRGP01_01,crop06,BA-TOS-LS,265,11718,114,0.9441770186335404,12161,12273,12768,1.0403324370569542,0.04033243705695429,0.06777642681790003,1,1
EFRGP01_01,crop06,BA-TOS-LS,265,11722,122,0.9437915571362301,12207,12328,12813,1.0393413367942894,0.039341336794289423,0.11287621485601206,1,1
EFRGP01_01,crop06,BA-TOS-LS,265,11723,132,0.9384674624566808,12186,12302,12869,1.0460900666558284,0.04609006665582832,0.037997361554810406,1,1
EFRGP01_01,crop06,BA-TOS-LS,265,11725,127,0.934734258762175,12188,12381,12846,1.0375575478555852,0.03755754785558517,0.11582279404771878,1,1
EFRGP01_01,crop06,BA-TOS-LS,265,11726,142,0.926482748252274,12325,12562,13066,1.0401209998407897,0.040120999840789685,0.08041585888090573,1,1
EFRGP01_01,crop06,BA-TOS-LS,265,11731,154,0.7336516378580926,12139,12181,16504,1.3548969706920615,0.3548969706920614,1.980021284551649,1,0
EFRGP01_01,crop06,BA-TOS-LS,265,11733,165,0.9363243909959914,12146,12274,12844,1.0464396284829722,0.04643962848297214,0.04487908430509891,1,1
EFRGP01_01,crop06,BA-TOS-LS,265,11734,162,0.9426654467825557,12364,12485,12995,1.0408490188225872,0.0408490188225871,0.07110739554076663,1,1
EFRGP01_01,crop06,BA-TOS-LS,265,11736,166,0.937328662808407,12309,12439,13002,1.0452608730605355,0.04526087306053541,0.13415131429750618,1,1
EFRGP01_01,crop06,BA-TOS-LS,265,11738,169,0.9328571428571428,12407,12654,13053,1.0315315315315314,0.03153153153153153,0.0424865596125487,1,1
EFRGP01_01,crop06,BA-TOS-LS,265,11739,176,0.9455105973025049,12268,12379,12864,1.0391792551902415,0.03917925519024154,0.027884095727049044,1,1
EFRGP01_01,crop06,BA-TOS-LS,265,11740,186,0.9432179099852815,12176,12332,12753,1.0341388258190074,0.034138825819007464,0.01645091513923463,1,1
EFRGP01_01,crop06,BA-TOS-LS,265,11741,184,0.9309168120118299,12276,12389,13074,1.0552909839373639,0.05529098393736379,0.10004288098757479,1,1
EFRGP01_01,crop06,BA-TOS-LS,265,11744,198,0.9333785004516711,12399,12504,13179,1.0539827255278311,0.053982725527831094,0.021485857403251648,1,1
EFRGP01_01,crop06,BA-TOS-LS,265,11745,196,0.9335306168905076,12303,12488,12994,1.0405188981422164,0.04051889814221653,0.06849650820798112,1,1
EFRGP01_01,crop06,BA-TOS-LS,265,11747,204,0.8011013069727327,12075,12234,14914,1.2190616315187184,0.21906163151871832,2.1474078160688927,1,1
EFRGP01_01,crop06,BA-TOS-LS,265,11748,215,0.9383462097452765,12267,12388,12952,1.0455279302550855,0.045527930255085565,0.03092081959798508,1,1
EFRGP01_01,crop06,BA-TOS-LS,265,11749,211,0.9311284341179141,12303,12464,13052,1.047175866495507,0.04717586649550706,0.04457748702987815,1,1
EFRGP01_01,crop06,BA-TOS-LS,265,11753,229,0.9286973855708043,12113,12354,12802,1.0362635583616642,0.03626355836166424,0.1313365645779347,1,1
EFRGP01_01,crop06,BA-TOS-LS,265,11754,225,0.9427606844164812,12287,12467,12853,1.030961738990936,0.030961738990936072,0.09000553323826659,1,1
EFRGP01_01,crop06,BA-TOS-LS,265,11755,240,0.9377320544554455,12123,12277,12774,1.0404822024924656,0.040482202492465584,0.06370286171874541,1,1
EFRGP01_01,crop06,BA-TOS-LS,265,11756,242,0.9474955207603023,12163,12258,12742,1.039484418339044,0.03948441833904389,0.0688738079728103,1,1
EFRGP01_01,crop06,BA-TOS-LS,265,11758,248,0.7942313995411341,12116,12274,15097,1.2299983705393516,0.2299983705393515,2.1959348166290913,1,1
EFRGP01_01,crop06,BA-TOS-LS,265,11762,256,0.9322541046493785,12151,12299,12886,1.0477274575168714,0.04772745751687129,0.12819037706038908,1,1
EFRGP01_01,crop06,BA-TOS-LS,265,11763,259,0.9359257286355681,12299,12437,13003,1.045509367210742,0.04550936721074214,0.04521127036255897,1,1
EFRGP01_01,crop06,BA-TOS-LS,265,11764,270,0.9297396913153652,12108,12332,12799,1.0378689588063574,0.03786895880635745,0.02174768938032,1,1
EFRGP01_01,crop06,BA-TOS-LS,265,11766,279,0.9330442451859474,12695,12849,13452,1.0469297221573663,0.046929722157366335,0.05775253195627293,1,1
EFRGP01_01,crop06,BA-TOS-LS,265,11767,272,0.9450142669854246,12254,12372,12849,1.0385548011639185,0.038554801163918524,0.05962579867934768,1,1
EFRGP01_01,crop06,BA-TOS-LS,265,11768,282,0.7331162047563449,11930,12018,16185,1.3467299051422865,0.3467299051422866,2.0353215105042004,1,0
EFRGP01_01,crop06,BA-TOS-LS,265,11769,283,0.9375476589903919,12295,12469,12940,1.0377736787232337,0.03777367872323362,0.023127161960674773,1,1
EFRGP01_01,crop06,BA-TOS-LS,265,11774,297,0.937207338604437,12209,12350,12886,1.0434008097165992,0.04340080971659919,0.06820302861797531,1,1
EFRGP01_01,crop06,BA-TOS-LS,265,11776,303,0.9344386403209932,12343,12511,13041,1.042362720805691,0.04236272080569099,0.11570005293051139,1,1
EFRGP01_01,crop06,BA-TOS-LS,265,11777,310,0.9274689045406863,12378,12574,13150,1.045808811833943,0.04580881183394306,0.11107875929252256,1,1
EFRGP01_01,crop06,BA-TOS-LS,265,11782,332,0.9326696557489171,12273,12440,12992,1.0443729903536978,0.044372990353697746,0.054397867344637835,1,1
EFRGP01_01,crop06,BA-TOS-LS,265,11783,333,0.933801633961976,12230,12450,12877,1.03429718875502,0.03429718875502008,0.05827080061962157,1,1
EFRGP01_01,crop06,BA-TOS-LS,265,11784,342,0.5763771385598797,12263,12470,21069,1.6895749799518844,0.6895749799518845,7.571385814333006,1,0
EFRGP01_01,crop06,BA-TOS-LS,265,11787,358,0.9260826846043383,12253,12307,13177,1.0706914763955473,0.07069147639554725,0.36298717159041693,1,1
EFRGP01_01,crop06,BA-TOS-LS,265,11788,362,0.8066179349954314,12359,12466,15215,1.2205198138937912,0.2205198138937911,2.0990634040375395,1,1
EFRGP01_01,crop06,BA-TOS-LS,265,11791,357,0.8316056840804559,12114,12232,14449,1.1812459123610202,0.18124591236102028,2.390057943194068,1,1
EFRGP01_00,crop07,BA-TOS-LS,263,8176,24,0.7590819755278007,11973,12082,15664,1.2964740936930972,0.2964740936930972,3.829941062923583,1,1
EFRGP01_00,crop07,BA-TOS-LS,263,8183,23,0.9156939040207522,12002,12112,12997,1.073068031704095,0.07306803170409511,0.5500400482157122,1,1
EFRGP01_00,crop07,BA-TOS-LS,263,8185,27,0.4340962627008403,12347,12409,28381,2.2871303086469497,1.2871303086469499,5.8422315238225195,0,0
EFRGP01_00,crop07,BA-TOS-LS,263,8186,28,0.8092105263157895,12177,12257,14968,1.221179734029534,0.22117973402953414,1.721777946059681,1,1
EFRGP01_00,crop07,BA-TOS-LS,263,8187,31,0.828092959671907,12115,12191,14554,1.1938315150520875,0.1938315150520876,2.4272209996125063,1,1
EFRGP01_00,crop07,BA-TOS-LS,263,8190,26,0.8586802605494195,12128,12242,14010,1.1444208462669498,0.14442084626694984,1.6554314964472345,1,1
EFRGP01_00,crop07,BA-TOS-LS,263,8195,34,0.8534398206529354,12182,12293,14163,1.1521190921662734,0.15211909216627348,2.0434353973202737,1,1
EFRGP01_00,crop07,BA-TOS-LS,263,8198,39,0.8844836382187887,12136,12249,13608,1.1109478324761204,0.1109478324761205,1.378020569077542,1,1
EFRGP01_00,crop07,BA-TOS-LS,263,8202,43,0.9460916442048517,11934,12042,12506,1.0385318053479489,0.038531805347948846,0.11707010857553281,1,1
EFRGP01_00,crop07,BA-TOS-LS,263,8204,44,0.9560203594719262,12021,12156,12439,1.0232806844356697,0.023280684435669628,0.07838018650708423,1,1
EFRGP01_00,crop07,BA-TOS-LS,263,8205,35,0.8314016907553858,12195,12266,14597,1.1900375020381542,0.19003750203815425,2.962608142004413,1,1
EFRGP01_00,crop07,BA-TOS-LS,263,8208,40,0.7725858675639642,12169,12319,15601,1.2664177287117462,0.26641772871174607,4.567442737412623,1,1
EFRGP01_00,crop07,BA-TOS-LS,263,8212,36,0.9489335201619181,12190,12302,12734,1.0351162412615835,0.03511624126158348,0.009176777774118816,1,1
EFRGP01_00,crop07,BA-TOS-LS,263,8213,38,0.5322524558810745,12245,12361,22890,1.8517919262195615,0.8517919262195616,6.951254189303521,1,0
EFRGP01_00,crop07,BA-TOS-LS,263,8222,45,0.7118483971899168,12058,12223,16774,1.3723308516730754,0.37233085167307534,5.418653812946001,1,0
EFRGP01_00,crop07,BA-TOS-LS,263,8229,48,0.9505028284098052,12098,12246,12580,1.0272742119875877,0.027274211987587785,0.05331663481310671,1,1
EFRGP01_00,crop07,BA-TOS-LS,263,8230,41,0.6216216216216216,12190,12295,19505,1.5864172427816186,0.5864172427816186,6.893743997135331,1,0
EFRGP01_00,crop07,BA-TOS-LS,263,8231,42,0.9490340819852364,12085,12234,12585,1.0286905345757724,0.028690534575772437,0.04834295696477082,1,1
EFRGP01_00,crop07,BA-TOS-LS,263,8232,46,0.6188315943343918,12277,12367,19749,1.596911134470769,0.5969111344707689,7.720066215708694,1,0
EFRGP01_00,crop07,BA-TOS-LS,263,8239,47,0.9516064737303676,11936,12067,12412,1.028590370431756,0.028590370431756027,0.07249856031556205,1,1
EFRGP01_00,crop07,BA-TOS-LS,263,8243,55,0.9537405413838833,12226,12326,12719,1.0318838228135647,0.031883822813564826,0.06599477685792883,1,1
EFRGP01_00,crop07,BA-TOS-LS,263,8244,51,0.9514547878597757,12132,12306,12577,1.0220217779944742,0.022021777994474242,0.05553509925567267,1,1
EFRGP01_00,crop07,BA-TOS-LS,263,8251,60,0.8437174411335695,12147,12258,14286,1.1654429760156633,0.16544297601566324,2.7739657999822445,1,1
EFRGP01_00,crop07,BA-TOS-LS,263,8253,62,0.9565898761949537,12208,12313,12657,1.0279379517583043,0.02793795175830423,0.051435014734771696,1,1
EFRGP01_00,crop07,BA-TOS-LS,263,8254,56,0.6049283379431732,12029,12118,19796,1.633602904769764,0.633602904769764,9.619490789448566,1,0
EFRGP01_00,crop07,BA-TOS-LS,263,8256,53,0.8798489030945809,12112,12218,13660,1.1180225896218694,0.11802258962186937,1.56550339875059,1,1
EFRGP01_00,crop07,BA-TOS-LS,263,8257,54,0.9540338449429359,12121,12260,12566,1.0249592169657422,0.024959216965742253,0.050402725647499716,1,1
EFRGP01_00,crop07,BA-TOS-LS,263,8260,72,0.9505902587757017,12159,12300,12650,1.0284552845528456,0.028455284552845527,0.10371952976731873,1,1
EFRGP01_00,crop07,BA-TOS-LS,263,8261,59,0.9487862176977291,12116,12281,12605,1.0263822164318868,0.026382216431886655,0.05718774312787879,1,1
EFRGP01_00,crop07,BA-TOS-LS,263,8263,64,0.9530782553928515,12106,12224,12584,1.0294502617801047,0.029450261780104712,0.08523860998591118,1,1
EFRGP01_00,crop07,BA-TOS-LS,263,8264,67,0.6712045974446242,12030,12131,17822,1.469128678592037,0.46912867859203694,7.357548411968616,1,0
EFRGP01_00,crop07,BA-TOS-LS,263,8267,65,0.9535812133072407,12182,12239,12718,1.039137184410491,0.039137184410491056,0.04884612934588162,1,1
EFRGP01_00,crop07,BA-TOS-LS,263,8272,71,0.9436194895591647,12201,12325,12806,1.039026369168357,0.039026369168357,0.038181614073514586,1,1
EFRGP01_00,crop07,BA-TOS-LS,263,8273,74,0.9432624113475178,12103,12252,12682,1.0350963108063989,0.03509631080639895,0.03552778408782508,1,1
EFRGP01_00,crop07,BA-TOS-LS,263,8274,66,0.9514479743970026,12189,12329,12671,1.0277394760321195,0.027739476032119393,0.10169393892863685,1,1
EFRGP01_00,crop07,BA-TOS-LS,263,8275,80,0.96244872199432,12200,12257,12619,1.0295341437545893,0.029534143754589213,0.061014770950548844,1,1
EFRGP01_00,crop07,BA-TOS-LS,263,8279,75,0.9544495663723729,12216,12318,12697,1.0307679818152298,0.030767981815229745,0.028746564985673597,1,1
EFRGP01_00,crop07,BA-TOS-LS,263,8281,77,0.9530133581857719,12271,12350,12797,1.0361943319838056,0.036194331983805665,0.06706547141125703,1,1
EFRGP01_00,crop07,BA-TOS-LS,263,8282,73,0.9466015655273967,12214,12355,12762,1.0329421286928369,0.03294212869283691,0.09955522063157464,1,1
EFRGP01_00,crop07,BA-TOS-LS,263,8285,70,0.9593228309428639,12240,12367,12632,1.0214279938546131,0.021427993854613085,0.0416456615716518,1,1
EFRGP01_00,crop07,BA-TOS-LS,263,8297,78,0.95730908530477,12423,12542,12858,1.0251953436453516,0.025195343645351618,0.10454824551080259,1,1
EFRGP01_00,crop07,BA-TOS-LS,263,8299,81,0.9507151741293532,12230,12413,12681,1.0215902682671394,0.02159026826713929,0.09528571298496123,1,1
EFRGP01_00,crop07,BA-TOS-LS,263,8304,85,0.956771201760591,12173,12266,12630,1.029675525843796,0.029675525843795857,0.049500578374944586,1,1
EFRGP01_00,crop07,BA-TOS-LS,263,8313,82,0.9397857689364958,12283,12512,12841,1.0262947570332481,0.026294757033248083,0.08507358908857483,1,1
EFRGP01_00,crop07,BA-TOS-LS,263,8314,84,0.9574855514211068,12094,12206,12519,1.0256431263313124,0.02564312633131247,0.04314256970945341,1,1
EFRGP01_00,crop07,BA-TOS-LS,263,8317,87,0.9519907228449942,12314,12411,12838,1.0344049633389736,0.03440496333897349,0.05167253283588928,1,1
EFRGP01_00,crop07,BA-TOS-LS,263,8320,88,0.7339689094000486,12087,12179,16376,1.3446095738566384,0.3446095738566385,4.7249920441909605,1,0
EFRGP01_00,crop07,BA-TOS-LS,263,8330,93,0.9532159144519579,12123,12240,12601,1.0294934640522875,0.02949346405228758,0.06792928668059157,1,1
EFRGP01_00,crop07,BA-TOS-LS,263,8331,89,0.9526010654967095,12159,12274,12649,1.03055238715985,0.03055238715985009,0.05483827890161253,1,1
EFRGP01_00,crop07,BA-TOS-LS,263,8332,100,0.9536655523594807,12267,12387,12743,1.0287398078630823,0.028739807863082265,0.05499023513521982,1,1
EFRGP01_00,crop07,BA-TOS-LS,263,8334,98,0.9531312166786027,11978,12089,12456,1.030358176854992,0.03035817685499214,0.08940467012933835,1,1
EFRGP01_00,crop07,BA-TOS-LS,263,8340,97,0.7928284310597843,12426,12507,15592,1.2466618693531621,0.24666186935316223,1.4707183410724434,1,1
EFRGP01_00,crop07,BA-TOS-LS,263,8341,91,0.9542014511976281,12230,12308,12739,1.0350178745531362,0.03501787455313617,0.08237785813138362,1,1
EFRGP01_00,crop07,BA-TOS-LS,263,8342,92,0.956882255389718,12117,12216,12564,1.0284872298624754,0.02848722986247544,0.04032397784519126,1,1
EFRGP01_00,crop07,BA-TOS-LS,263,8346,94,0.9570842537077943,12132,12189,12619,1.035277709410124,0.035277709410123884,0.02031538368894077,1,1
EFRGP01_00,crop07,BA-TOS-LS,263,8349,99,0.6925095555935877,12139,12219,17449,1.428021933055078,0.42802193305507813,5.054529973370203,1,0
EFRGP01_00,crop07,BA-TOS-LS,263,8357,109,0.9580056621579113,12182,12333,12565,1.018811319224844,0.018811319224843914,0.04459431022557006,1,1
EFRGP01_00,crop07,BA-TOS-LS,263,8358,113,0.7625117739403454,12143,12345,15723,1.27363304981774,0.27363304981773995,4.21484709427058,1,1
EFRGP01_00,crop07,BA-TOS-LS,263,8359,108,0.9527378885908159,12075,12243,12506,1.021481662991097,0.021481662991096953,0.04553257297315227,1,1
EFRGP01_00,crop07,BA-TOS-LS,263,8364,110,0.9493166731745412,12156,12268,12693,1.0346429735898273,0.034642973589827195,0.08124420014284708,1,1
EFRGP01_00,crop07,BA-TOS-LS,263,8367,115,0.8735107369622601,12244,12338,13923,1.1284649051710163,0.12846490517101639,1.8337624613560275,1,1
EFRGP01_00,crop07,BA-TOS-LS,263,8370,117,0.9458104933437744,12078,12201,12647,1.03655438078846,0.03655438078845996,0.06691286970826635,1,1
EFRGP01_00,crop07,BA-TOS-LS,263,8372,120,0.9545347282309447,12135,12253,12595,1.0279115318697463,0.027911531869746185,0.046231664413804704,1,1
EFRGP01_00,crop07,BA-TOS-LS,263,8375,116,0.9602259167926179,12071,12119,12523,1.0333360838352998,0.03333608383529994,0.0871636395523501,1,1
EFRGP01_00,crop07,BA-TOS-LS,263,8376,118,0.9462813043807218,12507,12617,13107,1.0388364904493936,0.038836490449393676,0.05919854630565656,1,1
EFRGP01_00,crop07,BA-TOS-LS,263,8378,124,0.8349480968858132,12065,12235,14280,1.1671434409480996,0.16714344094809971,2.590404888110427,1,1
EFRGP01_00,crop07,BA-TOS-LS,263,8380,127,0.9549803921568627,12176,12329,12597,1.0217373671830643,0.02173736718306432,0.09977737384544738,1,1
EFRGP01_00,crop07,BA-TOS-LS,263,8384,122,0.9499649286883329,12189,12305,12715,1.033319788703779,0.033319788703778955,0.02944805969165212,1,1
EFRGP01_00,crop07,BA-TOS-LS,263,8385,123,0.9476817042606517,12100,12260,12608,1.0283849918433932,0.02838499184339315,0.037481681828298,1,1
EFRGP01_00,crop07,BA-TOS-LS,263,8391,125,0.9416525358409126,12217,12381,12810,1.0346498667312818,0.0346498667312818,0.09762839270192497,1,1
EFRGP01_00,crop07,BA-TOS-LS,263,8396,128,0.9505367793240557,11953,12082,12446,1.030127462340672,0.030127462340672075,0.03232133192215095,1,1
EFRGP01_00,crop07,BA-TOS-LS,263,8406,129,0.9497702671131532,12196,12269,12768,1.0406716113782704,0.04067161137827044,0.08860350819239068,1,1
EFRGP01_00,crop07,BA-TOS-LS,263,8407,136,0.9550205891669307,12060,12204,12484,1.0229432972795804,0.022943297279580464,0.08025897678028455,1,1
EFRGP01_00,crop07,BA-TOS-LS,263,8411,137,0.9402927282583443,12142,12256,12799,1.0443048302872062,0.04430483028720627,0.06308571507047364,1,1
EFRGP01_00,crop07,BA-TOS-LS,263,8415,131,0.9537240729101194,12139,12224,12643,1.034276832460733,0.03427683246073299,0.07384141823499529,1,1
EFRGP01_00,crop07,BA-TOS-LS,263,8416,130,0.9569474665837737,12314,12393,12789,1.0319535221496006,0.03195352214960058,0.06657451518637358,1,1
EFRGP01_00,crop07,BA-TOS-LS,263,8417,143,0.9625167336010709,12223,12319,12603,1.0230538193035148,0.023053819303514897,0.0505919881800587,1,1
EFRGP01_00,crop07,BA-TOS-LS,263,8418,133,0.9611711288554877,12278,12325,12727,1.0326166328600406,0.032616632860040566,0.06632283947756731,1,1
EFRGP01_00,crop07,BA-TOS-LS,263,8419,132,0.9513996889580093,12235,12356,12739,1.0309970864357396,0.030997086435739722,0.10719737663484821,1,1
EFRGP01_00,crop07,BA-TOS-LS,263,8420,134,0.9544774356147121,12119,12240,12576,1.0274509803921568,0.027450980392156862,0.03807919894852105,1,1
EFRGP01_00,crop07,BA-TOS-LS,263,8429,146,0.8250877313699856,11991,12169,14355,1.1796367819870162,0.1796367819870162,2.8359303006901793,1,1
EFRGP01_00,crop07,BA-TOS-LS,263,8430,140,0.9526585269791257,12094,12212,12577,1.0298886341303635,0.02988863413036358,0.11784594384347222,1,1
EFRGP01_00,crop07,BA-TOS-LS,263,8431,144,0.8632960136917921,12106,12216,13913,1.1389161755075312,0.1389161755075311,1.638235660715821,1,1
EFRGP01_00,crop07,BA-TOS-LS,263,8435,141,0.6513890390228083,12052,12194,18360,1.5056585205838937,0.5056585205838937,5.881019144680182,1,0
EFRGP01_00,crop07,BA-TOS-LS,263,8438,142,0.9603338632750398,12081,12167,12494,1.0268759760006576,0.026875976000657515,0.07890740775375382,1,1
EFRGP01_00,crop07,BA-TOS-LS,263,8439,138,0.9551729609647731,12039,12151,12492,1.0280635338655255,0.028063533865525472,0.05764575601951823,1,1
EFRGP01_00,crop07,BA-TOS-LS,263,8441,150,0.9529476670870114,12091,12227,12552,1.0265805185245767,0.026580518524576758,0.0562504637276292,1,1
EFRGP01_00,crop07,BA-TOS-LS,263,8447,157,0.96136927137487,12020,12164,12359,1.0160309108845775,0.01603091088457744,0.04774627984928509,1,1
EFRGP01_00,crop07,BA-TOS-LS,263,8448,155,0.8949326586799613,12027,12166,13300,1.093210586881473,0.09321058688147296,0.9714065847677152,1,1
EFRGP01_00,crop07,BA-TOS-LS,263,8449,156,0.9489154353976736,12074,12240,12558,1.0259803921568627,0.025980392156862746,0.08454344563572802,1,1
EFRGP01_00,crop07,BA-TOS-LS,263,8450,148,0.9488256338466324,12200,12325,12733,1.033103448275862,0.03310344827586207,0.0403681201843146,1,1
EFRGP01_00,crop07,BA-TOS-LS,263,8453,154,0.638112973308504,12336,12430,19238,1.5477071600965406,0.5477071600965406,5.049367253610742,1,0
EFRGP01_00,crop07,BA-TOS-LS,263,8455,152,0.9566018095924413,11947,12089,12347,1.0213417156092315,0.021341715609231534,0.06495497306716129,1,1
EFRGP01_00,crop07,BA-TOS-LS,263,8460,158,0.949614840433894,12081,12241,12562,1.0262233477657055,0.026223347765705417,0.08811576441139841,1,1
EFRGP01_00,crop07,BA-TOS-LS,263,8462,159,0.9537358133669609,12101,12231,12558,1.0267353446161394,0.026735344616139318,0.06807704351448574,1,1
EFRGP01_00,crop07,BA-TOS-LS,263,8465,162,0.9412592882283927,12034,12242,12577,1.0273648096716224,0.027364809671622282,0.04298505507111586,1,1
EFRGP01_00,crop07,BA-TOS-LS,263,8466,160,0.9531225420795973,12118,12282,12550,1.021820550398958,0.021820550398957826,0.06788623298611533,1,1
EFRGP01_00,crop07,BA-TOS-LS,263,8468,164,0.7857643535334226,12331,12408,15616,1.2585428755641521,0.2585428755641522,3.9077682179813604,1,1
EFRGP01_00,crop07,BA-TOS-LS,263,8472,161,0.7413771940591629,12080,12223,16151,1.321361367912951,0.321361367912951,5.381237646635547,1,0
EFRGP01_00,crop07,BA-TOS-LS,263,8473,165,0.947421875,12127,12246,12681,1.0355218030377267,0.035521803037726604,0.02986221783824197,1,1
EFRGP01_00,crop07,BA-TOS-LS,263,8478,163,0.9511984960050133,12143,12255,12654,1.0325581395348837,0.03255813953488372,0.05096441868826176,1,1
EFRGP01_00,crop07,BA-TOS-LS,263,8484,171,0.9431014380101049,12133,12248,12750,1.0409862834748531,0.04098628347485304,0.05885625651229291,1,1
EFRGP01_00,crop07,BA-TOS-LS,263,8486,166,0.9557950640424867,12238,12323,12719,1.032135032053883,0.03213503205388298,0.0660853733988584,1,1
EFRGP01_00,crop07,BA-TOS-LS,263,8489,167,0.9425908521303258,12035,12279,12524,1.019952764883134,0.019952764883133807,0.047735267383770874,1,1
EFRGP01_00,crop07,BA-TOS-LS,263,8495,170,0.9545205479452055,12194,12337,12632,1.0239118100024318,0.02391181000243171,0.08333672683646336,1,1
EFRGP01_00,crop07,BA-TOS-LS,263,8497,175,0.9673384848243448,12143,12216,12480,1.0216110019646365,0.021611001964636542,0.08049507425730656,1,1
EFRGP01_00,crop07,BA-TOS-LS,263,8499,172,0.9588160609427075,12083,12203,12482,1.022863230353192,0.02286323035319184,0.06015494673782625,1,1
EFRGP01_00,crop07,BA-TOS-LS,263,8507,180,0.8057502596053998,12415,12510,15313,1.2240607513988808,0.2240607513988809,1.6721984683225637,1,1
EFRGP01_00,crop07,BA-TOS-LS,263,8508,181,0.9474670205292327,12138,12294,12655,1.0293639173580609,0.02936391735806084,0.07783841034410949,1,1
EFRGP01_00,crop07,BA-TOS-LS,263,8509,178,0.9566384961693389,12112,12215,12558,1.028080229226361,0.028080229226361032,0.040142969743872395,1,1
EFRGP01_00,crop07,BA-TOS-LS,263,8515,177,0.9550121482874834,12185,12288,12656,1.0299479166666667,0.029947916666666668,0.05152909393389615,1,1
EFRGP01_00,crop07,BA-TOS-LS,263,8516,174,0.9529225908372828,12064,12215,12509,1.0240687679083094,0.024068767908309457,0.05520514607888312,1,1
EFRGP01_00,crop07,BA-TOS-LS,263,8522,187,0.9539748953974896,12312,12437,12781,1.0276594033931012,0.02765940339310123,0.049769802613935495,1,1
EFRGP01_00,crop07,BA-TOS-LS,263,8523,182,0.9601378338162738,12260,12327,12702,1.030421027013872,0.030421027013871987,0.09602532109965663,1,1
EFRGP01_00,crop07,BA-TOS-LS,263,8530,189,0.8599929253625752,12156,12234,14057,1.149010953081576,0.14901095308157594,1.4995160035036528,1,1
EFRGP01_00,crop07,BA-TOS-LS,263,8531,183,0.9479475573591385,12147,12269,12692,1.0344771375010189,0.03447713750101883,0.06782323633686134,1,1
EFRGP01_00,crop07,BA-TOS-LS,263,8536,188,0.955679760686452,12140,12218,12625,1.0333115076117203,0.033311507611720415,0.07847442814324046,1,1
EFRGP01_00,crop07,BA-TOS-LS,263,8539,191,0.9523287671232876,12166,12306,12635,1.0267349260523322,0.026734926052332197,0.033492074866969,1,1
EFRGP01_00,crop07,BA-TOS-LS,263,8540,192,0.9547933296451434,12081,12168,12566,1.0327087442472058,0.03270874424720579,0.06184001028247092,1,1
EFRGP01_00,crop07,BA-TOS-LS,263,8541,200,0.9554326353220071,12091,12195,12551,1.0291922919229193,0.02919229192291923,0.07283071937181003,1,1
EFRGP01_00,crop07,BA-TOS-LS,263,8542,199,0.9490122589209027,12154,12250,12711,1.0376326530612245,0.03763265306122449,0.05186923985883612,1,1
EFRGP01_00,crop07,BA-TOS-LS,263,8543,203,0.9505391467416784,12165,12266,12697,1.035137779227132,0.03513777922713191,0.05361157489135286,1,1
EFRGP01_00,crop07,BA-TOS-LS,263,8544,197,0.9609590661724111,12184,12334,12529,1.0158099562185827,0.01580995621858278,0.038631908435126885,1,1
EFRGP01_00,crop07,BA-TOS-LS,263,8545,195,0.9582323034806414,12251,12331,12705,1.0303300624442462,0.030330062444246207,0.048961142759824605,1,1
EFRGP01_00,crop07,BA-TOS-LS,263,8546,193,0.592378078458094,12171,12285,20432,1.663166463166463,0.6631664631664632,7.155669440756052,1,0
EFRGP01_00,crop07,BA-TOS-LS,263,8548,204,0.9421231816774992,12176,12322,12778,1.0370069793864631,0.03700697938646324,0.05140735152354162,1,1
EFRGP01_00,crop07,BA-TOS-LS,263,8552,198,0.9630365659777425,12115,12200,12495,1.0241803278688524,0.02418032786885246,0.06359011463597009,1,1
EFRGP01_00,crop07,BA-TOS-LS,263,8559,202,0.9471082162756023,12069,12288,12524,1.0192057291666667,0.019205729166666668,0.07534890454013385,1,1
EFRGP01_00,crop07,BA-TOS-LS,263,8561,207,0.9577386173351408,12011,12192,12360,1.013779527559055,0.013779527559055118,0.05546254346504314,1,1
EFRGP01_00,crop07,BA-TOS-LS,263,8562,206,0.7479438501020345,12095,12198,16068,1.3172651254303984,0.3172651254303984,3.836065096553214,1,0
EFRGP01_00,crop07,BA-TOS-LS,263,8567,201,0.9538959501065761,12083,12192,12558,1.0300196850393701,0.030019685039370077,0.05483274284168141,1,1
EFRGP01_00,crop07,BA-TOS-LS,263,8572,213,0.9522407068375388,11963,12091,12435,1.028450913902903,0.028450913902902986,0.003351646211579852,1,1
EFRGP01_00,crop07,BA-TOS-LS,263,8573,205,0.9454362779194683,12233,12397,12775,1.0304912478825523,0.030491247882552232,0.09548629209031989,1,1
EFRGP01_00,crop07,BA-TOS-LS,263,8577,215,0.9425404810564376,11991,12226,12487,1.0213479469982005,0.021347946998200557,0.05145173769146789,1,1
EFRGP01_00,crop07,BA-TOS-LS,263,8581,211,0.9569453174104336,12180,12311,12597,1.0232312565997888,0.023231256599788808,0.06283858102379365,1,1
EFRGP01_00,crop07,BA-TOS-LS,263,8582,217,0.9631263788213048,12224,12298,12618,1.0260204911367703,0.026020491136770206,0.022771110081460776,1,1
EFRGP01_00,crop07,BA-TOS-LS,263,8585,218,0.6838128288368969,12217,12350,17733,1.4358704453441296,0.43587044534412955,6.335174655301345,1,0
EFRGP01_00,crop07,BA-TOS-LS,263,8591,214,0.94745122718691,12044,12156,12600,1.0365251727541955,0.03652517275419546,0.031448203694584384,1,1
EFRGP01_00,crop07,BA-TOS-LS,263,8592,210,0.9509047993705744,12086,12207,12589,1.0312935201114115,0.03129352011141148,0.07375165252446696,1,1
EFRGP01_00,crop07,BA-TOS-LS,263,8593,216,0.9571519087597022,12085,12225,12486,1.0213496932515338,0.02134969325153374,0.012826932663962396,1,1
EFRGP01_00,crop07,BA-TOS-LS,263,8598,212,0.8072545757071548,12129,12292,14862,1.2090790758216727,0.20907907582167262,3.51461707604522,1,1
EFRGP01_00,crop07,BA-TOS-LS,263,8608,222,0.9469773202260237,12234,12407,12746,1.027323285242202,0.027323285242201983,0.08254991431437252,1,1
EFRGP01_00,crop07,BA-TOS-LS,263,8609,226,0.9545730320036402,12587,12692,13081,1.0306492278600694,0.030649227860069336,0.11737415499709408,1,1
EFRGP01_00,crop07,BA-TOS-LS,263,8612,224,0.9590331188196516,12220,12321,12641,1.0259719178638098,0.025971917863809757,0.05317223158934908,1,1
EFRGP01_00,crop07,BA-TOS-LS,263,8616,230,0.9530180460485377,12252,12380,12728,1.0281098546042002,0.028109854604200322,0.1031300943579701,1,1
EFRGP01_00,crop07,BA-TOS-LS,263,8618,227,0.9529578351164254,12114,12217,12609,1.0320864369321436,0.03208643693214373,0.021692295554705022,1,1
EFRGP01_00,crop07,BA-TOS-LS,263,8619,234,0.9516471420709175,12104,12195,12628,1.0355063550635506,0.03550635506355063,0.05315246418256258,1,1
EFRGP01_00,crop07,BA-TOS-LS,263,8620,232,0.6258164852255055,12072,12217,19145,1.567078660882377,0.567078660882377,7.702013505470609,1,0
EFRGP01_00,crop07,BA-TOS-LS,263,8623,235,0.9582129188471452,12268,12397,12674,1.0223441155118174,0.022344115511817374,0.08663065926718366,1,1
EFRGP01_00,crop07,BA-TOS-LS,263,8629,228,0.9555468135326515,12145,12246,12609,1.029642332190103,0.029642332190102892,0.025753415857502602,1,1
EFRGP01_00,crop07,BA-TOS-LS,263,8630,229,0.949585144211774,12017,12180,12492,1.025615763546798,0.02561576354679803,0.04479591883286028,1,1
EFRGP01_00,crop07,BA-TOS-LS,263,8631,231,0.9546352643641824,12079,12206,12526,1.0262166147796166,0.026216614779616582,0.05899220362467022,1,1
EFRGP01_00,crop07,BA-TOS-LS,263,8635,233,0.9529964747356052,12165,12322,12608,1.0232105177730888,0.023210517773088784,0.11000915166413161,1,1
EFRGP01_00,crop07,BA-TOS-LS,263,8639,240,0.9552368879733798,12057,12264,12415,1.0123124592302675,0.012312459230267449,0.06091631355752939,1,1
EFRGP01_00,crop07,BA-TOS-LS,263,8640,239,0.9638544517791016,11973,12118,12277,1.0131209770589207,0.013120977058920614,0.025759301529647248,1,1
EFRGP01_00,crop07,BA-TOS-LS,263,8644,236,0.8568791708078943,12070,12179,13977,1.147631168404631,0.14763116840463092,2.06985030955096,1,1
EFRGP01_00,crop07,BA-TOS-LS,263,8650,246,0.9588014981273408,12288,12390,12714,1.0261501210653754,0.026150121065375304,0.12224798890753058,1,1
EFRGP01_00,crop07,BA-TOS-LS,263,8652,249,0.9572981366459627,12330,12455,12755,1.0240867121637895,0.02408671216378964,0.07571863192011864,1,1
EFRGP01_00,crop07,BA-TOS-LS,263,8656,247,0.95559184943226,12287,12369,12776,1.0329048427520413,0.03290484275204139,0.06006265251413969,1,1
EFRGP01_00,crop07,BA-TOS-LS,263,8657,245,0.6871176070700203,12129,12261,17520,1.4289209689258624,0.4289209689258625,5.867511782167502,1,0
EFRGP01_00,crop07,BA-TOS-LS,263,8659,251,0.9393753357378559,12241,12339,12933,1.048140043763676,0.04814004376367615,0.43655480384180406,1,1
EFRGP01_00,crop07,BA-TOS-LS,263,8661,254,0.9561708860759494,12086,12187,12539,1.0288832362353326,0.028883236235332732,0.041318669469039525,1,1
EFRGP01_00,crop07,BA-TOS-LS,263,8665,248,0.9532475682459993,12152,12249,12651,1.0328190056331128,0.03281900563311291,0.048195825669372694,1,1
EFRGP01_00,crop07,BA-TOS-LS,263,8666,256,0.9530613812706461,12406,12520,12903,1.030591054313099,0.030591054313099043,0.08825453613427035,1,1
EFRGP01_00,crop07,BA-TOS-LS,263,8669,253,0.9469798130547482,12056,12200,12587,1.0317213114754098,0.03172131147540984,0.13892479306773242,1,1
EFRGP01_00,crop07,BA-TOS-LS,263,8670,250,0.6472855766141985,12090,12185,18583,1.5250718096019695,0.5250718096019696,5.164328461032752,1,0
EFRGP01_00,crop07,BA-TOS-LS,263,8679,252,0.9464592777864624,12109,12286,12617,1.0269412339247925,0.026941233924792446,0.06473299612600071,1,1
EFRGP01_00,crop07,BA-TOS-LS,263,8680,262,0.9481955302850825,12007,12106,12564,1.0378324797621015,0.03783247976210144,0.05459354399926052,1,1
EFRGP01_00,crop07,BA-TOS-LS,263,8681,255,0.9529051026024058,12120,12285,12554,1.021896621896622,0.021896621896621896,0.08464324586273936,1,1
EFRGP01_00,crop07,BA-TOS-LS,263,8685,267,0.8591797840050822,12172,12245,14094,1.1510004083299306,0.15100040832993059,2.243755809992761,1,1
EFRGP01_00,crop07,BA-TOS-LS,263,8686,268,0.9527232945221537,12192,12318,12671,1.028657249553499,0.028657249553498944,0.0972854353331403,1,1
EFRGP01_00,crop07,BA-TOS-LS,263,8689,258,0.9437109103544128,12222,12330,12843,1.0416058394160583,0.041605839416058395,0.014181913986711219,1,1
EFRGP01_00,crop07,BA-TOS-LS,263,8694,261,0.9550703008404682,12159,12224,12666,1.036158376963351,0.03615837696335079,0.03964351656983606,1,1
EFRGP01_00,crop07,BA-TOS-LS,263,8700,274,0.9347641473017834,12108,12190,12871,1.0558654634946678,0.05586546349466776,0.3262110102563368,1,1
EFRGP01_00,crop07,BA-TOS-LS,263,8701,263,0.9433037797480168,12129,12308,12679,1.0301429964250894,0.03014299642508937,0.0495350690821642,1,1
EFRGP01_00,crop07,BA-TOS-LS,263,8702,270,0.9491498740554156,12058,12150,12612,1.0380246913580247,0.03802469135802469,0.07572688403365313,1,1
EFRGP01_00,crop07,BA-TOS-LS,263,8705,269,0.9509742300439975,12104,12252,12580,1.0267711394058112,0.026771139405811297,0.04233374969047046,1,1
EFRGP01_00,crop07,BA-TOS-LS,263,8712,276,0.9513364779874214,12101,12271,12550,1.0227365332898704,0.022736533289870426,0.035017916065916324,1,1
EFRGP01_00,crop07,BA-TOS-LS,263,8714,273,0.9555538318336954,12319,12433,12778,1.0277487332100057,0.02774873321000563,0.058232223752023755,1,1
EFRGP01_00,crop07,BA-TOS-LS,263,8716,279,0.9569502483639517,12137,12187,12633,1.036596373184541,0.036596373184540905,0.1520210538704617,1,1
EFRGP01_00,crop07,BA-TOS-LS,263,8717,271,0.9565114256345378,12097,12230,12514,1.023221586263287,0.023221586263287,0.04321704678274674,1,1
EFRGP01_00,crop07,BA-TOS-LS,263,8724,280,0.9611926171320397,12186,12256,12608,1.0287206266318538,0.028720626631853787,0.07207110447848777,1,1
EFRGP01_00,crop07,BA-TOS-LS,263,8725,281,0.9574873096446701,12072,12229,12451,1.0181535693842505,0.018153569384250553,0.09868222883054564,1,1
EFRGP01_00,crop07,BA-TOS-LS,263,8729,284,0.8127736980394799,12064,12237,14670,1.198823240990439,0.19882324099043883,1.8917500928626312,1,1
EFRGP01_00,crop07,BA-TOS-LS,263,8730,282,0.9539001560062402,12229,12328,12721,1.0318786502271253,0.031878650227125244,0.10122614737227514,1,1
EFRGP01_00,crop07,BA-TOS-LS,263,8737,292,0.9542140337122696,12171,12313,12613,1.0243644928124747,0.02436449281247462,0.08366150998770812,1,1
EFRGP01_00,crop07,BA-TOS-LS,263,8738,283,0.7987689083884487,12198,12365,15104,1.2215123331985442,0.22151233319854427,3.9367399536519616,1,1
EFRGP01_00,crop07,BA-TOS-LS,263,8740,285,0.7876712328767124,12190,12263,15403,1.2560547989888282,0.25605479898882816,2.9292274209816527,1,1
EFRGP01_00,crop07,BA-TOS-LS,263,8742,288,0.9543095312991506,12135,12298,12553,1.0207350788746137,0.020735078874613757,0.07989312842765314,1,1
EFRGP01_00,crop07,BA-TOS-LS,263,8749,289,0.958638988606212,12284,12399,12699,1.0241954996370675,0.024195499637067505,0.05818219702000285,1,1
EFRGP01_00,crop07,BA-TOS-LS,263,8750,294,0.9588695034341201,12146,12258,12555,1.024229074889868,0.024229074889867842,0.08360081019262365,1,1
EFRGP01_00,crop07,BA-TOS-LS,263,8753,296,0.9533076983441889,12148,12276,12615,1.0276148582600195,0.02761485826001955,0.06061405954511216,1,1
EFRGP01_00,crop07,BA-TOS-LS,263,8754,291,0.9556106534431736,11948,12095,12356,1.0215791649441919,0.021579164944191816,0.02637521656767044,1,1
EFRGP01_00,crop07,BA-TOS-LS,263,8758,297,0.9585455685291121,12232,12290,12703,1.0336045565500407,0.03360455655004068,0.03142380672559566,1,1
EFRGP01_00,crop07,BA-TOS-LS,263,8759,302,0.794893672880021,12111,12213,15134,1.2391713747645952,0.2391713747645951,3.72144053951435,1,1
EFRGP01_00,crop07,BA-TOS-LS,263,8763,300,0.9611388690617813,12119,12229,12499,1.0220786654673317,0.022078665467331754,0.037421772327559284,1,1
EFRGP01_00,crop07,BA-TOS-LS,263,8765,295,0.9594093026928848,12149,12292,12520,1.0185486495281484,0.01854864952814839,0.07161793031613085,1,1
EFRGP01_00,crop07,BA-TOS-LS,263,8768,290,0.9520196031934235,12044,12159,12536,1.0310058392959947,0.031005839295994736,0.1144522970975357,1,1
EFRGP01_00,crop07,BA-TOS-LS,263,8770,301,0.6690334654337297,12155,12255,18068,1.4743370053039575,0.47433700530395756,5.946226754221237,1,0
EFRGP01_00,crop07,BA-TOS-LS,263,8773,298,0.9483043512471477,12052,12151,12610,1.037774668751543,0.03777466875154308,0.012185516434503916,1,1
EFRGP01_00,crop07,BA-TOS-LS,263,8776,304,0.7301239105946523,12315,12446,16736,1.3446890567250522,0.34468905672505223,4.287624751118131,1,0
EFRGP01_00,crop07,BA-TOS-LS,263,8779,306,0.9469340532202083,12277,12384,12858,1.0382751937984496,0.03827519379844961,0.024497440810075446,1,1
EFRGP01_00,crop07,BA-TOS-LS,263,8780,303,0.959709847827801,12172,12260,12595,1.0273246329526917,0.02732463295269168,0.06645367134590498,1,1
EFRGP01_00,crop07,BA-TOS-LS,263,8783,299,0.9428924216700107,12218,12402,12774,1.0299951620706338,0.02999516207063377,0.06239532525027068,1,1
EFRGP01_00,crop07,BA-TOS-LS,263,8785,307,0.9451044335740353,12172,12340,12711,1.030064829821718,0.03006482982171799,0.1001825031639976,1,1
EFRGP01_00,crop07,BA-TOS-LS,263,8788,305,0.9607566125107919,12241,12348,12634,1.0231616456106252,0.0231616456106252,0.0748181265202798,1,1
EFRGP01_00,crop07,BA-TOS-LS,263,8790,313,0.9487139272271017,12098,12348,12502,1.0124716553287982,0.012471655328798186,0.08001447218158012,1,1
EFRGP01_00,crop07,BA-TOS-LS,263,8791,315,0.9406819243344232,12084,12293,12637,1.0279834051899455,0.027983405189945496,0.10973962276347088,1,1
EFRGP01_00,crop07,BA-TOS-LS,263,8793,310,0.9567052203813692,12242,12332,12706,1.0303276029841064,0.03032760298410639,0.07484337395132169,1,1
EFRGP01_00,crop07,BA-TOS-LS,263,8794,308,0.9577610986905142,11995,12115,12404,1.0238547255468426,0.023854725546842755,0.03332390408638261,1,1
EFRGP01_00,crop07,BA-TOS-LS,263,8795,311,0.9589706819630338,12037,12141,12448,1.0252862202454494,0.025286220245449305,0.04588295833255352,1,1
EFRGP01_00,crop07,BA-TOS-LS,263,8797,319,0.9583398836660902,12192,12290,12624,1.0271765663140764,0.027176566314076486,0.03411353156129007,1,1
EFRGP01_00,crop07,BA-TOS-LS,263,8799,321,0.9506832103031255,12106,12209,12631,1.0345646654107625,0.03456466541076255,0.054764794125905944,1,1
EFRGP01_00,crop07,BA-TOS-LS,263,8800,324,0.9544739738952666,12139,12282,12575,1.0238560495033382,0.02385604950333822,0.0974658401333638,1,1
EFRGP01_00,crop07,BA-TOS-LS,263,8801,322,0.9495614035087719,12124,12258,12634,1.0306738456518192,0.030673845651819222,0.09054098574440715,1,1
EFRGP01_00,crop07,BA-TOS-LS,263,8808,325,0.9492093168185713,12185,12346,12676,1.026729305038069,0.02672930503806901,0.08935425166852597,1,1
EFRGP01_00,crop07,BA-TOS-LS,263,8809,318,0.9602528644804426,12152,12256,12551,1.0240698433420365,0.024069843342036552,0.04775672413906153,1,1
EFRGP01_00,crop07,BA-TOS-LS,263,8810,314,0.9580890508635715,12093,12223,12492,1.0220076904197006,0.022007690419700566,0.06556472125254448,1,1
EFRGP01_00,crop07,BA-TOS-LS,263,8816,323,0.9596602972399151,12204,12331,12590,1.0210039737247587,0.021003973724758738,0.0595469311639265,1,1
EFRGP01_00,crop07,BA-TOS-LS,263,8827,326,0.9374660141381186,12068,12302,12639,1.0273939196878557,0.027393919687855633,0.170774275700222,1,1
EFRGP01_00,crop07,BA-TOS-LS,263,8828,335,0.9494355961032936,12280,12405,12809,1.0325675130995566,0.03256751309955663,0.08803276946067323,1,1
EFRGP01_00,crop07,BA-TOS-LS,263,8835,330,0.5996256342052115,12173,12290,20184,1.6423108218063467,0.6423108218063466,8.83639942185784,1,0
EFRGP01_00,crop07,BA-TOS-LS,263,8836,338,0.9588746313859887,12031,12145,12433,1.0237134623301771,0.02371346233017703,0.059170922726604035,1,1
EFRGP01_00,crop07,BA-TOS-LS,263,8845,339,0.9498513534658113,12141,12260,12663,1.0328711256117455,0.032871125611745516,0.06369763105405918,1,1
EFRGP01_00,crop07,BA-TOS-LS,263,8846,329,0.9548979268871657,12068,12179,12527,1.0285737745299286,0.028573774529928566,0.0294283100324738,1,1
EFRGP01_00,crop07,BA-TOS-LS,263,8851,337,0.9598601065098163,12076,12182,12475,1.0240518798226892,0.024051879822689214,0.09361393287512204,1,1
EFRGP01_00,crop07,BA-TOS-LS,263,8854,343,0.9577861163227017,12252,12352,12692,1.0275259067357514,0.027525906735751296,0.06104723529785432,1,1
EFRGP01_00,crop07,BA-TOS-LS,263,8855,345,0.9585974798465994,12248,12380,12645,1.02140549273021,0.021405492730210016,0.063857135691417,1,1
EFRGP01_00,crop07,BA-TOS-LS,263,8862,342,0.936844505243958,12327,12550,12935,1.0306772908366535,0.030677290836653385,0.03778803501776032,1,1
EFRGP01_00,crop07,BA-TOS-LS,263,8863,349,0.9543368154479266,12059,12216,12479,1.0215291421087098,0.02152914210870989,0.024407497771893882,1,1
EFRGP01_00,crop07,BA-TOS-LS,263,8866,340,0.9529448670692495,12151,12242,12660,1.034144747590263,0.03414474759026303,0.0394628105246358,1,1
EFRGP01_00,crop07,BA-TOS-LS,263,8872,344,0.9485718626557278,12487,12636,13015,1.0299936688825577,0.02999366888255777,0.044971933972269715,1,1
EFRGP01_00,crop07,BA-TOS-LS,263,8873,341,0.8916295701671166,12218,12305,13616,1.1065420560747663,0.10654205607476636,1.515806865697034,1,1
EFRGP01_00,crop07,BA-TOS-LS,263,8876,346,0.9563887363714801,12193,12281,12661,1.030942105691719,0.030942105691718916,0.03736066911222253,1,1
EFRGP01_00,crop07,BA-TOS-LS,263,8879,347,0.9501577287066246,12048,12206,12522,1.0258889070948713,0.025888907094871374,0.05256245454674172,1,1
EFRGP01_00,crop07,BA-TOS-LS,263,8884,348,0.9520515642194624,12112,12241,12593,1.028755820602892,0.028755820602891922,0.05573101723359355,1,1
EFRGP01_00,crop07,BA-TOS-LS,263,8885,354,0.9701023450721251,12038,12125,12322,1.0162474226804123,0.01624742268041237,0.054573614640762644,1,1
EFRGP01_00,crop07,BA-TOS-LS,263,8886,355,0.5685307527682144,12220,12338,21376,1.7325336359215433,0.7325336359215432,8.753546928705305,1,0
EFRGP01_00,crop07,BA-TOS-LS,263,8887,350,0.9570537617431121,12123,12229,12561,1.0271485812413117,0.027148581241311635,0.06862926044628749,1,1
EFRGP01_00,crop07,BA-TOS-LS,263,8890,358,0.8131956550891779,12128,12205,14837,1.2156493240475215,0.21564932404752152,2.6456062425262075,1,1
EFRGP01_00,crop07,BA-TOS-LS,263,8892,352,0.9514866979655712,12160,12285,12655,1.0301180301180302,0.030118030118030117,0.045930851479178164,1,1
EFRGP01_00,crop07,BA-TOS-LS,263,8896,364,0.963014763014763,12394,12473,12791,1.0254950693497955,0.02549506934979556,0.029666011573551674,1,1
EFRGP01_00,crop07,BA-TOS-LS,263,8899,356,0.8214868170698559,12089,12231,14574,1.1915624233505029,0.19156242335050283,1.832177397722073,1,1
EFRGP01_00,crop07,BA-TOS-LS,263,8900,353,0.6274104327146771,12136,12230,19249,1.5739165985282093,0.5739165985282093,7.429135704309068,1,0
EFRGP01_00,crop07,BA-TOS-LS,263,8903,361,0.9550035711451472,12034,12159,12476,1.0260712229624147,0.026071222962414674,0.07802231368495051,1,1
EFRGP01_00,crop07,BA-TOS-LS,263,8905,363,0.9078566659247719,12237,12405,13311,1.0730350665054413,0.07303506650544135,0.8950879142895818,1,1
EFRGP01_00,crop07,BA-TOS-LS,263,8906,357,0.7329439393027036,12172,12267,16512,1.3460503790657863,0.34605037906578623,5.900228964675835,1,0
EFRGP01_00,crop07,BA-TOS-LS,263,8907,360,0.6635437212360289,12111,12233,18130,1.482056731791057,0.48205673179105696,7.591377460492275,1,0
EFRGP01_00,crop07,BA-TOS-LS,263,8910,362,0.9511292988116786,12086,12209,12584,1.0307150462773365,0.030715046277336393,0.09701568430926409,1,1
EFRGP01_00,crop07,BA-TOS-LS,263,8918,366,0.9527984344422701,12172,12255,12692,1.035658914728682,0.03565891472868217,0.05074724803205299,1,1
EFRGP01_00,crop07,BA-TOS-LS,263,8920,365,0.6834004925005597,12211,12333,17746,1.4389037541555176,0.4389037541555177,6.820435606429265,1,0
EFRGP01_00,crop07,BA-TOS-LS,263,8925,379,0.9280695126558368,12283,12352,13166,1.0659002590673574,0.06590025906735751,0.7133708504868487,1,1
EFRGP01_00,crop07,BA-TOS-LS,263,8926,368,0.7267265480935102,12217,12298,16730,1.3603838022442674,0.36038380224426736,6.362397202139671,1,0
EFRGP01_00,crop07,BA-TOS-LS,263,8935,376,0.8136418189091879,12203,12274,14927,1.216147955026886,0.2161479550268861,2.797778259436556,1,1
EFRGP01_00,crop07,BA-TOS-LS,263,8936,380,0.7704510703363915,12093,12235,15554,1.2712709440130772,0.2712709440130772,3.011614573219453,1,1
EFRGP01_00,crop07,BA-TOS-LS,263,8937,370,0.7757688843134731,12057,12173,15426,1.2672307565924588,0.2672307565924587,3.6209283163925474,1,1
EFRGP01_00,crop07,BA-TOS-LS,263,8938,371,0.50810562379878,12161,12269,23826,1.9419675605183797,0.9419675605183797,7.565873250864718,1,0
EFRGP01_00,crop07,BA-TOS-LS,263,8942,382,0.7191880416448555,12365,12468,17090,1.3707090150786012,0.3707090150786012,4.344365803216979,1,0
EFRGP01_00,crop07,BA-TOS-LS,263,8948,378,0.8743538196438828,12178,12309,13797,1.1208871557397027,0.12088715573970266,1.6148727672153234,1,1
EFRGP01_00,crop07,BA-TOS-LS,263,8951,384,0.9392812887236679,12128,12245,12795,1.0449162923642303,0.044916292364230295,0.28127058189618437,1,1
EFRGP01_00,crop07,BA-TOS-LS,263,8956,389,0.9100443131462334,12322,12409,13453,1.084132484487066,0.08413248448706584,0.6897423843675354,1,1
EFRGP01_00,crop07,BA-TOS-LS,263,8957,385,0.7516283642620131,12232,12291,16215,1.319257993653893,0.31925799365389307,4.118498336574627,1,1
EFRGP01_00,crop07,BA-TOS-LS,263,8971,388,0.6357862122385748,12312,12420,19257,1.5504830917874397,0.5504830917874396,6.769754712749679,1,0
EFRGP01_01,crop07,BA-TOS-LS,260,8154,18,0.9215204939373651,12388,12464,13367,1.0724486521181,0.07244865211810013,0.7211126856069603,1,1
EFRGP01_01,crop07,BA-TOS-LS,260,8164,31,0.9225475953819099,12066,12228,12917,1.056346090938829,0.05634609093882892,0.6782761180773164,1,1
EFRGP01_01,crop07,BA-TOS-LS,260,8167,25,0.8623814541622761,12276,12370,14141,1.143168957154406,0.1431689571544058,1.7743492670581924,1,1
EFRGP01_01,crop07,BA-TOS-LS,260,8176,34,0.6684044146192668,12052,12157,17926,1.4745414164678785,0.47454141646787856,4.583967037166401,1,0
EFRGP01_01,crop07,BA-TOS-LS,260,8181,37,0.9048077635380398,12214,12334,13379,1.0847251499918924,0.08472514999189233,1.1003711567091716,1,1
EFRGP01_01,crop07,BA-TOS-LS,260,8183,30,0.9530854430379747,12047,12213,12474,1.021370670596905,0.021370670596904937,0.057103862720302816,1,1
EFRGP01_01,crop07,BA-TOS-LS,260,8185,43,0.381638357342507,12425,12525,32457,2.591377245508982,1.591377245508982,6.107601197333582,0,0
EFRGP01_01,crop07,BA-TOS-LS,260,8186,35,0.7079091170549324,12307,12383,17309,1.3978034402002746,0.3978034402002746,3.734582713086133,1,0
EFRGP01_01,crop07,BA-TOS-LS,260,8187,40,0.7370897683397684,12218,12337,16457,1.333954770203453,0.33395477020345304,4.662789038728287,1,0
EFRGP01_01,crop07,BA-TOS-LS,260,8190,33,0.9613908685096718,12276,12416,12629,1.0171552835051547,0.01715528350515464,0.05744927899415262,1,1
EFRGP01_01,crop07,BA-TOS-LS,260,8195,44,0.7634020297615342,12261,12422,15900,1.2799871196264692,0.27998711962646916,4.5099018843931065,1,1
EFRGP01_01,crop07,BA-TOS-LS,260,8198,50,0.7683779527559055,12198,12374,15699,1.2687085825117181,0.26870858251171814,4.34876338683048,1,1
EFRGP01_01,crop07,BA-TOS-LS,260,8202,53,0.9550277117973079,12062,12180,12512,1.0272577996715928,0.027257799671592774,0.06907619577795909,1,1
EFRGP01_01,crop07,BA-TOS-LS,260,8204,55,0.9585242534365619,12133,12280,12511,1.0188110749185668,0.018811074918566775,0.10440120575538077,1,1
EFRGP01_01,crop07,BA-TOS-LS,260,8205,46,0.7449387804582374,12290,12398,16390,1.3219874173253752,0.32198741732537506,5.541820596507952,1,0
EFRGP01_01,crop07,BA-TOS-LS,260,8208,51,0.9537029795886447,12195,12403,12579,1.0141901152946868,0.01419011529468677,0.11202054427364136,1,1
EFRGP01_01,crop07,BA-TOS-LS,260,8212,45,0.9507511228124516,12278,12425,12767,1.0275251509054326,0.027525150905432595,0.10011149968633336,1,1
EFRGP01_01,crop07,BA-TOS-LS,260,8213,48,0.9097677847401401,12341,12512,13394,1.070492327365729,0.0704923273657289,0.848831205478421,1,1
EFRGP01_01,crop07,BA-TOS-LS,260,8222,56,0.6294340013463829,12155,12348,19118,1.5482669258179462,0.5482669258179462,7.873625361269832,1,0
EFRGP01_01,crop07,BA-TOS-LS,260,8229,59,0.9606931862938165,12196,12341,12550,1.0169354185236203,0.016935418523620453,0.10614556142762666,1,1
EFRGP01_01,crop07,BA-TOS-LS,260,8230,52,0.9421221864951769,12306,12464,12904,1.0353016688061618,0.03530166880616174,0.3289218565542602,1,1
EFRGP01_01,crop07,BA-TOS-LS,260,8231,54,0.9528346087771358,12202,12392,12616,1.0180761781794707,0.018076178179470628,0.0661048383344325,1,1
EFRGP01_01,crop07,BA-TOS-LS,260,8232,57,0.9563261189977503,12328,12475,12744,1.0215631262525051,0.02156312625250501,0.1071966398098282,1,1
EFRGP01_01,crop07,BA-TOS-LS,260,8239,58,0.961780396528386,12079,12193,12445,1.0206675961617322,0.02066759616173214,0.06310984419894537,1,1
EFRGP01_01,crop07,BA-TOS-LS,260,8243,66,0.9619174225836722,12301,12492,12597,1.0084053794428434,0.00840537944284342,0.04257226614703665,1,1
EFRGP01_01,crop07,BA-TOS-LS,260,8244,62,0.9569606385476171,12229,12391,12617,1.018239044467759,0.01823904446775886,0.07500629811589127,1,1
EFRGP01_01,crop07,BA-TOS-LS,260,8251,71,0.8670283982806004,12304,12437,14058,1.1303368979657473,0.13033689796574738,2.3387537219514565,1,1
EFRGP01_01,crop07,BA-TOS-LS,260,8253,75,0.963145154993363,12335,12440,12702,1.0210610932475883,0.021061093247588425,0.03664427736024212,1,1
EFRGP01_01,crop07,BA-TOS-LS,260,8254,70,0.6075797072388209,12120,12261,19807,1.6154473533969498,0.6154473533969497,10.022904342408594,1,0
EFRGP01_01,crop07,BA-TOS-LS,260,8256,69,0.8492922564529559,12240,12377,14275,1.153348953704452,0.1533489537044518,2.0846612140878813,1,1
EFRGP01_01,crop07,BA-TOS-LS,260,8257,65,0.9557777951402453,12233,12394,12638,1.019686945296111,0.019686945296111022,0.06782332956544043,1,1
EFRGP01_01,crop07,BA-TOS-LS,260,8260,85,0.9603423904507618,12229,12385,12578,1.015583366976181,0.015583366976180863,0.03093066564869811,1,1
EFRGP01_01,crop07,BA-TOS-LS,260,8261,74,0.9524927604288956,12170,12375,12572,1.0159191919191919,0.01591919191919192,0.010302806389982403,1,1
EFRGP01_01,crop07,BA-TOS-LS,260,8263,79,0.9581790974245885,12166,12342,12521,1.014503321989953,0.014503321989953006,0.1285556630898552,1,1
EFRGP01_01,crop07,BA-TOS-LS,260,8264,81,0.955708739402583,12062,12249,12434,1.0151032737366317,0.015103273736631562,0.07250683705219574,1,1
EFRGP01_01,crop07,BA-TOS-LS,260,8267,83,0.961068463105123,12269,12365,12670,1.0246663970885563,0.02466639708855641,0.12194361507718321,1,1
EFRGP01_01,crop07,BA-TOS-LS,260,8272,86,0.9508019740900678,12330,12489,12809,1.025622547842101,0.025622547842101048,0.07816052151381538,1,1
EFRGP01_01,crop07,BA-TOS-LS,260,8273,88,0.9502607612672219,12208,12391,12664,1.02203212008716,0.022032120087160035,0.07370869089895726,1,1
EFRGP01_01,crop07,BA-TOS-LS,260,8274,80,0.9577225736769017,12414,12526,12850,1.0258661983075203,0.025866198307520356,0.04746851775125783,1,1
EFRGP01_01,crop07,BA-TOS-LS,260,8275,96,0.9732065001981768,12277,12349,12543,1.015709774070775,0.01570977407077496,0.03859865512127465,1,1
EFRGP01_01,crop07,BA-TOS-LS,260,8279,90,0.963012512788227,12237,12377,12567,1.0153510543750506,0.015351054375050497,0.01753295943989557,1,1
EFRGP01_01,crop07,BA-TOS-LS,260,8281,94,0.9611378827918545,12366,12498,12734,1.0188830212834052,0.018883021283405344,0.04777839892614456,1,1
EFRGP01_01,crop07,BA-TOS-LS,260,8282,87,0.9564742589703588,12262,12431,12651,1.0176976912557316,0.01769769125573164,0.03097088006994019,1,1
EFRGP01_01,crop07,BA-TOS-LS,260,8285,89,0.9645030425963489,12363,12491,12690,1.0159314706588745,0.01593147065887439,0.04475193756220087,1,1
EFRGP01_01,crop07,BA-TOS-LS,260,8297,92,0.9607227624224791,12548,12658,12951,1.0231474166534997,0.023147416653499762,0.04919109770200258,1,1
EFRGP01_01,crop07,BA-TOS-LS,260,8299,95,0.9523663183773817,12396,12582,12830,1.0197106978222858,0.019710697822285805,0.03023982478272256,1,1
EFRGP01_01,crop07,BA-TOS-LS,260,8304,100,0.9616414618777568,12209,12351,12554,1.0164359161201522,0.016435916120152213,0.027633067813833203,1,1
EFRGP01_01,crop07,BA-TOS-LS,260,8313,98,0.9435374149659864,12483,12668,13045,1.0297600252604988,0.029760025260498896,0.09043489011668,1,1
EFRGP01_01,crop07,BA-TOS-LS,260,8314,99,0.9651033386327504,12141,12269,12452,1.01491564104654,0.01491564104654006,0.014013902446275163,1,1
EFRGP01_01,crop07,BA-TOS-LS,260,8317,101,0.9590607137339718,12416,12534,12828,1.0234561991383437,0.023456199138343705,0.04828380101192967,1,1
EFRGP01_01,crop07,BA-TOS-LS,260,8320,103,0.7313352476669059,12225,12346,16595,1.3441600518386523,0.34416005183865217,5.020400692837616,1,0
EFRGP01_01,crop07,BA-TOS-LS,260,8330,107,0.9646408839779006,12222,12335,12557,1.0179975678962303,0.01799756789623024,0.03254303572604191,1,1
EFRGP01_01,crop07,BA-TOS-LS,260,8331,109,0.9551971326164874,12259,12378,12715,1.0272257230570367,0.027225723057036678,0.06792293558456128,1,1
EFRGP01_01,crop07,BA-TOS-LS,260,8332,114,0.9595034910783553,12368,12500,12758,1.02064,0.02064,0.07883659119604489,1,1
EFRGP01_01,crop07,BA-TOS-LS,260,8334,110,0.9569013413762997,12056,12216,12439,1.0182547478716437,0.018254747871643745,0.08613265748245795,1,1
EFRGP01_01,crop07,BA-TOS-LS,260,8340,113,0.7585335018963337,12000,12078,15742,1.3033614836893526,0.30336148368935256,1.9052890912368632,1,1
EFRGP01_01,crop07,BA-TOS-LS,260,8341,105,0.9647040449789162,12354,12447,12713,1.0213706113923033,0.021370611392303365,0.0974008080676803,1,1
EFRGP01_01,crop07,BA-TOS-LS,260,8342,106,0.962403039417445,12159,12372,12421,1.0039605560944067,0.003960556094406725,0.046567527267824954,1,1
EFRGP01_01,crop07,BA-TOS-LS,260,8346,108,0.96129185466635,12144,12293,12484,1.0155372976490686,0.015537297649068575,0.0912773504010209,1,1
EFRGP01_01,crop07,BA-TOS-LS,260,8349,116,0.7534094415303918,12209,12307,16107,1.3087673681644592,0.30876736816445927,5.128412051315952,1,1
EFRGP01_01,crop07,BA-TOS-LS,260,8357,119,0.9603851875048931,12267,12392,12648,1.0206584893479664,0.02065848934796643,0.07737754956913674,1,1
EFRGP01_01,crop07,BA-TOS-LS,260,8358,123,0.7072294046031654,12199,12433,17015,1.3685353494731762,0.36853534947317623,5.594733753166449,1,0
EFRGP01_01,crop07,BA-TOS-LS,260,8359,118,0.9575003935148748,12166,12320,12552,1.0188311688311689,0.01883116883116883,0.047435613393003076,1,1
EFRGP01_01,crop07,BA-TOS-LS,260,8364,120,0.9531310925680418,12222,12395,12650,1.0205728116175878,0.020572811617587738,0.058747348002310434,1,1
EFRGP01_01,crop07,BA-TOS-LS,260,8367,125,0.8955908032596042,12309,12456,13597,1.09160244059088,0.0916024405908799,1.4097711824583121,1,1
EFRGP01_01,crop07,BA-TOS-LS,260,8370,127,0.952444166796814,12197,12421,12582,1.0129619193301667,0.012961919330166653,0.05656892575589833,1,1
EFRGP01_01,crop07,BA-TOS-LS,260,8372,130,0.958617446508347,12231,12403,12587,1.0148351205353543,0.01483512053535435,0.07201040165338075,1,1
EFRGP01_01,crop07,BA-TOS-LS,260,8375,126,0.9719596473111447,12236,12320,12505,1.0150162337662338,0.015016233766233766,0.06386279405182543,1,1
EFRGP01_01,crop07,BA-TOS-LS,260,8376,128,0.9537275064267352,12614,12745,13095,1.027461749705767,0.027461749705766966,0.12727525746309465,1,1
EFRGP01_01,crop07,BA-TOS-LS,260,8378,132,0.8335951909283421,12203,12404,14438,1.1639793614962914,0.16397936149629153,1.9775584918691957,1,1
EFRGP01_01,crop07,BA-TOS-LS,260,8380,137,0.9605129408085074,12284,12391,12682,1.023484787345654,0.023484787345654103,0.17937271669481553,1,1
EFRGP01_01,crop07,BA-TOS-LS,260,8384,133,0.9498255137650252,12248,12404,12739,1.0270074169622703,0.027007416962270235,0.04712717882774738,1,1
EFRGP01_01,crop07,BA-TOS-LS,260,8385,134,0.9499065129323777,12193,12348,12681,1.0269679300291545,0.02696793002915452,0.06742152209904331,1,1
EFRGP01_01,crop07,BA-TOS-LS,260,8391,135,0.9499691643539933,12323,12527,12768,1.0192384449588887,0.0192384449588888,0.0627821192746656,1,1
EFRGP01_01,crop07,BA-TOS-LS,260,8396,138,0.9551317559547361,12070,12238,12469,1.0188756332734108,0.01887563327341069,0.07250421305698573,1,1
EFRGP01_01,crop07,BA-TOS-LS,260,8406,139,0.9562038117464022,12292,12436,12711,1.0221132196847862,0.022113219684786106,0.03127974699370797,1,1
EFRGP01_01,crop07,BA-TOS-LS,260,8407,146,0.9620233217774976,12210,12330,12572,1.0196269261962692,0.01962692619626926,0.13467133944075024,1,1
EFRGP01_01,crop07,BA-TOS-LS,260,8411,147,0.9516004329673728,12308,12423,12819,1.031876358367544,0.03187635836754407,0.1231400369294631,1,1
EFRGP01_01,crop07,BA-TOS-LS,260,8415,140,0.9572689633622373,12254,12383,12672,1.0233384478720826,0.023338447872082693,0.0735833483136902,1,1
EFRGP01_01,crop07,BA-TOS-LS,260,8416,143,0.9620963968179691,12336,12493,12665,1.013767709917554,0.01376770991755383,0.11929114962502496,1,1
EFRGP01_01,crop07,BA-TOS-LS,260,8417,153,0.9603045133224578,12362,12505,12730,1.0179928028788485,0.01799280287884846,0.03776158846219795,1,1
EFRGP01_01,crop07,BA-TOS-LS,260,8418,144,0.9656813041104438,12381,12493,12709,1.0172896822220443,0.017289682222044345,0.09193055208055385,1,1
EFRGP01_01,crop07,BA-TOS-LS,260,8419,141,0.9538949485572832,12331,12497,12761,1.021125070016804,0.021125070016804033,0.07857731446414408,1,1
EFRGP01_01,crop07,BA-TOS-LS,260,8420,142,0.9572622861161029,12252,12346,12705,1.029078243965657,0.02907824396565689,0.03586080808083357,1,1
EFRGP01_01,crop07,BA-TOS-LS,260,8429,156,0.8106207727851068,12105,12318,14720,1.1949991881798994,0.19499918817989934,3.339211299679372,1,1
EFRGP01_01,crop07,BA-TOS-LS,260,8430,154,0.9561843549145634,12199,12374,12583,1.0168902537578794,0.016890253757879423,0.028837339115008333,1,1
EFRGP01_01,crop07,BA-TOS-LS,260,8431,155,0.8928049137174613,12210,12347,13539,1.0965416700413055,0.09654167004130558,1.2315898400188041,1,1
EFRGP01_01,crop07,BA-TOS-LS,260,8435,151,0.6481540759709774,12149,12291,18602,1.5134651370921812,0.5134651370921812,6.17394184555684,1,0
EFRGP01_01,crop07,BA-TOS-LS,260,8438,152,0.9661381563222055,12126,12233,12444,1.01724842638764,0.01724842638763999,0.0667574670967644,1,1
EFRGP01_01,crop07,BA-TOS-LS,260,8439,148,0.9599683544303798,12134,12300,12474,1.0141463414634146,0.014146341463414635,0.032779291045637586,1,1
EFRGP01_01,crop07,BA-TOS-LS,260,8441,159,0.954991752415364,12158,12328,12561,1.0189000648929267,0.01890006489292667,0.06951140490916216,1,1
EFRGP01_01,crop07,BA-TOS-LS,260,8447,167,0.9677161579031485,12110,12225,12399,1.0142331288343558,0.014233128834355829,0.016435841742292828,1,1
EFRGP01_01,crop07,BA-TOS-LS,260,8448,165,0.7737254153141111,12156,12322,15545,1.2615646810582697,0.26156468105826974,3.8867126661601485,1,1
EFRGP01_01,crop07,BA-TOS-LS,260,8449,166,0.9541960784313726,12166,12373,12543,1.013739594277863,0.01373959427786309,0.0580426834635584,1,1
EFRGP01_01,crop07,BA-TOS-LS,260,8450,160,0.9555107735234847,12328,12467,12763,1.0237426806769871,0.023742680676987246,0.03354758123588987,1,1
EFRGP01_01,crop07,BA-TOS-LS,260,8453,164,0.6858656074147633,12432,12528,18030,1.439176245210728,0.43917624521072796,4.459680512305796,1,0
EFRGP01_01,crop07,BA-TOS-LS,260,8455,162,0.9622912838539586,12045,12207,12355,1.012124191037929,0.012124191037929057,0.08897684578119691,1,1
EFRGP01_01,crop07,BA-TOS-LS,260,8460,168,0.9576330805909482,12251,12427,12617,1.0152892894503902,0.01528928945039028,0.05138097731538743,1,1
EFRGP01_01,crop07,BA-TOS-LS,260,8462,169,0.9548760459842027,12210,12379,12618,1.0193068907019953,0.019306890701995316,0.01656387186821014,1,1
EFRGP01_01,crop07,BA-TOS-LS,260,8465,172,0.9435006234413965,12107,12330,12609,1.0226277372262773,0.022627737226277374,0.07754006933519653,1,1
EFRGP01_01,crop07,BA-TOS-LS,260,8466,170,0.9539084397383992,12252,12438,12658,1.0176877311464865,0.017687731146486575,0.06344917040183827,1,1
EFRGP01_01,crop07,BA-TOS-LS,260,8468,174,0.6338440970793912,12327,12483,19292,1.5454618280861971,0.5454618280861973,8.584026779828637,1,0
EFRGP01_01,crop07,BA-TOS-LS,260,8472,171,0.734529740111638,12238,12424,16475,1.3260624597553123,0.3260624597553123,5.663912680631997,1,0
EFRGP01_01,crop07,BA-TOS-LS,260,8473,175,0.952783650458069,12168,12361,12578,1.0175552139794515,0.0175552139794515,0.071816480054145,1,1
EFRGP01_01,crop07,BA-TOS-LS,260,8478,173,0.9557314111102405,12198,12384,12577,1.0155846253229974,0.015584625322997417,0.09952271821364962,1,1
EFRGP01_01,crop07,BA-TOS-LS,260,8484,180,0.9482865560552024,12231,12447,12682,1.0188800514180123,0.018880051418012373,0.07208371424783135,1,1
EFRGP01_01,crop07,BA-TOS-LS,260,8486,178,0.9586776859504132,12296,12428,12694,1.021403282909559,0.02140328290955906,0.03272857369049483,1,1
EFRGP01_01,crop07,BA-TOS-LS,260,8489,176,0.9483188044831881,12184,12409,12623,1.0172455475864293,0.017245547586429204,0.06968508854919742,1,1
EFRGP01_01,crop07,BA-TOS-LS,260,8495,182,0.9659206114013882,12386,12550,12659,1.0086852589641435,0.008685258964143426,0.07832130274072875,1,1
EFRGP01_01,crop07,BA-TOS-LS,260,8497,185,0.9708923174805153,12208,12260,12522,1.0213703099510603,0.02137030995106036,0.05038859016769215,1,1
EFRGP01_01,crop07,BA-TOS-LS,260,8499,181,0.9635502958579881,12213,12349,12539,1.0153858612033364,0.015385861203336303,0.0554906260364993,1,1
EFRGP01_01,crop07,BA-TOS-LS,260,8507,190,0.7887333074030857,12167,12283,15310,1.2464381665716844,0.24643816657168444,2.0530192701513075,1,1
EFRGP01_01,crop07,BA-TOS-LS,260,8508,191,0.9541047693510555,12203,12426,12567,1.0113471752776437,0.01134717527764365,0.06658036571898374,1,1
EFRGP01_01,crop07,BA-TOS-LS,260,8509,188,0.9559962079317428,12101,12267,12492,1.0183418928833456,0.018341892883345562,0.04698813087527569,1,1
EFRGP01_01,crop07,BA-TOS-LS,260,8515,187,0.9536733738886289,12228,12430,12620,1.0152855993563958,0.015285599356395816,0.03968121604650153,1,1
EFRGP01_01,crop07,BA-TOS-LS,260,8516,184,0.9559990571226527,12167,12323,12571,1.0201249695690984,0.020124969569098435,0.021078474878022273,1,1
EFRGP01_01,crop07,BA-TOS-LS,260,8522,198,0.955252618607517,12403,12531,12856,1.0259356795148034,0.025935679514803286,0.06956672682815009,1,1
EFRGP01_01,crop07,BA-TOS-LS,260,8523,193,0.9686911487758946,12345,12452,12637,1.0148570510761323,0.014857051076132348,0.03441568848452052,1,1
EFRGP01_01,crop07,BA-TOS-LS,260,8530,203,0.5686091975423571,12216,12344,21356,1.7300712896953985,0.7300712896953986,8.683749036626399,1,0
EFRGP01_01,crop07,BA-TOS-LS,260,8531,194,0.9548483185701968,12181,12358,12580,1.0179640718562875,0.017964071856287425,0.03014619575699528,1,1
EFRGP01_01,crop07,BA-TOS-LS,260,8536,199,0.9615232989040448,12195,12302,12576,1.0222728011705413,0.022272801170541374,0.058266217621608704,1,1
EFRGP01_01,crop07,BA-TOS-LS,260,8539,200,0.9547299406806119,12232,12394,12650,1.02065515572051,0.020655155720509924,0.0711561288674149,1,1
EFRGP01_01,crop07,BA-TOS-LS,260,8540,201,0.9568333989759747,12147,12296,12546,1.0203318152244631,0.02033181522446324,0.039261105665389026,1,1
EFRGP01_01,crop07,BA-TOS-LS,260,8541,210,0.9559669161087042,12136,12293,12538,1.0199300414870252,0.019930041487025135,0.10859601499501607,1,1
EFRGP01_01,crop07,BA-TOS-LS,260,8542,208,0.9559019346753348,12204,12366,12605,1.0193271874494583,0.019327187449458192,0.08166958428999134,1,1
EFRGP01_01,crop07,BA-TOS-LS,260,8543,212,0.9560465297837458,12246,12386,12669,1.0228483772000645,0.02284837720006459,0.11143732465125136,1,1
EFRGP01_01,crop07,BA-TOS-LS,260,8544,209,0.9582972696514281,12179,12389,12499,1.008878844135927,0.008878844135927032,0.08424862346715513,1,1
EFRGP01_01,crop07,BA-TOS-LS,260,8545,205,0.9636648394675019,12306,12424,12652,1.018351577591758,0.018351577591757887,0.08403285089560947,1,1
EFRGP01_01,crop07,BA-TOS-LS,260,8546,202,0.6847984731110363,12199,12353,17660,1.4296122399417146,0.42961223994171455,6.892835462257316,1,0
EFRGP01_01,crop07,BA-TOS-LS,260,8548,213,0.9483571704677233,12267,12451,12751,1.0240944502449603,0.024094450244960243,0.04349594894124618,1,1
EFRGP01_01,crop07,BA-TOS-LS,260,8552,206,0.9595895816890292,12158,12259,12569,1.0252875438453382,0.025287543845338118,0.12014626281767289,1,1
EFRGP01_01,crop07,BA-TOS-LS,260,8559,214,0.9486317435496482,12133,12334,12589,1.020674558131993,0.020674558131992864,0.09996504759332372,1,1
EFRGP01_01,crop07,BA-TOS-LS,260,8561,217,0.9589356632247815,12073,12166,12497,1.027206970244945,0.02720697024494493,0.10011269497471587,1,1
EFRGP01_01,crop07,BA-TOS-LS,260,8562,216,0.9036510405095164,12202,12347,13358,1.0818822386004698,0.08188223860046975,1.0752249571338053,1,1
EFRGP01_01,crop07,BA-TOS-LS,260,8567,211,0.9553903345724907,12079,12218,12504,1.0234080864298576,0.02340808642985759,0.0372948327847275,1,1
EFRGP01_01,crop07,BA-TOS-LS,260,8572,219,0.9555326569435637,12055,12181,12490,1.0253673754207373,0.025367375420737213,0.039721270553318755,1,1
EFRGP01_01,crop07,BA-TOS-LS,260,8573,215,0.9493183393668644,12325,12557,12751,1.015449550051764,0.015449550051763957,0.0343725922148465,1,1
EFRGP01_01,crop07,BA-TOS-LS,260,8577,226,0.9503129890453834,12145,12375,12550,1.0141414141414142,0.014141414141414142,0.1285003045318699,1,1
EFRGP01_01,crop07,BA-TOS-LS,260,8581,222,0.9625941028858218,12275,12413,12614,1.0161927012003544,0.016192701200354466,0.030382847029559283,1,1
EFRGP01_01,crop07,BA-TOS-LS,260,8582,227,0.9673630271974774,12271,12413,12543,1.0104728913236123,0.010472891323612342,0.10176945434844924,1,1
EFRGP01_01,crop07,BA-TOS-LS,260,8585,228,0.7075989598381971,12245,12426,17124,1.3780782230806374,0.3780782230806374,5.75522455954063,1,0
EFRGP01_01,crop07,BA-TOS-LS,260,8591,225,0.9536673472593058,12144,12308,12570,1.0212869678258043,0.021286967825804356,0.032660058989141046,1,1
EFRGP01_01,crop07,BA-TOS-LS,260,8592,221,0.9569377990430622,12200,12348,12601,1.0204891480401685,0.020489148040168447,0.07643720336633394,1,1
EFRGP01_01,crop07,BA-TOS-LS,260,8593,224,0.9554095282797466,12213,12353,12643,1.0234760786853396,0.023476078685339595,0.06889441110512047,1,1
EFRGP01_01,crop07,BA-TOS-LS,260,8598,223,0.7975268467295802,12254,12422,15197,1.2233939784253742,0.22339397842537434,3.8527585192654143,1,1
EFRGP01_01,crop07,BA-TOS-LS,260,8608,230,0.9471403142171658,12238,12529,12630,1.0080612977891292,0.00806129778912922,0.05374958994090082,1,1
EFRGP01_01,crop07,BA-TOS-LS,260,8609,235,0.960127591706539,12642,12767,13042,1.0215399075742149,0.021539907574214773,0.0840976237220375,1,1
EFRGP01_01,crop07,BA-TOS-LS,260,8612,233,0.9655172413793104,12236,12386,12523,1.0110608751816568,0.01106087518165671,0.05438795738095333,1,1
EFRGP01_01,crop07,BA-TOS-LS,260,8616,239,0.9572981366459627,12330,12510,12700,1.0151878497202238,0.015187849720223821,0.07885030043473804,1,1
EFRGP01_01,crop07,BA-TOS-LS,260,8618,236,0.9554140127388535,12150,12342,12525,1.014827418570734,0.014827418570734078,0.05508451733529169,1,1
EFRGP01_01,crop07,BA-TOS-LS,260,8619,244,0.95088868101029,12198,12359,12667,1.0249211101221782,0.02492111012217817,0.04088232162338366,1,1
EFRGP01_01,crop07,BA-TOS-LS,260,8620,241,0.6853024307518372,12123,12297,17516,1.4244124583231683,0.42441245832316826,5.654709951041599,1,0
EFRGP01_01,crop07,BA-TOS-LS,260,8623,245,0.9539989139709875,12298,12446,12743,1.0238630885425035,0.023863088542503616,0.012459922496887158,1,1
EFRGP01_01,crop07,BA-TOS-LS,260,8628,234,0.8578768312157189,12356,12502,14257,1.140377539593665,0.140377539593665,1.5485345719625436,1,1
EFRGP01_01,crop07,BA-TOS-LS,260,8629,237,0.956826597337115,12145,12335,12503,1.0136197811106606,0.013619781110660721,0.07753849147756503,1,1
EFRGP01_01,crop07,BA-TOS-LS,260,8630,238,0.9520341934462562,12028,12230,12432,1.016516762060507,0.01651676206050695,0.043865337240359466,1,1
EFRGP01_01,crop07,BA-TOS-LS,260,8631,240,0.9545740828216029,12125,12305,12522,1.017635107679805,0.017635107679804956,0.08128854916827266,1,1
EFRGP01_01,crop07,BA-TOS-LS,260,8635,243,0.9562841530054644,12250,12427,12633,1.0165768085620022,0.016576808562002093,0.11585896856753677,1,1
EFRGP01_01,crop07,BA-TOS-LS,260,8639,249,0.9581127005453253,12123,12340,12436,1.0077795786061587,0.007779578606158833,0.0678025751947486,1,1
EFRGP01_01,crop07,BA-TOS-LS,260,8640,248,0.9603763055090488,12046,12203,12386,1.014996312382201,0.014996312382201098,0.03485491496563919,1,1
EFRGP01_01,crop07,BA-TOS-LS,260,8644,246,0.9581887030609025,12146,12308,12514,1.0167370815729606,0.016737081572960676,0.041650168634304666,1,1
EFRGP01_01,crop07,BA-TOS-LS,260,8650,254,0.9624766935985084,12389,12545,12716,1.0136309286568355,0.013630928656835392,0.08021821130026915,1,1
EFRGP01_01,crop07,BA-TOS-LS,260,8652,258,0.9627458542229078,12482,12590,12857,1.0212073073868149,0.021207307386814932,0.06422721152222106,1,1
EFRGP01_01,crop07,BA-TOS-LS,260,8656,256,0.9562858471554798,12338,12472,12768,1.023733162283515,0.023733162283515075,0.03898442370384139,1,1
EFRGP01_01,crop07,BA-TOS-LS,260,8657,253,0.7082970446495964,12199,12301,17121,1.3918380619461832,0.39183806194618326,5.264660326502753,1,0
EFRGP01_01,crop07,BA-TOS-LS,260,8659,260,0.9511894680113943,12355,12419,12925,1.0407440212577501,0.04074402125775022,0.2678607206023729,1,1
EFRGP01_01,crop07,BA-TOS-LS,260,8661,263,0.962510829329763,12221,12316,12602,1.0232218252679441,0.023221825267944137,0.012932494672846054,1,1
EFRGP01_01,crop07,BA-TOS-LS,260,8665,257,0.95375,12208,12410,12598,1.0151490733279613,0.015149073327961322,0.08384355598579218,1,1
EFRGP01_01,crop07,BA-TOS-LS,260,8666,265,0.9505267979844251,12450,12629,12919,1.0229630216169134,0.022963021616913454,0.029664727354597274,1,1
EFRGP01_01,crop07,BA-TOS-LS,260,8669,262,0.9531555486040509,12188,12349,12626,1.0224309660701272,0.022430966070127137,0.0402627731063932,1,1
EFRGP01_01,crop07,BA-TOS-LS,260,8670,259,0.6818461883156892,12173,12284,17742,1.4443178117876914,0.4443178117876913,5.3626046881626594,1,0
EFRGP01_01,crop07,BA-TOS-LS,260,8679,261,0.9549921996879875,12243,12449,12614,1.0132540766326612,0.013254076632661259,0.041957048903970375,1,1
EFRGP01_01,crop07,BA-TOS-LS,260,8680,271,0.9549079996841191,12092,12210,12545,1.0274365274365274,0.027436527436527438,0.08870199088771574,1,1
EFRGP01_01,crop07,BA-TOS-LS,260,8681,264,0.9543321864247732,12204,12351,12641,1.023479880171646,0.023479880171646022,0.021857541573871996,1,1
EFRGP01_01,crop07,BA-TOS-LS,260,8685,273,0.961737089201878,12291,12444,12627,1.0147058823529411,0.014705882352941176,0.0834604097285624,1,1
EFRGP01_01,crop07,BA-TOS-LS,260,8686,277,0.955617846297594,12273,12469,12647,1.0142754029994385,0.014275402999438608,0.059595807267776,1,1
EFRGP01_01,crop07,BA-TOS-LS,260,8689,267,0.951905976958169,12311,12465,12779,1.0251905334937825,0.025190533493782592,0.07409695073483068,1,1
EFRGP01_01,crop07,BA-TOS-LS,260,8694,270,0.961635022752236,12257,12380,12623,1.0196284329563812,0.01962843295638126,0.02427636074128449,1,1
EFRGP01_01,crop07,BA-TOS-LS,260,8700,279,0.9324667333282055,12123,12293,12831,1.043764744163345,0.04376474416334499,0.5523498830923897,1,1
EFRGP01_01,crop07,BA-TOS-LS,260,8701,272,0.9446646459936271,12155,12355,12667,1.0252529340348038,0.025252934034803724,0.07170949356294276,1,1
EFRGP01_01,crop07,BA-TOS-LS,260,8702,280,0.9594583894211735,12117,12290,12456,1.013506916192026,0.013506916192026038,0.09520959039296514,1,1
EFRGP01_01,crop07,BA-TOS-LS,260,8705,278,0.9581698320514833,12209,12378,12573,1.015753756665051,0.015753756665050897,0.03977770565125389,1,1
EFRGP01_01,crop07,BA-TOS-LS,260,8712,284,0.9532754167644987,12180,12385,12572,1.01509890997174,0.015098909971740009,0.041383925507273295,1,1
EFRGP01_01,crop07,BA-TOS-LS,260,8714,283,0.9630495790458372,12354,12474,12708,1.0187590187590188,0.01875901875901876,0.058591557266522355,1,1
EFRGP01_01,crop07,BA-TOS-LS,260,8716,290,0.9646256345177665,12162,12280,12490,1.017100977198697,0.01710097719869707,0.049240281204791694,1,1
EFRGP01_01,crop07,BA-TOS-LS,260,8717,281,0.9566622015601608,12141,12344,12488,1.0116655865197668,0.011665586519766688,0.06996864754803742,1,1
EFRGP01_01,crop07,BA-TOS-LS,260,8724,291,0.9656936029585333,12273,12408,12574,1.013378465506125,0.01337846550612508,0.04373161565069386,1,1
EFRGP01_01,crop07,BA-TOS-LS,260,8725,292,0.9624416857752827,12172,12290,12529,1.019446704637917,0.019446704637917006,0.07841226206449949,1,1
EFRGP01_01,crop07,BA-TOS-LS,260,8729,296,0.802713282937365,11893,12063,14646,1.2141258393434469,0.2141258393434469,2.182737776253475,1,1
EFRGP01_01,crop07,BA-TOS-LS,260,8730,293,0.9585661080074488,12354,12497,12745,1.0198447627430582,0.019844762743058336,0.040187246169273154,1,1
EFRGP01_01,crop07,BA-TOS-LS,260,8737,300,0.9543539325842697,12231,12417,12630,1.0171539019086735,0.017153901908673594,0.12567558119844244,1,1
EFRGP01_01,crop07,BA-TOS-LS,260,8738,294,0.9526650139448404,12297,12519,12686,1.0133397236200974,0.013339723620097452,0.08182005906846171,1,1
EFRGP01_01,crop07,BA-TOS-LS,260,8742,298,0.9595991230817413,12256,12394,12634,1.0193642084879782,0.019364208487978055,0.04342332734932669,1,1
EFRGP01_01,crop07,BA-TOS-LS,260,8749,299,0.9598356206869815,12379,12509,12767,1.0206251498920778,0.020625149892077706,0.02103460054489908,1,1
EFRGP01_01,crop07,BA-TOS-LS,260,8750,301,0.9583595223130107,12198,12338,12588,1.020262603339277,0.02026260333927703,0.06718406520538701,1,1
EFRGP01_01,crop07,BA-TOS-LS,260,8753,305,0.9540157972941269,12199,12371,12615,1.0197235470050925,0.019723547005092556,0.07164907006160247,1,1
EFRGP01_01,crop07,BA-TOS-LS,260,8754,302,0.9574280445762847,11942,12103,12312,1.0172684458398744,0.01726844583987441,0.009997651788075075,1,1
EFRGP01_01,crop07,BA-TOS-LS,260,8758,307,0.9629861002655006,12332,12432,12706,1.022039897039897,0.02203989703989704,0.006948954091520775,1,1
EFRGP01_01,crop07,BA-TOS-LS,260,8759,312,0.8142790480634624,12215,12342,14874,1.205153135634419,0.20515313563441906,3.4117073308513635,1,1
EFRGP01_01,crop07,BA-TOS-LS,260,8763,310,0.9590459752079084,12224,12342,12628,1.0231729055258467,0.023172905525846704,0.05992677120345579,1,1
EFRGP01_01,crop07,BA-TOS-LS,260,8765,306,0.9609571788413098,12208,12361,12551,1.0153709246824691,0.015370924682469056,0.039407005294586885,1,1
EFRGP01_01,crop07,BA-TOS-LS,260,8768,304,0.9564670752789565,12172,12318,12580,1.021269686637441,0.021269686637441144,0.13981045565916134,1,1
EFRGP01_01,crop07,BA-TOS-LS,260,8770,311,0.6913720586563601,12164,12312,17446,1.4169915529564652,0.41699155295646523,5.409848867813416,1,0
EFRGP01_01,crop07,BA-TOS-LS,260,8773,309,0.9567028131384567,12175,12304,12597,1.0238133940182055,0.023813394018205463,0.07333169089199519,1,1
EFRGP01_01,crop07,BA-TOS-LS,260,8776,314,0.75539920464974,12347,12552,16140,1.28585086042065,0.2858508604206501,3.812344164592227,1,1
EFRGP01_01,crop07,BA-TOS-LS,260,8779,316,0.9492569492569493,12328,12480,12835,1.0284455128205128,0.02844551282051282,0.07241933903685231,1,1
EFRGP01_01,crop07,BA-TOS-LS,260,8780,313,0.9662140827281339,12240,12370,12538,1.0135812449474535,0.013581244947453516,0.039226504357514326,1,1
EFRGP01_01,crop07,BA-TOS-LS,260,8783,308,0.9474129966122574,12305,12513,12780,1.021337808678974,0.021337808678973866,0.04134337944440092,1,1
EFRGP01_01,crop07,BA-TOS-LS,260,8785,317,0.9494658036340949,12175,12386,12612,1.0182464072339739,0.018246407233973843,0.05619844410993471,1,1
EFRGP01_01,crop07,BA-TOS-LS,260,8788,315,0.9620302816348945,12263,12375,12635,1.021010101010101,0.02101010101010101,0.04555408330809121,1,1
EFRGP01_01,crop07,BA-TOS-LS,260,8790,322,0.948171206225681,12184,12405,12629,1.0180572349858927,0.018057234985892786,0.08287117508391452,1,1
EFRGP01_01,crop07,BA-TOS-LS,260,8793,319,0.9585350616898329,12275,12419,12662,1.0195667928174572,0.019566792817457122,0.032999694735354086,1,1
EFRGP01_01,crop07,BA-TOS-LS,260,8794,318,0.9567085787044406,12022,12171,12417,1.0202119792950457,0.0202119792950456,0.04398547259064772,1,1
EFRGP01_01,crop07,BA-TOS-LS,260,8795,320,0.7139984623573244,12073,12233,16749,1.36916537235347,0.36916537235347013,5.6436686114063015,1,0
EFRGP01_01,crop07,BA-TOS-LS,260,8797,326,0.960588051298092,12284,12385,12687,1.0243843358901898,0.024384335890189745,0.038633441603431795,1,1
EFRGP01_01,crop07,BA-TOS-LS,260,8799,330,0.948102548118133,12167,12358,12642,1.0229810648972326,0.02298106489723256,0.12841685092005456,1,1
EFRGP01_01,crop07,BA-TOS-LS,260,8800,333,0.9599407684514067,12317,12429,12719,1.0233325287633759,0.023332528763375975,0.057633990788480194,1,1
EFRGP01_01,crop07,BA-TOS-LS,260,8801,331,0.9544280009396289,12189,12366,12594,1.0184376516254245,0.018437651625424552,0.06214793750657419,1,1
EFRGP01_01,crop07,BA-TOS-LS,260,8808,334,0.9526484125126765,12212,12416,12615,1.016027706185567,0.01602770618556701,0.05814332285221366,1,1
EFRGP01_01,crop07,BA-TOS-LS,260,8809,329,0.9563813872923392,12147,12324,12524,1.0162284972411555,0.01622849724115547,0.044659325358727964,1,1
EFRGP01_01,crop07,BA-TOS-LS,260,8810,325,0.9589289945501935,12141,12272,12530,1.0210234680573664,0.02102346805736636,0.013172080478230793,1,1
EFRGP01_01,crop07,BA-TOS-LS,260,8816,332,0.9599314000623635,12314,12421,12721,1.0241526447145963,0.024152644714596248,0.08525066615913061,1,1
EFRGP01_01,crop07,BA-TOS-LS,260,8827,335,0.9490018714909545,12170,12414,12580,1.0133719993555663,0.013371999355566296,0.009857492239906472,1,1
EFRGP01_01,crop07,BA-TOS-LS,260,8828,343,0.9527973380793934,12313,12495,12741,1.01968787515006,0.019687875150060024,0.0606022823866903,1,1
EFRGP01_01,crop07,BA-TOS-LS,260,8835,340,0.4550091210304903,12222,12342,26741,2.1666666666666665,1.1666666666666667,6.695292251117517,0,0
EFRGP01_01,crop07,BA-TOS-LS,260,8836,344,0.9604533206530353,12119,12220,12517,1.0243044189852701,0.02430441898527005,0.07400848450539343,1,1
EFRGP01_01,crop07,BA-TOS-LS,260,8845,347,0.9542206517471535,12152,12352,12535,1.0148154145077721,0.014815414507772021,0.027304461295689666,1,1
EFRGP01_01,crop07,BA-TOS-LS,260,8846,339,0.958498023715415,12125,12243,12532,1.023605325492118,0.023605325492117944,0.056180192369192285,1,1
EFRGP01_01,crop07,BA-TOS-LS,260,8851,348,0.9617065226026853,12105,12218,12474,1.020952692748404,0.020952692748403993,0.053249632595535064,1,1
EFRGP01_01,crop07,BA-TOS-LS,260,8854,353,0.9633099141295862,12340,12448,12702,1.020404884318766,0.020404884318766067,0.06204986124878783,1,1
EFRGP01_01,crop07,BA-TOS-LS,260,8855,350,0.9609558019678276,12306,12441,12671,1.0184872598665702,0.01848725986657021,0.03794913755554434,1,1
EFRGP01_01,crop07,BA-TOS-LS,260,8862,352,0.9353881278538813,12291,12603,12828,1.0178528921685313,0.017852892168531302,0.059347815413672386,1,1
EFRGP01_01,crop07,BA-TOS-LS,260,8863,358,0.9551519936833794,12097,12264,12498,1.0190802348336594,0.01908023483365949,0.0827324000662734,1,1
EFRGP01_01,crop07,BA-TOS-LS,260,8866,349,0.9525150590628179,12176,12329,12630,1.0244139832914267,0.024413983291426716,0.07122602732565488,1,1
EFRGP01_01,crop07,BA-TOS-LS,260,8872,355,0.9511000602772754,12623,12776,13119,1.0268472135253601,0.02684721352536005,0.050126501577812975,1,1
EFRGP01_01,crop07,BA-TOS-LS,260,8873,351,0.9085145595281976,12324,12409,13480,1.0863083246031107,0.08630832460311065,1.1847751181532178,1,1
EFRGP01_01,crop07,BA-TOS-LS,260,8876,354,0.9558144991006491,12222,12421,12588,1.0134449722244585,0.013444972224458578,0.11677219392763433,1,1
EFRGP01_01,crop07,BA-TOS-LS,260,8879,356,0.954179175225154,12078,12269,12467,1.016138234574945,0.016138234574944982,0.07153046289593307,1,1
EFRGP01_01,crop07,BA-TOS-LS,260,8884,357,0.6090078328981723,12129,12342,19703,1.5964187327823691,0.5964187327823691,8.680776608705166,1,0
EFRGP01_01,crop07,BA-TOS-LS,260,8885,367,0.9735615557698489,12115,12214,12345,1.0107253970853118,0.010725397085311937,0.0276437609929034,1,1
EFRGP01_01,crop07,BA-TOS-LS,260,8886,363,0.7691871097937819,12197,12378,15676,1.2664404588786558,0.2664404588786557,3.7388717522529915,1,1
EFRGP01_01,crop07,BA-TOS-LS,260,8887,360,0.9617164823095631,12259,12461,12545,1.0067410320199022,0.006741032019902095,0.045414095052780414,1,1
EFRGP01_01,crop07,BA-TOS-LS,260,8890,370,0.6097829348804641,12192,12309,19877,1.614834673815907,0.6148346738159071,7.020971219364048,1,0
EFRGP01_01,crop07,BA-TOS-LS,260,8892,361,0.9494918147257351,12238,12411,12716,1.0245749738135526,0.024574973813552493,0.03902624586430315,1,1
EFRGP01_01,crop07,BA-TOS-LS,260,8896,375,0.9632250038874203,12389,12528,12723,1.0155651340996168,0.015565134099616858,0.06293004002309757,1,1
EFRGP01_01,crop07,BA-TOS-LS,260,8899,362,0.8196105227195081,11995,12170,14460,1.1881676253081348,0.18816762530813474,2.0637667749010005,1,1
EFRGP01_01,crop07,BA-TOS-LS,260,8900,366,0.7325206167084977,12258,12371,16621,1.3435453884083743,0.3435453884083744,4.769001041875107,1,0
EFRGP01_01,crop07,BA-TOS-LS,260,8903,369,0.9602277219894046,12144,12295,12496,1.0163481089873931,0.01634810898739325,0.06042308393115954,1,1
EFRGP01_01,crop07,BA-TOS-LS,260,8905,373,0.919798556825015,12237,12433,13108,1.0542909997587067,0.054290999758706666,0.6090957495762556,1,1
EFRGP01_01,crop07,BA-TOS-LS,260,8906,368,0.7971774454586651,12314,12427,15334,1.2339261285909713,0.23392612859097128,4.04969616492739,1,1
EFRGP01_01,crop07,BA-TOS-LS,260,8907,371,0.5044527434645217,12292,12375,24284,1.9623434343434343,0.9623434343434344,6.661871221805506,1,0
EFRGP01_01,crop07,BA-TOS-LS,260,8910,372,0.9573165947430364,12201,12334,12612,1.0225393221988002,0.022539322198800064,0.06477135394306605,1,1
EFRGP01_01,crop07,BA-TOS-LS,260,8918,376,0.6183402155302649,12279,12354,19783,1.6013436943500081,0.6013436943500081,7.263486990648578,1,0
EFRGP01_01,crop07,BA-TOS-LS,260,8920,374,0.7776581597112279,12280,12487,15584,1.2480179386562025,0.24801793865620245,4.122757656665636,1,1
EFRGP01_01,crop07,BA-TOS-LS,260,8926,377,0.7491276400367309,12237,12333,16239,1.3167112624665531,0.3167112624665531,3.899083941732871,1,0
EFRGP01_01,crop07,BA-TOS-LS,260,8935,378,0.7256413273711462,12333,12388,16941,1.3675330965450436,0.36753309654504357,4.357863442894483,1,0
EFRGP01_01,crop07,BA-TOS-LS,260,8937,379,0.6645503803842154,12142,12265,18148,1.4796575621687729,0.4796575621687729,5.657014254815022,1,0
EFRGP01_01,crop07,BA-TOS-LS,260,8938,380,0.6537598803674428,12241,12339,18626,1.5095226517545992,0.5095226517545992,4.598507053491799,1,0
EFRGP01_01,crop07,BA-TOS-LS,260,8942,388,0.6977450373952652,12408,12548,17643,1.4060408033152694,0.40604080331526937,3.733144403774917,1,0
EFRGP01_01,crop07,BA-TOS-LS,260,8948,385,0.8677070153240546,12344,12437,14133,1.1363672911473828,0.1363672911473828,1.2857346289374445,1,1
